extreme,rank,metric_key,metric_label,codebase_id,codebase_name,programming_language,version_id,version_number,sample_number,metric_level,file_path,function_name,function_start_line,function_end_line,value
min,1,lines_of_code,Lines Of Code/File,a81fc79f-6ea8-409c-8690-f034ab9400d8,BinaryAnalysisPlatform__bap (sample analysis: 10 samples),Ocaml,79e5d616-c487-4523-b0f9-b6bc30e4a720,7,7,file,lib/bap/bap_init_toplevel.mli,,,,0
min,2,lines_of_code,Lines Of Code/File,a81fc79f-6ea8-409c-8690-f034ab9400d8,BinaryAnalysisPlatform__bap (sample analysis: 10 samples),Ocaml,79e5d616-c487-4523-b0f9-b6bc30e4a720,7,7,file,lib/bap_api/bap_api_attr.ml,,,,0
min,3,lines_of_code,Lines Of Code/File,a81fc79f-6ea8-409c-8690-f034ab9400d8,BinaryAnalysisPlatform__bap (sample analysis: 10 samples),Ocaml,79e5d616-c487-4523-b0f9-b6bc30e4a720,7,7,file,lib/bap_api/bap_api_attr.mli,,,,0
min,4,lines_of_code,Lines Of Code/File,a81fc79f-6ea8-409c-8690-f034ab9400d8,BinaryAnalysisPlatform__bap (sample analysis: 10 samples),Ocaml,79e5d616-c487-4523-b0f9-b6bc30e4a720,7,7,file,plugins/beagle/beagle_main.mli,,,,0
min,5,lines_of_code,Lines Of Code/File,a81fc79f-6ea8-409c-8690-f034ab9400d8,BinaryAnalysisPlatform__bap (sample analysis: 10 samples),Ocaml,79e5d616-c487-4523-b0f9-b6bc30e4a720,7,7,file,plugins/cxxfilt/cxxfilt_main.mli,,,,0
max,1,lines_of_code,Lines Of Code/File,a81fc79f-6ea8-409c-8690-f034ab9400d8,BinaryAnalysisPlatform__bap (sample analysis: 10 samples),Ocaml,79e5d616-c487-4523-b0f9-b6bc30e4a720,7,7,file,lib/bap/bap.mli,,,,11513
max,2,lines_of_code,Lines Of Code/File,a81fc79f-6ea8-409c-8690-f034ab9400d8,BinaryAnalysisPlatform__bap (sample analysis: 10 samples),Ocaml,79e5d616-c487-4523-b0f9-b6bc30e4a720,7,7,file,lib/bap_core_theory/bap_core_theory.mli,,,,4720
max,3,lines_of_code,Lines Of Code/File,729d4ded-b025-47be-ae9b-ed0561b8f9e6,bcpierce00__unison (sample analysis: 10 samples),Ocaml,d590ca73-3c0e-4043-8b8f-ddcbc5f16929,7,7,file,src/strings.ml,,,,4695
max,4,lines_of_code,Lines Of Code/File,a81fc79f-6ea8-409c-8690-f034ab9400d8,BinaryAnalysisPlatform__bap (sample analysis: 10 samples),Ocaml,79e5d616-c487-4523-b0f9-b6bc30e4a720,7,7,file,lib/bap_primus/bap_primus.mli,,,,4504
max,5,lines_of_code,Lines Of Code/File,729d4ded-b025-47be-ae9b-ed0561b8f9e6,bcpierce00__unison (sample analysis: 10 samples),Ocaml,d590ca73-3c0e-4043-8b8f-ddcbc5f16929,7,7,file,src/uigtk2.ml,,,,4317
min,1,effective_lines_of_code_with_brackets,Effective LOC With Brackets/File,e8c37d0d-f999-4ab0-9696-770ba31bbe18,gin-gonic__gin (sample analysis: 10 samples),Golang,0f626e20-bf6a-4847-9ff3-424a5dc8b416,7,7,file,doc.go,,,,0
min,2,effective_lines_of_code_with_brackets,Effective LOC With Brackets/File,a81fc79f-6ea8-409c-8690-f034ab9400d8,BinaryAnalysisPlatform__bap (sample analysis: 10 samples),Ocaml,79e5d616-c487-4523-b0f9-b6bc30e4a720,7,7,file,lib/bap/bap_init_toplevel.mli,,,,0
min,3,effective_lines_of_code_with_brackets,Effective LOC With Brackets/File,a81fc79f-6ea8-409c-8690-f034ab9400d8,BinaryAnalysisPlatform__bap (sample analysis: 10 samples),Ocaml,79e5d616-c487-4523-b0f9-b6bc30e4a720,7,7,file,lib/bap_api/bap_api_attr.ml,,,,0
min,4,effective_lines_of_code_with_brackets,Effective LOC With Brackets/File,a81fc79f-6ea8-409c-8690-f034ab9400d8,BinaryAnalysisPlatform__bap (sample analysis: 10 samples),Ocaml,79e5d616-c487-4523-b0f9-b6bc30e4a720,7,7,file,lib/bap_api/bap_api_attr.mli,,,,0
min,5,effective_lines_of_code_with_brackets,Effective LOC With Brackets/File,a81fc79f-6ea8-409c-8690-f034ab9400d8,BinaryAnalysisPlatform__bap (sample analysis: 10 samples),Ocaml,79e5d616-c487-4523-b0f9-b6bc30e4a720,7,7,file,lib/bap_c/bap_c_abi.mli,,,,0
max,1,effective_lines_of_code_with_brackets,Effective LOC With Brackets/File,729d4ded-b025-47be-ae9b-ed0561b8f9e6,bcpierce00__unison (sample analysis: 10 samples),Ocaml,d590ca73-3c0e-4043-8b8f-ddcbc5f16929,7,7,file,src/strings.ml,,,,4691
max,2,effective_lines_of_code_with_brackets,Effective LOC With Brackets/File,729d4ded-b025-47be-ae9b-ed0561b8f9e6,bcpierce00__unison (sample analysis: 10 samples),Ocaml,d590ca73-3c0e-4043-8b8f-ddcbc5f16929,7,7,file,src/uigtk2.ml,,,,3530
max,3,effective_lines_of_code_with_brackets,Effective LOC With Brackets/File,a81fc79f-6ea8-409c-8690-f034ab9400d8,BinaryAnalysisPlatform__bap (sample analysis: 10 samples),Ocaml,79e5d616-c487-4523-b0f9-b6bc30e4a720,7,7,file,lib/knowledge/bap_knowledge.ml,,,,2857
max,4,effective_lines_of_code_with_brackets,Effective LOC With Brackets/File,e9d92337-e257-41dd-9d58-bc6f84121654,astrada__google-drive-ocamlfuse (sample analysis: 10 samples),Ocaml,437c1c54-98cc-4ca1-bcd3-65ba2213a1ee,7,7,file,src/drive.ml,,,,2820
max,5,effective_lines_of_code_with_brackets,Effective LOC With Brackets/File,3e629e34-e52d-445d-9487-cfbcb29d77e8,junegunn__fzf (sample analysis: 10 samples),Golang,83725aab-d5f2-4947-952a-e1fe3f96abc4,7,7,file,src/terminal.go,,,,2601
min,1,effective_lines_of_code,Effective LOC/File,e8c37d0d-f999-4ab0-9696-770ba31bbe18,gin-gonic__gin (sample analysis: 10 samples),Golang,0f626e20-bf6a-4847-9ff3-424a5dc8b416,7,7,file,doc.go,,,,0
min,2,effective_lines_of_code,Effective LOC/File,a81fc79f-6ea8-409c-8690-f034ab9400d8,BinaryAnalysisPlatform__bap (sample analysis: 10 samples),Ocaml,79e5d616-c487-4523-b0f9-b6bc30e4a720,7,7,file,lib/bap/bap_init_toplevel.mli,,,,0
min,3,effective_lines_of_code,Effective LOC/File,a81fc79f-6ea8-409c-8690-f034ab9400d8,BinaryAnalysisPlatform__bap (sample analysis: 10 samples),Ocaml,79e5d616-c487-4523-b0f9-b6bc30e4a720,7,7,file,lib/bap_api/bap_api_attr.ml,,,,0
min,4,effective_lines_of_code,Effective LOC/File,a81fc79f-6ea8-409c-8690-f034ab9400d8,BinaryAnalysisPlatform__bap (sample analysis: 10 samples),Ocaml,79e5d616-c487-4523-b0f9-b6bc30e4a720,7,7,file,lib/bap_api/bap_api_attr.mli,,,,0
min,5,effective_lines_of_code,Effective LOC/File,a81fc79f-6ea8-409c-8690-f034ab9400d8,BinaryAnalysisPlatform__bap (sample analysis: 10 samples),Ocaml,79e5d616-c487-4523-b0f9-b6bc30e4a720,7,7,file,lib/bap_c/bap_c_abi.mli,,,,0
max,1,effective_lines_of_code,Effective LOC/File,729d4ded-b025-47be-ae9b-ed0561b8f9e6,bcpierce00__unison (sample analysis: 10 samples),Ocaml,d590ca73-3c0e-4043-8b8f-ddcbc5f16929,7,7,file,src/strings.ml,,,,4691
max,2,effective_lines_of_code,Effective LOC/File,729d4ded-b025-47be-ae9b-ed0561b8f9e6,bcpierce00__unison (sample analysis: 10 samples),Ocaml,d590ca73-3c0e-4043-8b8f-ddcbc5f16929,7,7,file,src/uigtk2.ml,,,,3530
max,3,effective_lines_of_code,Effective LOC/File,a81fc79f-6ea8-409c-8690-f034ab9400d8,BinaryAnalysisPlatform__bap (sample analysis: 10 samples),Ocaml,79e5d616-c487-4523-b0f9-b6bc30e4a720,7,7,file,lib/knowledge/bap_knowledge.ml,,,,2798
max,4,effective_lines_of_code,Effective LOC/File,e9d92337-e257-41dd-9d58-bc6f84121654,astrada__google-drive-ocamlfuse (sample analysis: 10 samples),Ocaml,437c1c54-98cc-4ca1-bcd3-65ba2213a1ee,7,7,file,src/drive.ml,,,,2776
max,5,effective_lines_of_code,Effective LOC/File,e749ce64-7ffd-4d8c-a44a-47ef93013510,airbus-seclab__bincat (sample analysis: 10 samples),Ocaml,27537c90-084d-499b-8dfc-8af835951835,7,7,file,ocaml/src/disassembly/core_x86.ml,,,,2442
min,1,comment_lines_of_code,Comment LOC/File,069ad96b-3762-4b18-b863-c8f40f8d0442,AlistGo__alist (sample analysis: 10 samples),Golang,f901f769-c6da-4f32-a6bd-125da4c20252,7,7,file,cmd/common.go,,,,0
min,2,comment_lines_of_code,Comment LOC/File,069ad96b-3762-4b18-b863-c8f40f8d0442,AlistGo__alist (sample analysis: 10 samples),Golang,f901f769-c6da-4f32-a6bd-125da4c20252,7,7,file,cmd/flags/config.go,,,,0
min,3,comment_lines_of_code,Comment LOC/File,069ad96b-3762-4b18-b863-c8f40f8d0442,AlistGo__alist (sample analysis: 10 samples),Golang,f901f769-c6da-4f32-a6bd-125da4c20252,7,7,file,cmd/root.go,,,,0
min,4,comment_lines_of_code,Comment LOC/File,069ad96b-3762-4b18-b863-c8f40f8d0442,AlistGo__alist (sample analysis: 10 samples),Golang,f901f769-c6da-4f32-a6bd-125da4c20252,7,7,file,cmd/user.go,,,,0
min,5,comment_lines_of_code,Comment LOC/File,069ad96b-3762-4b18-b863-c8f40f8d0442,AlistGo__alist (sample analysis: 10 samples),Golang,f901f769-c6da-4f32-a6bd-125da4c20252,7,7,file,drivers/115/types.go,,,,0
max,1,comment_lines_of_code,Comment LOC/File,a81fc79f-6ea8-409c-8690-f034ab9400d8,BinaryAnalysisPlatform__bap (sample analysis: 10 samples),Ocaml,79e5d616-c487-4523-b0f9-b6bc30e4a720,7,7,file,lib/bap/bap.mli,,,,6960
max,2,comment_lines_of_code,Comment LOC/File,a81fc79f-6ea8-409c-8690-f034ab9400d8,BinaryAnalysisPlatform__bap (sample analysis: 10 samples),Ocaml,79e5d616-c487-4523-b0f9-b6bc30e4a720,7,7,file,lib/bap_primus/bap_primus.mli,,,,3051
max,3,comment_lines_of_code,Comment LOC/File,a81fc79f-6ea8-409c-8690-f034ab9400d8,BinaryAnalysisPlatform__bap (sample analysis: 10 samples),Ocaml,79e5d616-c487-4523-b0f9-b6bc30e4a720,7,7,file,lib/bap_core_theory/bap_core_theory.mli,,,,2967
max,4,comment_lines_of_code,Comment LOC/File,27c2b119-0bb1-44ad-8d53-458f0cca57e7,camlworks__dream (sample analysis: 10 samples),Ocaml,f5a614bb-2317-49e8-8b5d-fb92251b65e7,7,7,file,src/dream.mli,,,,1720
max,5,comment_lines_of_code,Comment LOC/File,27c2b119-0bb1-44ad-8d53-458f0cca57e7,camlworks__dream (sample analysis: 10 samples),Ocaml,f5a614bb-2317-49e8-8b5d-fb92251b65e7,7,7,file,src/mirage/mirage.mli,,,,1421
min,1,bracket_lines_of_code,Bracket LOC/File,069ad96b-3762-4b18-b863-c8f40f8d0442,AlistGo__alist (sample analysis: 10 samples),Golang,f901f769-c6da-4f32-a6bd-125da4c20252,7,7,file,drivers/alias/types.go,,,,0
min,2,bracket_lines_of_code,Bracket LOC/File,069ad96b-3762-4b18-b863-c8f40f8d0442,AlistGo__alist (sample analysis: 10 samples),Golang,f901f769-c6da-4f32-a6bd-125da4c20252,7,7,file,drivers/alist_v2/util.go,,,,0
min,3,bracket_lines_of_code,Bracket LOC/File,069ad96b-3762-4b18-b863-c8f40f8d0442,AlistGo__alist (sample analysis: 10 samples),Golang,f901f769-c6da-4f32-a6bd-125da4c20252,7,7,file,drivers/baidu_share/types.go,,,,0
min,4,bracket_lines_of_code,Bracket LOC/File,069ad96b-3762-4b18-b863-c8f40f8d0442,AlistGo__alist (sample analysis: 10 samples),Golang,f901f769-c6da-4f32-a6bd-125da4c20252,7,7,file,drivers/baidu_share/util.go,,,,0
min,5,bracket_lines_of_code,Bracket LOC/File,069ad96b-3762-4b18-b863-c8f40f8d0442,AlistGo__alist (sample analysis: 10 samples),Golang,f901f769-c6da-4f32-a6bd-125da4c20252,7,7,file,drivers/base/util.go,,,,0
max,1,bracket_lines_of_code,Bracket LOC/File,24cc32f1-80f1-40da-9ad5-e2285210d73d,router-for-me__CLIProxyAPI (sample analysis: 10 samples),Golang,e65931c9-f7fc-4c7e-82ed-719b9a266861,7,7,file,sdk/cliproxy/auth/conductor.go,,,,498
max,2,bracket_lines_of_code,Bracket LOC/File,3e629e34-e52d-445d-9487-cfbcb29d77e8,junegunn__fzf (sample analysis: 10 samples),Golang,83725aab-d5f2-4947-952a-e1fe3f96abc4,7,7,file,src/terminal.go,,,,449
max,3,bracket_lines_of_code,Bracket LOC/File,24cc32f1-80f1-40da-9ad5-e2285210d73d,router-for-me__CLIProxyAPI (sample analysis: 10 samples),Golang,e65931c9-f7fc-4c7e-82ed-719b9a266861,7,7,file,internal/api/handlers/management/auth_files.go,,,,428
max,4,bracket_lines_of_code,Bracket LOC/File,24e65021-62fe-4607-8cfb-8f06e8e5257f,spf13__cobra (sample analysis: 10 samples),Golang,7ef78c05-66e0-4001-a92d-efd04b3e2219,7,7,file,completions_test.go,,,,366
max,5,bracket_lines_of_code,Bracket LOC/File,24e65021-62fe-4607-8cfb-8f06e8e5257f,spf13__cobra (sample analysis: 10 samples),Golang,7ef78c05-66e0-4001-a92d-efd04b3e2219,7,7,file,command_test.go,,,,356
min,1,total_cyclomatic,Total Cyclomatic/File,069ad96b-3762-4b18-b863-c8f40f8d0442,AlistGo__alist (sample analysis: 10 samples),Golang,f901f769-c6da-4f32-a6bd-125da4c20252,7,7,file,cmd/flags/config.go,,,,0
min,2,total_cyclomatic,Total Cyclomatic/File,069ad96b-3762-4b18-b863-c8f40f8d0442,AlistGo__alist (sample analysis: 10 samples),Golang,f901f769-c6da-4f32-a6bd-125da4c20252,7,7,file,drivers/139/types.go,,,,0
min,3,total_cyclomatic,Total Cyclomatic/File,069ad96b-3762-4b18-b863-c8f40f8d0442,AlistGo__alist (sample analysis: 10 samples),Golang,f901f769-c6da-4f32-a6bd-125da4c20252,7,7,file,drivers/189/types.go,,,,0
min,4,total_cyclomatic,Total Cyclomatic/File,069ad96b-3762-4b18-b863-c8f40f8d0442,AlistGo__alist (sample analysis: 10 samples),Golang,f901f769-c6da-4f32-a6bd-125da4c20252,7,7,file,drivers/alias/types.go,,,,0
min,5,total_cyclomatic,Total Cyclomatic/File,069ad96b-3762-4b18-b863-c8f40f8d0442,AlistGo__alist (sample analysis: 10 samples),Golang,f901f769-c6da-4f32-a6bd-125da4c20252,7,7,file,drivers/alist_v2/types.go,,,,0
max,1,total_cyclomatic,Total Cyclomatic/File,a81fc79f-6ea8-409c-8690-f034ab9400d8,BinaryAnalysisPlatform__bap (sample analysis: 10 samples),Ocaml,79e5d616-c487-4523-b0f9-b6bc30e4a720,7,7,file,lib/knowledge/bap_knowledge.ml,,,,908
max,2,total_cyclomatic,Total Cyclomatic/File,e749ce64-7ffd-4d8c-a44a-47ef93013510,airbus-seclab__bincat (sample analysis: 10 samples),Ocaml,27537c90-084d-499b-8dfc-8af835951835,7,7,file,ocaml/src/disassembly/core_x86.ml,,,,838
max,3,total_cyclomatic,Total Cyclomatic/File,e9d92337-e257-41dd-9d58-bc6f84121654,astrada__google-drive-ocamlfuse (sample analysis: 10 samples),Ocaml,437c1c54-98cc-4ca1-bcd3-65ba2213a1ee,7,7,file,src/mime.ml,,,,772
max,4,total_cyclomatic,Total Cyclomatic/File,729d4ded-b025-47be-ae9b-ed0561b8f9e6,bcpierce00__unison (sample analysis: 10 samples),Ocaml,d590ca73-3c0e-4043-8b8f-ddcbc5f16929,7,7,file,src/uigtk2.ml,,,,653
max,5,total_cyclomatic,Total Cyclomatic/File,3e629e34-e52d-445d-9487-cfbcb29d77e8,junegunn__fzf (sample analysis: 10 samples),Golang,83725aab-d5f2-4947-952a-e1fe3f96abc4,7,7,file,src/terminal.go,,,,649
min,1,maintainability_index_three_property,Maintainability Index Three Property,e749ce64-7ffd-4d8c-a44a-47ef93013510,airbus-seclab__bincat (sample analysis: 10 samples),Ocaml,27537c90-084d-499b-8dfc-8af835951835,7,7,file,ocaml/src/disassembly/core_x86.ml,,,,-211.3055732095575
min,2,maintainability_index_three_property,Maintainability Index Three Property,729d4ded-b025-47be-ae9b-ed0561b8f9e6,bcpierce00__unison (sample analysis: 10 samples),Ocaml,d590ca73-3c0e-4043-8b8f-ddcbc5f16929,7,7,file,src/uigtk2.ml,,,,-174.98982365328666
min,3,maintainability_index_three_property,Maintainability Index Three Property,e9d92337-e257-41dd-9d58-bc6f84121654,astrada__google-drive-ocamlfuse (sample analysis: 10 samples),Ocaml,437c1c54-98cc-4ca1-bcd3-65ba2213a1ee,7,7,file,src/mime.ml,,,,-169.48782124315005
min,4,maintainability_index_three_property,Maintainability Index Three Property,e9d92337-e257-41dd-9d58-bc6f84121654,astrada__google-drive-ocamlfuse (sample analysis: 10 samples),Ocaml,437c1c54-98cc-4ca1-bcd3-65ba2213a1ee,7,7,function,src/mime.ml,map_filename_to_mime_type:3:5,3,790,-169.46060990038708
min,5,maintainability_index_three_property,Maintainability Index Three Property,3e629e34-e52d-445d-9487-cfbcb29d77e8,junegunn__fzf (sample analysis: 10 samples),Golang,83725aab-d5f2-4947-952a-e1fe3f96abc4,7,7,file,src/terminal.go,,,,-165.42987451101766
max,1,maintainability_index_three_property,Maintainability Index Three Property,729d4ded-b025-47be-ae9b-ed0561b8f9e6,bcpierce00__unison (sample analysis: 10 samples),Ocaml,d590ca73-3c0e-4043-8b8f-ddcbc5f16929,7,7,file,src/lwt/win/lwt_win.ml,,,,167.39563466108828
max,2,maintainability_index_three_property,Maintainability Index Three Property,729d4ded-b025-47be-ae9b-ed0561b8f9e6,bcpierce00__unison (sample analysis: 10 samples),Ocaml,d590ca73-3c0e-4043-8b8f-ddcbc5f16929,7,7,file,src/lwt/lwt_unix.ml,,,,167.39563466108828
max,3,maintainability_index_three_property,Maintainability Index Three Property,24e65021-62fe-4607-8cfb-8f06e8e5257f,spf13__cobra (sample analysis: 10 samples),Golang,7ef78c05-66e0-4001-a92d-efd04b3e2219,7,7,file,cobra/cmd/project_test.go,,,,167.39563466108828
max,4,maintainability_index_three_property,Maintainability Index Three Property,72c58468-aa18-4e1f-a564-d247686d83a5,nektos__act (sample analysis: 10 samples),Golang,8e6684c7-c06f-408e-9ee8-cd5aeace82ed,7,7,file,pkg/artifactcache/doc.go,,,,167.39563466108828
max,5,maintainability_index_three_property,Maintainability Index Three Property,e8c37d0d-f999-4ab0-9696-770ba31bbe18,gin-gonic__gin (sample analysis: 10 samples),Golang,0f626e20-bf6a-4847-9ff3-424a5dc8b416,7,7,file,doc.go,,,,167.39563466108828
min,1,maintainability_index_four_property,Maintainability Index Four Property,729d4ded-b025-47be-ae9b-ed0561b8f9e6,bcpierce00__unison (sample analysis: 10 samples),Ocaml,d590ca73-3c0e-4043-8b8f-ddcbc5f16929,7,7,file,src/uigtk2.ml,,,,-206.84747379644875
min,2,maintainability_index_four_property,Maintainability Index Four Property,a81fc79f-6ea8-409c-8690-f034ab9400d8,BinaryAnalysisPlatform__bap (sample analysis: 10 samples),Ocaml,79e5d616-c487-4523-b0f9-b6bc30e4a720,7,7,file,plugins/x86/x86_disasm.ml,,,,-186.2837962922897
min,3,maintainability_index_four_property,Maintainability Index Four Property,e9d92337-e257-41dd-9d58-bc6f84121654,astrada__google-drive-ocamlfuse (sample analysis: 10 samples),Ocaml,437c1c54-98cc-4ca1-bcd3-65ba2213a1ee,7,7,file,src/mime.ml,,,,-169.48782124315005
min,4,maintainability_index_four_property,Maintainability Index Four Property,e9d92337-e257-41dd-9d58-bc6f84121654,astrada__google-drive-ocamlfuse (sample analysis: 10 samples),Ocaml,437c1c54-98cc-4ca1-bcd3-65ba2213a1ee,7,7,function,src/mime.ml,map_filename_to_mime_type:3:5,3,790,-169.46060990038708
min,5,maintainability_index_four_property,Maintainability Index Four Property,e749ce64-7ffd-4d8c-a44a-47ef93013510,airbus-seclab__bincat (sample analysis: 10 samples),Ocaml,27537c90-084d-499b-8dfc-8af835951835,7,7,file,ocaml/src/loaders/elf_core.ml,,,,-161.97258181898223
max,1,maintainability_index_four_property,Maintainability Index Four Property,27c2b119-0bb1-44ad-8d53-458f0cca57e7,camlworks__dream (sample analysis: 10 samples),Ocaml,f5a614bb-2317-49e8-8b5d-fb92251b65e7,7,7,file,example/z-playground/runtime/examples.ml,,,,212.47506063933207
max,2,maintainability_index_four_property,Maintainability Index Four Property,729d4ded-b025-47be-ae9b-ed0561b8f9e6,bcpierce00__unison (sample analysis: 10 samples),Ocaml,d590ca73-3c0e-4043-8b8f-ddcbc5f16929,7,7,file,src/system.mli,,,,212.47506063933207
max,3,maintainability_index_four_property,Maintainability Index Four Property,729d4ded-b025-47be-ae9b-ed0561b8f9e6,bcpierce00__unison (sample analysis: 10 samples),Ocaml,d590ca73-3c0e-4043-8b8f-ddcbc5f16929,7,7,file,src/test.mli,,,,208.6093179474687
max,4,maintainability_index_four_property,Maintainability Index Four Property,e749ce64-7ffd-4d8c-a44a-47ef93013510,airbus-seclab__bincat (sample analysis: 10 samples),Ocaml,27537c90-084d-499b-8dfc-8af835951835,7,7,file,ocaml/src/npk/newspeak/npk2lpk.mli,,,,200.04418106024286
max,5,maintainability_index_four_property,Maintainability Index Four Property,e749ce64-7ffd-4d8c-a44a-47ef93013510,airbus-seclab__bincat (sample analysis: 10 samples),Ocaml,27537c90-084d-499b-8dfc-8af835951835,7,7,file,ocaml/src/npk/c2newspeak/bare2C.mli,,,,200.04418106024286
min,1,maintainability_index_visual_studio,Maintainability Index Visual Studio,069ad96b-3762-4b18-b863-c8f40f8d0442,AlistGo__alist (sample analysis: 10 samples),Golang,f901f769-c6da-4f32-a6bd-125da4c20252,7,7,file,drivers/115/util.go,,,,0
min,2,maintainability_index_visual_studio,Maintainability Index Visual Studio,069ad96b-3762-4b18-b863-c8f40f8d0442,AlistGo__alist (sample analysis: 10 samples),Golang,f901f769-c6da-4f32-a6bd-125da4c20252,7,7,file,drivers/189pc/utils.go,,,,0
min,3,maintainability_index_visual_studio,Maintainability Index Visual Studio,069ad96b-3762-4b18-b863-c8f40f8d0442,AlistGo__alist (sample analysis: 10 samples),Golang,f901f769-c6da-4f32-a6bd-125da4c20252,7,7,file,drivers/pikpak/util.go,,,,0
min,4,maintainability_index_visual_studio,Maintainability Index Visual Studio,069ad96b-3762-4b18-b863-c8f40f8d0442,AlistGo__alist (sample analysis: 10 samples),Golang,f901f769-c6da-4f32-a6bd-125da4c20252,7,7,file,drivers/thunder_browser/driver.go,,,,0
min,5,maintainability_index_visual_studio,Maintainability Index Visual Studio,069ad96b-3762-4b18-b863-c8f40f8d0442,AlistGo__alist (sample analysis: 10 samples),Golang,f901f769-c6da-4f32-a6bd-125da4c20252,7,7,file,internal/op/fs.go,,,,0
max,1,maintainability_index_visual_studio,Maintainability Index Visual Studio,729d4ded-b025-47be-ae9b-ed0561b8f9e6,bcpierce00__unison (sample analysis: 10 samples),Ocaml,d590ca73-3c0e-4043-8b8f-ddcbc5f16929,7,7,file,src/lwt/win/lwt_win.ml,,,,97.89218401233234
max,2,maintainability_index_visual_studio,Maintainability Index Visual Studio,729d4ded-b025-47be-ae9b-ed0561b8f9e6,bcpierce00__unison (sample analysis: 10 samples),Ocaml,d590ca73-3c0e-4043-8b8f-ddcbc5f16929,7,7,file,src/lwt/lwt_unix.ml,,,,97.89218401233234
max,3,maintainability_index_visual_studio,Maintainability Index Visual Studio,24e65021-62fe-4607-8cfb-8f06e8e5257f,spf13__cobra (sample analysis: 10 samples),Golang,7ef78c05-66e0-4001-a92d-efd04b3e2219,7,7,file,cobra/cmd/project_test.go,,,,97.89218401233234
max,4,maintainability_index_visual_studio,Maintainability Index Visual Studio,72c58468-aa18-4e1f-a564-d247686d83a5,nektos__act (sample analysis: 10 samples),Golang,8e6684c7-c06f-408e-9ee8-cd5aeace82ed,7,7,file,pkg/artifactcache/doc.go,,,,97.89218401233234
max,5,maintainability_index_visual_studio,Maintainability Index Visual Studio,e8c37d0d-f999-4ab0-9696-770ba31bbe18,gin-gonic__gin (sample analysis: 10 samples),Golang,0f626e20-bf6a-4847-9ff3-424a5dc8b416,7,7,file,doc.go,,,,97.89218401233234
min,1,maintainability_index_comment_percentage,Maintainability Index Comment Percentage,069ad96b-3762-4b18-b863-c8f40f8d0442,AlistGo__alist (sample analysis: 10 samples),Golang,f901f769-c6da-4f32-a6bd-125da4c20252,7,7,function,cmd/admin.go,setAdminPassword:67:6,67,84,0
min,2,maintainability_index_comment_percentage,Maintainability Index Comment Percentage,069ad96b-3762-4b18-b863-c8f40f8d0442,AlistGo__alist (sample analysis: 10 samples),Golang,f901f769-c6da-4f32-a6bd-125da4c20252,7,7,file,cmd/common.go,,,,0
min,3,maintainability_index_comment_percentage,Maintainability Index Comment Percentage,069ad96b-3762-4b18-b863-c8f40f8d0442,AlistGo__alist (sample analysis: 10 samples),Golang,f901f769-c6da-4f32-a6bd-125da4c20252,7,7,function,cmd/common.go,Init:15:6,15,21,0
min,4,maintainability_index_comment_percentage,Maintainability Index Comment Percentage,069ad96b-3762-4b18-b863-c8f40f8d0442,AlistGo__alist (sample analysis: 10 samples),Golang,f901f769-c6da-4f32-a6bd-125da4c20252,7,7,function,cmd/common.go,Release:23:6,23,25,0
min,5,maintainability_index_comment_percentage,Maintainability Index Comment Percentage,069ad96b-3762-4b18-b863-c8f40f8d0442,AlistGo__alist (sample analysis: 10 samples),Golang,f901f769-c6da-4f32-a6bd-125da4c20252,7,7,function,cmd/common.go,initDaemon:30:6,30,49,0
max,1,maintainability_index_comment_percentage,Maintainability Index Comment Percentage,a81fc79f-6ea8-409c-8690-f034ab9400d8,BinaryAnalysisPlatform__bap (sample analysis: 10 samples),Ocaml,79e5d616-c487-4523-b0f9-b6bc30e4a720,7,7,file,lib/bap_main/bap_main.mli,,,,123800
max,2,maintainability_index_comment_percentage,Maintainability Index Comment Percentage,a81fc79f-6ea8-409c-8690-f034ab9400d8,BinaryAnalysisPlatform__bap (sample analysis: 10 samples),Ocaml,79e5d616-c487-4523-b0f9-b6bc30e4a720,7,7,file,lib/bap_c/bap_c_abi.mli,,,,57700
max,3,maintainability_index_comment_percentage,Maintainability Index Comment Percentage,a81fc79f-6ea8-409c-8690-f034ab9400d8,BinaryAnalysisPlatform__bap (sample analysis: 10 samples),Ocaml,79e5d616-c487-4523-b0f9-b6bc30e4a720,7,7,file,lib/ogre/ogre.mli,,,,51800
max,4,maintainability_index_comment_percentage,Maintainability Index Comment Percentage,a81fc79f-6ea8-409c-8690-f034ab9400d8,BinaryAnalysisPlatform__bap (sample analysis: 10 samples),Ocaml,79e5d616-c487-4523-b0f9-b6bc30e4a720,7,7,file,lib/bap_primus/bap_primus_lisp_context.mli,,,,23600
max,5,maintainability_index_comment_percentage,Maintainability Index Comment Percentage,a81fc79f-6ea8-409c-8690-f034ab9400d8,BinaryAnalysisPlatform__bap (sample analysis: 10 samples),Ocaml,79e5d616-c487-4523-b0f9-b6bc30e4a720,7,7,file,lib/bare/bare.mli,,,,21800
min,1,total_halstead_unique_operators,Total Halstead Unique Operators/File,a81fc79f-6ea8-409c-8690-f034ab9400d8,BinaryAnalysisPlatform__bap (sample analysis: 10 samples),Ocaml,79e5d616-c487-4523-b0f9-b6bc30e4a720,7,7,file,lib/arm/arm_env.ml,,,,0
min,2,total_halstead_unique_operators,Total Halstead Unique Operators/File,a81fc79f-6ea8-409c-8690-f034ab9400d8,BinaryAnalysisPlatform__bap (sample analysis: 10 samples),Ocaml,79e5d616-c487-4523-b0f9-b6bc30e4a720,7,7,file,lib/arm/arm_lifter.ml,,,,0
min,3,total_halstead_unique_operators,Total Halstead Unique Operators/File,a81fc79f-6ea8-409c-8690-f034ab9400d8,BinaryAnalysisPlatform__bap (sample analysis: 10 samples),Ocaml,79e5d616-c487-4523-b0f9-b6bc30e4a720,7,7,file,lib/arm/arm_target.ml,,,,0
min,4,total_halstead_unique_operators,Total Halstead Unique Operators/File,a81fc79f-6ea8-409c-8690-f034ab9400d8,BinaryAnalysisPlatform__bap (sample analysis: 10 samples),Ocaml,79e5d616-c487-4523-b0f9-b6bc30e4a720,7,7,file,lib/bap/bap_init_toplevel.mli,,,,0
min,5,total_halstead_unique_operators,Total Halstead Unique Operators/File,a81fc79f-6ea8-409c-8690-f034ab9400d8,BinaryAnalysisPlatform__bap (sample analysis: 10 samples),Ocaml,79e5d616-c487-4523-b0f9-b6bc30e4a720,7,7,file,lib/bap_api/bap_api_attr.ml,,,,0
max,1,total_halstead_unique_operators,Total Halstead Unique Operators/File,729d4ded-b025-47be-ae9b-ed0561b8f9e6,bcpierce00__unison (sample analysis: 10 samples),Ocaml,d590ca73-3c0e-4043-8b8f-ddcbc5f16929,7,7,file,src/uigtk2.ml,,,,74
max,2,total_halstead_unique_operators,Total Halstead Unique Operators/File,a81fc79f-6ea8-409c-8690-f034ab9400d8,BinaryAnalysisPlatform__bap (sample analysis: 10 samples),Ocaml,79e5d616-c487-4523-b0f9-b6bc30e4a720,7,7,file,plugins/patterns/patterns_main.ml,,,,70
max,3,total_halstead_unique_operators,Total Halstead Unique Operators/File,a81fc79f-6ea8-409c-8690-f034ab9400d8,BinaryAnalysisPlatform__bap (sample analysis: 10 samples),Ocaml,79e5d616-c487-4523-b0f9-b6bc30e4a720,7,7,file,plugins/primus_lisp/primus_lisp_semantic_primitives.ml,,,,61
max,4,total_halstead_unique_operators,Total Halstead Unique Operators/File,a81fc79f-6ea8-409c-8690-f034ab9400d8,BinaryAnalysisPlatform__bap (sample analysis: 10 samples),Ocaml,79e5d616-c487-4523-b0f9-b6bc30e4a720,7,7,file,plugins/mips/mips_rtl.ml,,,,60
max,5,total_halstead_unique_operators,Total Halstead Unique Operators/File,a81fc79f-6ea8-409c-8690-f034ab9400d8,BinaryAnalysisPlatform__bap (sample analysis: 10 samples),Ocaml,79e5d616-c487-4523-b0f9-b6bc30e4a720,7,7,file,lib/graphlib/graphlib_graph.ml,,,,58
min,1,total_halstead_unique_operands,Total Halstead Unique Operands/File,a81fc79f-6ea8-409c-8690-f034ab9400d8,BinaryAnalysisPlatform__bap (sample analysis: 10 samples),Ocaml,79e5d616-c487-4523-b0f9-b6bc30e4a720,7,7,file,lib/arm/arm_env.ml,,,,0
min,2,total_halstead_unique_operands,Total Halstead Unique Operands/File,a81fc79f-6ea8-409c-8690-f034ab9400d8,BinaryAnalysisPlatform__bap (sample analysis: 10 samples),Ocaml,79e5d616-c487-4523-b0f9-b6bc30e4a720,7,7,file,lib/arm/arm_lifter.ml,,,,0
min,3,total_halstead_unique_operands,Total Halstead Unique Operands/File,a81fc79f-6ea8-409c-8690-f034ab9400d8,BinaryAnalysisPlatform__bap (sample analysis: 10 samples),Ocaml,79e5d616-c487-4523-b0f9-b6bc30e4a720,7,7,file,lib/arm/arm_target.ml,,,,0
min,4,total_halstead_unique_operands,Total Halstead Unique Operands/File,a81fc79f-6ea8-409c-8690-f034ab9400d8,BinaryAnalysisPlatform__bap (sample analysis: 10 samples),Ocaml,79e5d616-c487-4523-b0f9-b6bc30e4a720,7,7,file,lib/bap/bap_init_toplevel.mli,,,,0
min,5,total_halstead_unique_operands,Total Halstead Unique Operands/File,a81fc79f-6ea8-409c-8690-f034ab9400d8,BinaryAnalysisPlatform__bap (sample analysis: 10 samples),Ocaml,79e5d616-c487-4523-b0f9-b6bc30e4a720,7,7,file,lib/bap_api/bap_api_attr.ml,,,,0
max,1,total_halstead_unique_operands,Total Halstead Unique Operands/File,729d4ded-b025-47be-ae9b-ed0561b8f9e6,bcpierce00__unison (sample analysis: 10 samples),Ocaml,d590ca73-3c0e-4043-8b8f-ddcbc5f16929,7,7,file,unicode_utils/unicode_build.ml,,,,4515
max,2,total_halstead_unique_operands,Total Halstead Unique Operands/File,729d4ded-b025-47be-ae9b-ed0561b8f9e6,bcpierce00__unison (sample analysis: 10 samples),Ocaml,d590ca73-3c0e-4043-8b8f-ddcbc5f16929,7,7,file,src/uigtk2.ml,,,,1953
max,3,total_halstead_unique_operands,Total Halstead Unique Operands/File,e9d92337-e257-41dd-9d58-bc6f84121654,astrada__google-drive-ocamlfuse (sample analysis: 10 samples),Ocaml,437c1c54-98cc-4ca1-bcd3-65ba2213a1ee,7,7,file,src/mime.ml,,,,1765
max,4,total_halstead_unique_operands,Total Halstead Unique Operands/File,729d4ded-b025-47be-ae9b-ed0561b8f9e6,bcpierce00__unison (sample analysis: 10 samples),Ocaml,d590ca73-3c0e-4043-8b8f-ddcbc5f16929,7,7,file,src/unicode.ml,,,,1554
max,5,total_halstead_unique_operands,Total Halstead Unique Operands/File,24cc32f1-80f1-40da-9ad5-e2285210d73d,router-for-me__CLIProxyAPI (sample analysis: 10 samples),Golang,e65931c9-f7fc-4c7e-82ed-719b9a266861,7,7,file,internal/misc/mime-type.go,,,,1467
min,1,total_halstead_operators,Total Halstead Operators/File,a81fc79f-6ea8-409c-8690-f034ab9400d8,BinaryAnalysisPlatform__bap (sample analysis: 10 samples),Ocaml,79e5d616-c487-4523-b0f9-b6bc30e4a720,7,7,file,lib/arm/arm_env.ml,,,,0
min,2,total_halstead_operators,Total Halstead Operators/File,a81fc79f-6ea8-409c-8690-f034ab9400d8,BinaryAnalysisPlatform__bap (sample analysis: 10 samples),Ocaml,79e5d616-c487-4523-b0f9-b6bc30e4a720,7,7,file,lib/arm/arm_lifter.ml,,,,0
min,3,total_halstead_operators,Total Halstead Operators/File,a81fc79f-6ea8-409c-8690-f034ab9400d8,BinaryAnalysisPlatform__bap (sample analysis: 10 samples),Ocaml,79e5d616-c487-4523-b0f9-b6bc30e4a720,7,7,file,lib/arm/arm_target.ml,,,,0
min,4,total_halstead_operators,Total Halstead Operators/File,a81fc79f-6ea8-409c-8690-f034ab9400d8,BinaryAnalysisPlatform__bap (sample analysis: 10 samples),Ocaml,79e5d616-c487-4523-b0f9-b6bc30e4a720,7,7,file,lib/bap/bap_init_toplevel.mli,,,,0
min,5,total_halstead_operators,Total Halstead Operators/File,a81fc79f-6ea8-409c-8690-f034ab9400d8,BinaryAnalysisPlatform__bap (sample analysis: 10 samples),Ocaml,79e5d616-c487-4523-b0f9-b6bc30e4a720,7,7,file,lib/bap_api/bap_api_attr.ml,,,,0
max,1,total_halstead_operators,Total Halstead Operators/File,a81fc79f-6ea8-409c-8690-f034ab9400d8,BinaryAnalysisPlatform__bap (sample analysis: 10 samples),Ocaml,79e5d616-c487-4523-b0f9-b6bc30e4a720,7,7,file,lib/bap/bap.mli,,,,6402
max,2,total_halstead_operators,Total Halstead Operators/File,729d4ded-b025-47be-ae9b-ed0561b8f9e6,bcpierce00__unison (sample analysis: 10 samples),Ocaml,d590ca73-3c0e-4043-8b8f-ddcbc5f16929,7,7,file,src/uigtk2.ml,,,,6317
max,3,total_halstead_operators,Total Halstead Operators/File,e749ce64-7ffd-4d8c-a44a-47ef93013510,airbus-seclab__bincat (sample analysis: 10 samples),Ocaml,27537c90-084d-499b-8dfc-8af835951835,7,7,file,ocaml/src/disassembly/core_x86.ml,,,,4987
max,4,total_halstead_operators,Total Halstead Operators/File,e9d92337-e257-41dd-9d58-bc6f84121654,astrada__google-drive-ocamlfuse (sample analysis: 10 samples),Ocaml,437c1c54-98cc-4ca1-bcd3-65ba2213a1ee,7,7,file,src/drive.ml,,,,3890
max,5,total_halstead_operators,Total Halstead Operators/File,a81fc79f-6ea8-409c-8690-f034ab9400d8,BinaryAnalysisPlatform__bap (sample analysis: 10 samples),Ocaml,79e5d616-c487-4523-b0f9-b6bc30e4a720,7,7,file,plugins/x86/x86_lifter.ml,,,,3290
min,1,total_halstead_operands,Total Halstead Operands/File,a81fc79f-6ea8-409c-8690-f034ab9400d8,BinaryAnalysisPlatform__bap (sample analysis: 10 samples),Ocaml,79e5d616-c487-4523-b0f9-b6bc30e4a720,7,7,file,lib/arm/arm_env.ml,,,,0
min,2,total_halstead_operands,Total Halstead Operands/File,a81fc79f-6ea8-409c-8690-f034ab9400d8,BinaryAnalysisPlatform__bap (sample analysis: 10 samples),Ocaml,79e5d616-c487-4523-b0f9-b6bc30e4a720,7,7,file,lib/arm/arm_lifter.ml,,,,0
min,3,total_halstead_operands,Total Halstead Operands/File,a81fc79f-6ea8-409c-8690-f034ab9400d8,BinaryAnalysisPlatform__bap (sample analysis: 10 samples),Ocaml,79e5d616-c487-4523-b0f9-b6bc30e4a720,7,7,file,lib/arm/arm_target.ml,,,,0
min,4,total_halstead_operands,Total Halstead Operands/File,a81fc79f-6ea8-409c-8690-f034ab9400d8,BinaryAnalysisPlatform__bap (sample analysis: 10 samples),Ocaml,79e5d616-c487-4523-b0f9-b6bc30e4a720,7,7,file,lib/bap/bap_init_toplevel.mli,,,,0
min,5,total_halstead_operands,Total Halstead Operands/File,a81fc79f-6ea8-409c-8690-f034ab9400d8,BinaryAnalysisPlatform__bap (sample analysis: 10 samples),Ocaml,79e5d616-c487-4523-b0f9-b6bc30e4a720,7,7,file,lib/bap_api/bap_api_attr.ml,,,,0
max,1,total_halstead_operands,Total Halstead Operands/File,e749ce64-7ffd-4d8c-a44a-47ef93013510,airbus-seclab__bincat (sample analysis: 10 samples),Ocaml,27537c90-084d-499b-8dfc-8af835951835,7,7,file,ocaml/src/disassembly/core_x86.ml,,,,12517
max,2,total_halstead_operands,Total Halstead Operands/File,729d4ded-b025-47be-ae9b-ed0561b8f9e6,bcpierce00__unison (sample analysis: 10 samples),Ocaml,d590ca73-3c0e-4043-8b8f-ddcbc5f16929,7,7,file,unicode_utils/unicode_build.ml,,,,11918
max,3,total_halstead_operands,Total Halstead Operands/File,729d4ded-b025-47be-ae9b-ed0561b8f9e6,bcpierce00__unison (sample analysis: 10 samples),Ocaml,d590ca73-3c0e-4043-8b8f-ddcbc5f16929,7,7,file,src/uigtk2.ml,,,,11853
max,4,total_halstead_operands,Total Halstead Operands/File,a81fc79f-6ea8-409c-8690-f034ab9400d8,BinaryAnalysisPlatform__bap (sample analysis: 10 samples),Ocaml,79e5d616-c487-4523-b0f9-b6bc30e4a720,7,7,file,lib/bap/bap.mli,,,,10654
max,5,total_halstead_operands,Total Halstead Operands/File,e9d92337-e257-41dd-9d58-bc6f84121654,astrada__google-drive-ocamlfuse (sample analysis: 10 samples),Ocaml,437c1c54-98cc-4ca1-bcd3-65ba2213a1ee,7,7,file,src/drive.ml,,,,7766
min,1,total_halstead_length,Total Halstead Length/File,a81fc79f-6ea8-409c-8690-f034ab9400d8,BinaryAnalysisPlatform__bap (sample analysis: 10 samples),Ocaml,79e5d616-c487-4523-b0f9-b6bc30e4a720,7,7,file,lib/arm/arm_env.ml,,,,0
min,2,total_halstead_length,Total Halstead Length/File,a81fc79f-6ea8-409c-8690-f034ab9400d8,BinaryAnalysisPlatform__bap (sample analysis: 10 samples),Ocaml,79e5d616-c487-4523-b0f9-b6bc30e4a720,7,7,file,lib/arm/arm_lifter.ml,,,,0
min,3,total_halstead_length,Total Halstead Length/File,a81fc79f-6ea8-409c-8690-f034ab9400d8,BinaryAnalysisPlatform__bap (sample analysis: 10 samples),Ocaml,79e5d616-c487-4523-b0f9-b6bc30e4a720,7,7,file,lib/arm/arm_target.ml,,,,0
min,4,total_halstead_length,Total Halstead Length/File,a81fc79f-6ea8-409c-8690-f034ab9400d8,BinaryAnalysisPlatform__bap (sample analysis: 10 samples),Ocaml,79e5d616-c487-4523-b0f9-b6bc30e4a720,7,7,file,lib/bap/bap_init_toplevel.mli,,,,0
min,5,total_halstead_length,Total Halstead Length/File,a81fc79f-6ea8-409c-8690-f034ab9400d8,BinaryAnalysisPlatform__bap (sample analysis: 10 samples),Ocaml,79e5d616-c487-4523-b0f9-b6bc30e4a720,7,7,file,lib/bap_api/bap_api_attr.ml,,,,0
max,1,total_halstead_length,Total Halstead Length/File,729d4ded-b025-47be-ae9b-ed0561b8f9e6,bcpierce00__unison (sample analysis: 10 samples),Ocaml,d590ca73-3c0e-4043-8b8f-ddcbc5f16929,7,7,file,src/uigtk2.ml,,,,18170
max,2,total_halstead_length,Total Halstead Length/File,e749ce64-7ffd-4d8c-a44a-47ef93013510,airbus-seclab__bincat (sample analysis: 10 samples),Ocaml,27537c90-084d-499b-8dfc-8af835951835,7,7,file,ocaml/src/disassembly/core_x86.ml,,,,17504
max,3,total_halstead_length,Total Halstead Length/File,a81fc79f-6ea8-409c-8690-f034ab9400d8,BinaryAnalysisPlatform__bap (sample analysis: 10 samples),Ocaml,79e5d616-c487-4523-b0f9-b6bc30e4a720,7,7,file,lib/bap/bap.mli,,,,17056
max,4,total_halstead_length,Total Halstead Length/File,729d4ded-b025-47be-ae9b-ed0561b8f9e6,bcpierce00__unison (sample analysis: 10 samples),Ocaml,d590ca73-3c0e-4043-8b8f-ddcbc5f16929,7,7,file,unicode_utils/unicode_build.ml,,,,12839
max,5,total_halstead_length,Total Halstead Length/File,e9d92337-e257-41dd-9d58-bc6f84121654,astrada__google-drive-ocamlfuse (sample analysis: 10 samples),Ocaml,437c1c54-98cc-4ca1-bcd3-65ba2213a1ee,7,7,file,src/drive.ml,,,,11656
min,1,total_halstead_vocabulary,Total Halstead Vocabulary/File,a81fc79f-6ea8-409c-8690-f034ab9400d8,BinaryAnalysisPlatform__bap (sample analysis: 10 samples),Ocaml,79e5d616-c487-4523-b0f9-b6bc30e4a720,7,7,file,lib/arm/arm_env.ml,,,,0
min,2,total_halstead_vocabulary,Total Halstead Vocabulary/File,a81fc79f-6ea8-409c-8690-f034ab9400d8,BinaryAnalysisPlatform__bap (sample analysis: 10 samples),Ocaml,79e5d616-c487-4523-b0f9-b6bc30e4a720,7,7,file,lib/arm/arm_lifter.ml,,,,0
min,3,total_halstead_vocabulary,Total Halstead Vocabulary/File,a81fc79f-6ea8-409c-8690-f034ab9400d8,BinaryAnalysisPlatform__bap (sample analysis: 10 samples),Ocaml,79e5d616-c487-4523-b0f9-b6bc30e4a720,7,7,file,lib/arm/arm_target.ml,,,,0
min,4,total_halstead_vocabulary,Total Halstead Vocabulary/File,a81fc79f-6ea8-409c-8690-f034ab9400d8,BinaryAnalysisPlatform__bap (sample analysis: 10 samples),Ocaml,79e5d616-c487-4523-b0f9-b6bc30e4a720,7,7,file,lib/bap/bap_init_toplevel.mli,,,,0
min,5,total_halstead_vocabulary,Total Halstead Vocabulary/File,a81fc79f-6ea8-409c-8690-f034ab9400d8,BinaryAnalysisPlatform__bap (sample analysis: 10 samples),Ocaml,79e5d616-c487-4523-b0f9-b6bc30e4a720,7,7,file,lib/bap_api/bap_api_attr.ml,,,,0
max,1,total_halstead_vocabulary,Total Halstead Vocabulary/File,729d4ded-b025-47be-ae9b-ed0561b8f9e6,bcpierce00__unison (sample analysis: 10 samples),Ocaml,d590ca73-3c0e-4043-8b8f-ddcbc5f16929,7,7,file,unicode_utils/unicode_build.ml,,,,4565
max,2,total_halstead_vocabulary,Total Halstead Vocabulary/File,729d4ded-b025-47be-ae9b-ed0561b8f9e6,bcpierce00__unison (sample analysis: 10 samples),Ocaml,d590ca73-3c0e-4043-8b8f-ddcbc5f16929,7,7,file,src/uigtk2.ml,,,,2027
max,3,total_halstead_vocabulary,Total Halstead Vocabulary/File,e9d92337-e257-41dd-9d58-bc6f84121654,astrada__google-drive-ocamlfuse (sample analysis: 10 samples),Ocaml,437c1c54-98cc-4ca1-bcd3-65ba2213a1ee,7,7,file,src/mime.ml,,,,1775
max,4,total_halstead_vocabulary,Total Halstead Vocabulary/File,729d4ded-b025-47be-ae9b-ed0561b8f9e6,bcpierce00__unison (sample analysis: 10 samples),Ocaml,d590ca73-3c0e-4043-8b8f-ddcbc5f16929,7,7,file,src/unicode.ml,,,,1588
max,5,total_halstead_vocabulary,Total Halstead Vocabulary/File,a81fc79f-6ea8-409c-8690-f034ab9400d8,BinaryAnalysisPlatform__bap (sample analysis: 10 samples),Ocaml,79e5d616-c487-4523-b0f9-b6bc30e4a720,7,7,file,lib/bap/bap.mli,,,,1517
min,1,total_halstead_calculated_length,Total Halstead Calculated Length/File,069ad96b-3762-4b18-b863-c8f40f8d0442,AlistGo__alist (sample analysis: 10 samples),Golang,f901f769-c6da-4f32-a6bd-125da4c20252,7,7,file,drivers/alias/types.go,,,,0
min,2,total_halstead_calculated_length,Total Halstead Calculated Length/File,069ad96b-3762-4b18-b863-c8f40f8d0442,AlistGo__alist (sample analysis: 10 samples),Golang,f901f769-c6da-4f32-a6bd-125da4c20252,7,7,file,drivers/alist_v2/util.go,,,,0
min,3,total_halstead_calculated_length,Total Halstead Calculated Length/File,069ad96b-3762-4b18-b863-c8f40f8d0442,AlistGo__alist (sample analysis: 10 samples),Golang,f901f769-c6da-4f32-a6bd-125da4c20252,7,7,file,drivers/baidu_share/types.go,,,,0
min,4,total_halstead_calculated_length,Total Halstead Calculated Length/File,069ad96b-3762-4b18-b863-c8f40f8d0442,AlistGo__alist (sample analysis: 10 samples),Golang,f901f769-c6da-4f32-a6bd-125da4c20252,7,7,file,drivers/baidu_share/util.go,,,,0
min,5,total_halstead_calculated_length,Total Halstead Calculated Length/File,069ad96b-3762-4b18-b863-c8f40f8d0442,AlistGo__alist (sample analysis: 10 samples),Golang,f901f769-c6da-4f32-a6bd-125da4c20252,7,7,file,drivers/base/util.go,,,,0
max,1,total_halstead_calculated_length,Total Halstead Calculated Length/File,729d4ded-b025-47be-ae9b-ed0561b8f9e6,bcpierce00__unison (sample analysis: 10 samples),Ocaml,d590ca73-3c0e-4043-8b8f-ddcbc5f16929,7,7,file,unicode_utils/unicode_build.ml,,,,55096.59668923125
max,2,total_halstead_calculated_length,Total Halstead Calculated Length/File,729d4ded-b025-47be-ae9b-ed0561b8f9e6,bcpierce00__unison (sample analysis: 10 samples),Ocaml,d590ca73-3c0e-4043-8b8f-ddcbc5f16929,7,7,file,src/uigtk2.ml,,,,21808.672633837443
max,3,total_halstead_calculated_length,Total Halstead Calculated Length/File,e9d92337-e257-41dd-9d58-bc6f84121654,astrada__google-drive-ocamlfuse (sample analysis: 10 samples),Ocaml,437c1c54-98cc-4ca1-bcd3-65ba2213a1ee,7,7,file,src/mime.ml,,,,19069.5428872487
max,4,total_halstead_calculated_length,Total Halstead Calculated Length/File,729d4ded-b025-47be-ae9b-ed0561b8f9e6,bcpierce00__unison (sample analysis: 10 samples),Ocaml,d590ca73-3c0e-4043-8b8f-ddcbc5f16929,7,7,file,src/unicode.ml,,,,16648.125541788093
max,5,total_halstead_calculated_length,Total Halstead Calculated Length/File,a81fc79f-6ea8-409c-8690-f034ab9400d8,BinaryAnalysisPlatform__bap (sample analysis: 10 samples),Ocaml,79e5d616-c487-4523-b0f9-b6bc30e4a720,7,7,file,lib/bap/bap.mli,,,,15679.633605307765
min,1,total_halstead_volume,Total Halstead Volume/File,a81fc79f-6ea8-409c-8690-f034ab9400d8,BinaryAnalysisPlatform__bap (sample analysis: 10 samples),Ocaml,79e5d616-c487-4523-b0f9-b6bc30e4a720,7,7,file,lib/arm/arm_env.ml,,,,0
min,2,total_halstead_volume,Total Halstead Volume/File,a81fc79f-6ea8-409c-8690-f034ab9400d8,BinaryAnalysisPlatform__bap (sample analysis: 10 samples),Ocaml,79e5d616-c487-4523-b0f9-b6bc30e4a720,7,7,file,lib/arm/arm_lifter.ml,,,,0
min,3,total_halstead_volume,Total Halstead Volume/File,a81fc79f-6ea8-409c-8690-f034ab9400d8,BinaryAnalysisPlatform__bap (sample analysis: 10 samples),Ocaml,79e5d616-c487-4523-b0f9-b6bc30e4a720,7,7,file,lib/arm/arm_target.ml,,,,0
min,4,total_halstead_volume,Total Halstead Volume/File,a81fc79f-6ea8-409c-8690-f034ab9400d8,BinaryAnalysisPlatform__bap (sample analysis: 10 samples),Ocaml,79e5d616-c487-4523-b0f9-b6bc30e4a720,7,7,file,lib/bap/bap_init_toplevel.mli,,,,0
min,5,total_halstead_volume,Total Halstead Volume/File,a81fc79f-6ea8-409c-8690-f034ab9400d8,BinaryAnalysisPlatform__bap (sample analysis: 10 samples),Ocaml,79e5d616-c487-4523-b0f9-b6bc30e4a720,7,7,file,lib/bap_api/bap_api_attr.ml,,,,0
max,1,total_halstead_volume,Total Halstead Volume/File,729d4ded-b025-47be-ae9b-ed0561b8f9e6,bcpierce00__unison (sample analysis: 10 samples),Ocaml,d590ca73-3c0e-4043-8b8f-ddcbc5f16929,7,7,file,src/uigtk2.ml,,,,199599.81888589353
max,2,total_halstead_volume,Total Halstead Volume/File,a81fc79f-6ea8-409c-8690-f034ab9400d8,BinaryAnalysisPlatform__bap (sample analysis: 10 samples),Ocaml,79e5d616-c487-4523-b0f9-b6bc30e4a720,7,7,file,lib/bap/bap.mli,,,,180230.8435949334
max,3,total_halstead_volume,Total Halstead Volume/File,e749ce64-7ffd-4d8c-a44a-47ef93013510,airbus-seclab__bincat (sample analysis: 10 samples),Ocaml,27537c90-084d-499b-8dfc-8af835951835,7,7,file,ocaml/src/disassembly/core_x86.ml,,,,179873.28158992028
max,4,total_halstead_volume,Total Halstead Volume/File,729d4ded-b025-47be-ae9b-ed0561b8f9e6,bcpierce00__unison (sample analysis: 10 samples),Ocaml,d590ca73-3c0e-4043-8b8f-ddcbc5f16929,7,7,file,unicode_utils/unicode_build.ml,,,,156076.00862100627
max,5,total_halstead_volume,Total Halstead Volume/File,e9d92337-e257-41dd-9d58-bc6f84121654,astrada__google-drive-ocamlfuse (sample analysis: 10 samples),Ocaml,437c1c54-98cc-4ca1-bcd3-65ba2213a1ee,7,7,file,src/drive.ml,,,,118423.4603014889
min,1,total_halstead_difficulty,Total Halstead Difficulty/File,a81fc79f-6ea8-409c-8690-f034ab9400d8,BinaryAnalysisPlatform__bap (sample analysis: 10 samples),Ocaml,79e5d616-c487-4523-b0f9-b6bc30e4a720,7,7,file,lib/arm/arm_env.ml,,,,0
min,2,total_halstead_difficulty,Total Halstead Difficulty/File,a81fc79f-6ea8-409c-8690-f034ab9400d8,BinaryAnalysisPlatform__bap (sample analysis: 10 samples),Ocaml,79e5d616-c487-4523-b0f9-b6bc30e4a720,7,7,file,lib/arm/arm_lifter.ml,,,,0
min,3,total_halstead_difficulty,Total Halstead Difficulty/File,a81fc79f-6ea8-409c-8690-f034ab9400d8,BinaryAnalysisPlatform__bap (sample analysis: 10 samples),Ocaml,79e5d616-c487-4523-b0f9-b6bc30e4a720,7,7,file,lib/arm/arm_target.ml,,,,0
min,4,total_halstead_difficulty,Total Halstead Difficulty/File,a81fc79f-6ea8-409c-8690-f034ab9400d8,BinaryAnalysisPlatform__bap (sample analysis: 10 samples),Ocaml,79e5d616-c487-4523-b0f9-b6bc30e4a720,7,7,file,lib/bap/bap_init_toplevel.mli,,,,0
min,5,total_halstead_difficulty,Total Halstead Difficulty/File,a81fc79f-6ea8-409c-8690-f034ab9400d8,BinaryAnalysisPlatform__bap (sample analysis: 10 samples),Ocaml,79e5d616-c487-4523-b0f9-b6bc30e4a720,7,7,file,lib/bap_api/bap_api_attr.ml,,,,0
max,1,total_halstead_difficulty,Total Halstead Difficulty/File,a81fc79f-6ea8-409c-8690-f034ab9400d8,BinaryAnalysisPlatform__bap (sample analysis: 10 samples),Ocaml,79e5d616-c487-4523-b0f9-b6bc30e4a720,7,7,file,lib/monads/monads_monad.ml,,,,462.2879310344828
max,2,total_halstead_difficulty,Total Halstead Difficulty/File,a81fc79f-6ea8-409c-8690-f034ab9400d8,BinaryAnalysisPlatform__bap (sample analysis: 10 samples),Ocaml,79e5d616-c487-4523-b0f9-b6bc30e4a720,7,7,file,lib/monads/monads.mli,,,,299.80167597765364
max,3,total_halstead_difficulty,Total Halstead Difficulty/File,e749ce64-7ffd-4d8c-a44a-47ef93013510,airbus-seclab__bincat (sample analysis: 10 samples),Ocaml,27537c90-084d-499b-8dfc-8af835951835,7,7,file,ocaml/src/disassembly/core_x86.ml,,,,290.4789029535865
max,4,total_halstead_difficulty,Total Halstead Difficulty/File,a81fc79f-6ea8-409c-8690-f034ab9400d8,BinaryAnalysisPlatform__bap (sample analysis: 10 samples),Ocaml,79e5d616-c487-4523-b0f9-b6bc30e4a720,7,7,file,lib/graphlib/graphlib_graph.ml,,,,273.4526112185687
max,5,total_halstead_difficulty,Total Halstead Difficulty/File,a81fc79f-6ea8-409c-8690-f034ab9400d8,BinaryAnalysisPlatform__bap (sample analysis: 10 samples),Ocaml,79e5d616-c487-4523-b0f9-b6bc30e4a720,7,7,file,lib/bitvec/bitvec.ml,,,,267.5189189189189
min,1,total_halstead_effort,Total Halstead Effort/File,a81fc79f-6ea8-409c-8690-f034ab9400d8,BinaryAnalysisPlatform__bap (sample analysis: 10 samples),Ocaml,79e5d616-c487-4523-b0f9-b6bc30e4a720,7,7,file,lib/arm/arm_env.ml,,,,0
min,2,total_halstead_effort,Total Halstead Effort/File,a81fc79f-6ea8-409c-8690-f034ab9400d8,BinaryAnalysisPlatform__bap (sample analysis: 10 samples),Ocaml,79e5d616-c487-4523-b0f9-b6bc30e4a720,7,7,file,lib/arm/arm_lifter.ml,,,,0
min,3,total_halstead_effort,Total Halstead Effort/File,a81fc79f-6ea8-409c-8690-f034ab9400d8,BinaryAnalysisPlatform__bap (sample analysis: 10 samples),Ocaml,79e5d616-c487-4523-b0f9-b6bc30e4a720,7,7,file,lib/arm/arm_target.ml,,,,0
min,4,total_halstead_effort,Total Halstead Effort/File,a81fc79f-6ea8-409c-8690-f034ab9400d8,BinaryAnalysisPlatform__bap (sample analysis: 10 samples),Ocaml,79e5d616-c487-4523-b0f9-b6bc30e4a720,7,7,file,lib/bap/bap_init_toplevel.mli,,,,0
min,5,total_halstead_effort,Total Halstead Effort/File,a81fc79f-6ea8-409c-8690-f034ab9400d8,BinaryAnalysisPlatform__bap (sample analysis: 10 samples),Ocaml,79e5d616-c487-4523-b0f9-b6bc30e4a720,7,7,file,lib/bap_api/bap_api_attr.ml,,,,0
max,1,total_halstead_effort,Total Halstead Effort/File,e749ce64-7ffd-4d8c-a44a-47ef93013510,airbus-seclab__bincat (sample analysis: 10 samples),Ocaml,27537c90-084d-499b-8dfc-8af835951835,7,7,file,ocaml/src/disassembly/core_x86.ml,,,,52249393.50690159
max,2,total_halstead_effort,Total Halstead Effort/File,729d4ded-b025-47be-ae9b-ed0561b8f9e6,bcpierce00__unison (sample analysis: 10 samples),Ocaml,d590ca73-3c0e-4043-8b8f-ddcbc5f16929,7,7,file,src/uigtk2.ml,,,,44821657.02530279
max,3,total_halstead_effort,Total Halstead Effort/File,a81fc79f-6ea8-409c-8690-f034ab9400d8,BinaryAnalysisPlatform__bap (sample analysis: 10 samples),Ocaml,79e5d616-c487-4523-b0f9-b6bc30e4a720,7,7,file,lib/bap/bap.mli,,,,37482954.190631494
max,4,total_halstead_effort,Total Halstead Effort/File,a81fc79f-6ea8-409c-8690-f034ab9400d8,BinaryAnalysisPlatform__bap (sample analysis: 10 samples),Ocaml,79e5d616-c487-4523-b0f9-b6bc30e4a720,7,7,file,lib/monads/monads_monad.ml,,,,31501652.28585667
max,5,total_halstead_effort,Total Halstead Effort/File,e749ce64-7ffd-4d8c-a44a-47ef93013510,airbus-seclab__bincat (sample analysis: 10 samples),Ocaml,27537c90-084d-499b-8dfc-8af835951835,7,7,file,ocaml/src/disassembly/armv7.ml,,,,24383148.25421231
min,1,total_halstead_time_seconds,Total Halstead Time Seconds/File,a81fc79f-6ea8-409c-8690-f034ab9400d8,BinaryAnalysisPlatform__bap (sample analysis: 10 samples),Ocaml,79e5d616-c487-4523-b0f9-b6bc30e4a720,7,7,file,lib/arm/arm_env.ml,,,,0
min,2,total_halstead_time_seconds,Total Halstead Time Seconds/File,a81fc79f-6ea8-409c-8690-f034ab9400d8,BinaryAnalysisPlatform__bap (sample analysis: 10 samples),Ocaml,79e5d616-c487-4523-b0f9-b6bc30e4a720,7,7,file,lib/arm/arm_lifter.ml,,,,0
min,3,total_halstead_time_seconds,Total Halstead Time Seconds/File,a81fc79f-6ea8-409c-8690-f034ab9400d8,BinaryAnalysisPlatform__bap (sample analysis: 10 samples),Ocaml,79e5d616-c487-4523-b0f9-b6bc30e4a720,7,7,file,lib/arm/arm_target.ml,,,,0
min,4,total_halstead_time_seconds,Total Halstead Time Seconds/File,a81fc79f-6ea8-409c-8690-f034ab9400d8,BinaryAnalysisPlatform__bap (sample analysis: 10 samples),Ocaml,79e5d616-c487-4523-b0f9-b6bc30e4a720,7,7,file,lib/bap/bap_init_toplevel.mli,,,,0
min,5,total_halstead_time_seconds,Total Halstead Time Seconds/File,a81fc79f-6ea8-409c-8690-f034ab9400d8,BinaryAnalysisPlatform__bap (sample analysis: 10 samples),Ocaml,79e5d616-c487-4523-b0f9-b6bc30e4a720,7,7,file,lib/bap_api/bap_api_attr.ml,,,,0
max,1,total_halstead_time_seconds,Total Halstead Time Seconds/File,e749ce64-7ffd-4d8c-a44a-47ef93013510,airbus-seclab__bincat (sample analysis: 10 samples),Ocaml,27537c90-084d-499b-8dfc-8af835951835,7,7,file,ocaml/src/disassembly/core_x86.ml,,,,2902744.0837167553
max,2,total_halstead_time_seconds,Total Halstead Time Seconds/File,729d4ded-b025-47be-ae9b-ed0561b8f9e6,bcpierce00__unison (sample analysis: 10 samples),Ocaml,d590ca73-3c0e-4043-8b8f-ddcbc5f16929,7,7,file,src/uigtk2.ml,,,,2490092.0569612663
max,3,total_halstead_time_seconds,Total Halstead Time Seconds/File,a81fc79f-6ea8-409c-8690-f034ab9400d8,BinaryAnalysisPlatform__bap (sample analysis: 10 samples),Ocaml,79e5d616-c487-4523-b0f9-b6bc30e4a720,7,7,file,lib/bap/bap.mli,,,,2082386.343923972
max,4,total_halstead_time_seconds,Total Halstead Time Seconds/File,a81fc79f-6ea8-409c-8690-f034ab9400d8,BinaryAnalysisPlatform__bap (sample analysis: 10 samples),Ocaml,79e5d616-c487-4523-b0f9-b6bc30e4a720,7,7,file,lib/monads/monads_monad.ml,,,,1750091.793658704
max,5,total_halstead_time_seconds,Total Halstead Time Seconds/File,e749ce64-7ffd-4d8c-a44a-47ef93013510,airbus-seclab__bincat (sample analysis: 10 samples),Ocaml,27537c90-084d-499b-8dfc-8af835951835,7,7,file,ocaml/src/disassembly/armv7.ml,,,,1354619.3474562394
min,1,total_halstead_bugs,Total Halstead Bugs/File,a81fc79f-6ea8-409c-8690-f034ab9400d8,BinaryAnalysisPlatform__bap (sample analysis: 10 samples),Ocaml,79e5d616-c487-4523-b0f9-b6bc30e4a720,7,7,file,lib/arm/arm_env.ml,,,,0
min,2,total_halstead_bugs,Total Halstead Bugs/File,a81fc79f-6ea8-409c-8690-f034ab9400d8,BinaryAnalysisPlatform__bap (sample analysis: 10 samples),Ocaml,79e5d616-c487-4523-b0f9-b6bc30e4a720,7,7,file,lib/arm/arm_lifter.ml,,,,0
min,3,total_halstead_bugs,Total Halstead Bugs/File,a81fc79f-6ea8-409c-8690-f034ab9400d8,BinaryAnalysisPlatform__bap (sample analysis: 10 samples),Ocaml,79e5d616-c487-4523-b0f9-b6bc30e4a720,7,7,file,lib/arm/arm_target.ml,,,,0
min,4,total_halstead_bugs,Total Halstead Bugs/File,a81fc79f-6ea8-409c-8690-f034ab9400d8,BinaryAnalysisPlatform__bap (sample analysis: 10 samples),Ocaml,79e5d616-c487-4523-b0f9-b6bc30e4a720,7,7,file,lib/bap/bap_init_toplevel.mli,,,,0
min,5,total_halstead_bugs,Total Halstead Bugs/File,a81fc79f-6ea8-409c-8690-f034ab9400d8,BinaryAnalysisPlatform__bap (sample analysis: 10 samples),Ocaml,79e5d616-c487-4523-b0f9-b6bc30e4a720,7,7,file,lib/bap_api/bap_api_attr.ml,,,,0
max,1,total_halstead_bugs,Total Halstead Bugs/File,729d4ded-b025-47be-ae9b-ed0561b8f9e6,bcpierce00__unison (sample analysis: 10 samples),Ocaml,d590ca73-3c0e-4043-8b8f-ddcbc5f16929,7,7,file,src/uigtk2.ml,,,,66.53327296196451
max,2,total_halstead_bugs,Total Halstead Bugs/File,a81fc79f-6ea8-409c-8690-f034ab9400d8,BinaryAnalysisPlatform__bap (sample analysis: 10 samples),Ocaml,79e5d616-c487-4523-b0f9-b6bc30e4a720,7,7,file,lib/bap/bap.mli,,,,60.0769478649778
max,3,total_halstead_bugs,Total Halstead Bugs/File,e749ce64-7ffd-4d8c-a44a-47ef93013510,airbus-seclab__bincat (sample analysis: 10 samples),Ocaml,27537c90-084d-499b-8dfc-8af835951835,7,7,file,ocaml/src/disassembly/core_x86.ml,,,,59.95776052997343
max,4,total_halstead_bugs,Total Halstead Bugs/File,729d4ded-b025-47be-ae9b-ed0561b8f9e6,bcpierce00__unison (sample analysis: 10 samples),Ocaml,d590ca73-3c0e-4043-8b8f-ddcbc5f16929,7,7,file,unicode_utils/unicode_build.ml,,,,52.02533620700209
max,5,total_halstead_bugs,Total Halstead Bugs/File,e9d92337-e257-41dd-9d58-bc6f84121654,astrada__google-drive-ocamlfuse (sample analysis: 10 samples),Ocaml,437c1c54-98cc-4ca1-bcd3-65ba2213a1ee,7,7,file,src/drive.ml,,,,39.474486767162965
min,1,mean_outdegree_per_file,Mean Outdegree/File,069ad96b-3762-4b18-b863-c8f40f8d0442,AlistGo__alist (sample analysis: 10 samples),Golang,f901f769-c6da-4f32-a6bd-125da4c20252,7,7,file,cmd/flags/config.go,,,,0
min,2,mean_outdegree_per_file,Mean Outdegree/File,069ad96b-3762-4b18-b863-c8f40f8d0442,AlistGo__alist (sample analysis: 10 samples),Golang,f901f769-c6da-4f32-a6bd-125da4c20252,7,7,file,drivers/139/types.go,,,,0
min,3,mean_outdegree_per_file,Mean Outdegree/File,069ad96b-3762-4b18-b863-c8f40f8d0442,AlistGo__alist (sample analysis: 10 samples),Golang,f901f769-c6da-4f32-a6bd-125da4c20252,7,7,file,drivers/189/types.go,,,,0
min,4,mean_outdegree_per_file,Mean Outdegree/File,069ad96b-3762-4b18-b863-c8f40f8d0442,AlistGo__alist (sample analysis: 10 samples),Golang,f901f769-c6da-4f32-a6bd-125da4c20252,7,7,file,drivers/alias/types.go,,,,0
min,5,mean_outdegree_per_file,Mean Outdegree/File,069ad96b-3762-4b18-b863-c8f40f8d0442,AlistGo__alist (sample analysis: 10 samples),Golang,f901f769-c6da-4f32-a6bd-125da4c20252,7,7,file,drivers/alist_v2/types.go,,,,0
max,1,mean_outdegree_per_file,Mean Outdegree/File,24cc32f1-80f1-40da-9ad5-e2285210d73d,router-for-me__CLIProxyAPI (sample analysis: 10 samples),Golang,e65931c9-f7fc-4c7e-82ed-719b9a266861,7,7,file,internal/translator/claude/gemini/claude_gemini_request.go,,,,103
max,2,mean_outdegree_per_file,Mean Outdegree/File,24cc32f1-80f1-40da-9ad5-e2285210d73d,router-for-me__CLIProxyAPI (sample analysis: 10 samples),Golang,e65931c9-f7fc-4c7e-82ed-719b9a266861,7,7,file,internal/translator/gemini/openai/responses/gemini_openai-responses_request.go,,,,91
max,3,mean_outdegree_per_file,Mean Outdegree/File,24cc32f1-80f1-40da-9ad5-e2285210d73d,router-for-me__CLIProxyAPI (sample analysis: 10 samples),Golang,e65931c9-f7fc-4c7e-82ed-719b9a266861,7,7,file,internal/translator/openai/gemini/openai_gemini_request.go,,,,87
max,4,mean_outdegree_per_file,Mean Outdegree/File,24cc32f1-80f1-40da-9ad5-e2285210d73d,router-for-me__CLIProxyAPI (sample analysis: 10 samples),Golang,e65931c9-f7fc-4c7e-82ed-719b9a266861,7,7,file,internal/translator/claude/openai/responses/claude_openai-responses_request.go,,,,81
max,5,mean_outdegree_per_file,Mean Outdegree/File,24cc32f1-80f1-40da-9ad5-e2285210d73d,router-for-me__CLIProxyAPI (sample analysis: 10 samples),Golang,e65931c9-f7fc-4c7e-82ed-719b9a266861,7,7,file,internal/translator/claude/openai/chat-completions/claude_openai_request.go,,,,79
min,1,mean_indegree_per_file,Mean Indegree/File,069ad96b-3762-4b18-b863-c8f40f8d0442,AlistGo__alist (sample analysis: 10 samples),Golang,f901f769-c6da-4f32-a6bd-125da4c20252,7,7,file,cmd/admin.go,,,,0
min,2,mean_indegree_per_file,Mean Indegree/File,069ad96b-3762-4b18-b863-c8f40f8d0442,AlistGo__alist (sample analysis: 10 samples),Golang,f901f769-c6da-4f32-a6bd-125da4c20252,7,7,file,cmd/cancel2FA.go,,,,0
min,3,mean_indegree_per_file,Mean Indegree/File,069ad96b-3762-4b18-b863-c8f40f8d0442,AlistGo__alist (sample analysis: 10 samples),Golang,f901f769-c6da-4f32-a6bd-125da4c20252,7,7,file,cmd/common.go,,,,0
min,4,mean_indegree_per_file,Mean Indegree/File,069ad96b-3762-4b18-b863-c8f40f8d0442,AlistGo__alist (sample analysis: 10 samples),Golang,f901f769-c6da-4f32-a6bd-125da4c20252,7,7,file,cmd/flags/config.go,,,,0
min,5,mean_indegree_per_file,Mean Indegree/File,069ad96b-3762-4b18-b863-c8f40f8d0442,AlistGo__alist (sample analysis: 10 samples),Golang,f901f769-c6da-4f32-a6bd-125da4c20252,7,7,file,cmd/restart.go,,,,0
max,1,mean_indegree_per_file,Mean Indegree/File,a81fc79f-6ea8-409c-8690-f034ab9400d8,BinaryAnalysisPlatform__bap (sample analysis: 10 samples),Ocaml,79e5d616-c487-4523-b0f9-b6bc30e4a720,7,7,file,lib/bap_core_theory/bap_core_theory_parser.ml,,,,3.5783132530120483
max,2,mean_indegree_per_file,Mean Indegree/File,a81fc79f-6ea8-409c-8690-f034ab9400d8,BinaryAnalysisPlatform__bap (sample analysis: 10 samples),Ocaml,79e5d616-c487-4523-b0f9-b6bc30e4a720,7,7,file,lib/bap_future/bap_future.ml,,,,3.4722222222222223
max,3,mean_indegree_per_file,Mean Indegree/File,e749ce64-7ffd-4d8c-a44a-47ef93013510,airbus-seclab__bincat (sample analysis: 10 samples),Ocaml,27537c90-084d-499b-8dfc-8af835951835,7,7,file,ocaml/src/disassembly/powerpc.ml,,,,3.4
max,4,mean_indegree_per_file,Mean Indegree/File,729d4ded-b025-47be-ae9b-ed0561b8f9e6,bcpierce00__unison (sample analysis: 10 samples),Ocaml,d590ca73-3c0e-4043-8b8f-ddcbc5f16929,7,7,file,src/unicode.ml,,,,3.388888888888889
max,5,mean_indegree_per_file,Mean Indegree/File,e749ce64-7ffd-4d8c-a44a-47ef93013510,airbus-seclab__bincat (sample analysis: 10 samples),Ocaml,27537c90-084d-499b-8dfc-8af835951835,7,7,file,ocaml/src/disassembly/core_x86.ml,,,,2.8536585365853657
min,1,mean_cyclomatic_per_function_per_file,Mean Function Cyclomatic/File,069ad96b-3762-4b18-b863-c8f40f8d0442,AlistGo__alist (sample analysis: 10 samples),Golang,f901f769-c6da-4f32-a6bd-125da4c20252,7,7,file,cmd/flags/config.go,,,,0
min,2,mean_cyclomatic_per_function_per_file,Mean Function Cyclomatic/File,069ad96b-3762-4b18-b863-c8f40f8d0442,AlistGo__alist (sample analysis: 10 samples),Golang,f901f769-c6da-4f32-a6bd-125da4c20252,7,7,file,drivers/139/types.go,,,,0
min,3,mean_cyclomatic_per_function_per_file,Mean Function Cyclomatic/File,069ad96b-3762-4b18-b863-c8f40f8d0442,AlistGo__alist (sample analysis: 10 samples),Golang,f901f769-c6da-4f32-a6bd-125da4c20252,7,7,file,drivers/189/types.go,,,,0
min,4,mean_cyclomatic_per_function_per_file,Mean Function Cyclomatic/File,069ad96b-3762-4b18-b863-c8f40f8d0442,AlistGo__alist (sample analysis: 10 samples),Golang,f901f769-c6da-4f32-a6bd-125da4c20252,7,7,file,drivers/alias/types.go,,,,0
min,5,mean_cyclomatic_per_function_per_file,Mean Function Cyclomatic/File,069ad96b-3762-4b18-b863-c8f40f8d0442,AlistGo__alist (sample analysis: 10 samples),Golang,f901f769-c6da-4f32-a6bd-125da4c20252,7,7,file,drivers/alist_v2/types.go,,,,0
max,1,mean_cyclomatic_per_function_per_file,Mean Function Cyclomatic/File,e9d92337-e257-41dd-9d58-bc6f84121654,astrada__google-drive-ocamlfuse (sample analysis: 10 samples),Ocaml,437c1c54-98cc-4ca1-bcd3-65ba2213a1ee,7,7,file,src/mime.ml,,,,772
max,2,mean_cyclomatic_per_function_per_file,Mean Function Cyclomatic/File,9539fa79-4e99-4b7c-8679-62b23d3abedd,go-gorm__gorm (sample analysis: 10 samples),Golang,ec49858b-b540-4a27-9c96-070d0b2b3b80,7,7,file,schema/field.go,,,,146
max,3,mean_cyclomatic_per_function_per_file,Mean Function Cyclomatic/File,24cc32f1-80f1-40da-9ad5-e2285210d73d,router-for-me__CLIProxyAPI (sample analysis: 10 samples),Golang,e65931c9-f7fc-4c7e-82ed-719b9a266861,7,7,file,internal/translator/gemini/openai/responses/gemini_openai-responses_request.go,,,,97
max,4,mean_cyclomatic_per_function_per_file,Mean Function Cyclomatic/File,24cc32f1-80f1-40da-9ad5-e2285210d73d,router-for-me__CLIProxyAPI (sample analysis: 10 samples),Golang,e65931c9-f7fc-4c7e-82ed-719b9a266861,7,7,file,internal/translator/antigravity/claude/antigravity_claude_request.go,,,,95
max,5,mean_cyclomatic_per_function_per_file,Mean Function Cyclomatic/File,24cc32f1-80f1-40da-9ad5-e2285210d73d,router-for-me__CLIProxyAPI (sample analysis: 10 samples),Golang,e65931c9-f7fc-4c7e-82ed-719b9a266861,7,7,file,internal/translator/claude/openai/responses/claude_openai-responses_request.go,,,,79
min,1,function_length,Function Length,069ad96b-3762-4b18-b863-c8f40f8d0442,AlistGo__alist (sample analysis: 10 samples),Golang,f901f769-c6da-4f32-a6bd-125da4c20252,7,7,function,cmd/storage.go,Init:58:16,58,58,0
min,2,function_length,Function Length,069ad96b-3762-4b18-b863-c8f40f8d0442,AlistGo__alist (sample analysis: 10 samples),Golang,f901f769-c6da-4f32-a6bd-125da4c20252,7,7,function,drivers/189pc/help.go,UnmarshalJSON:89:16,89,89,0
min,3,function_length,Function Length,069ad96b-3762-4b18-b863-c8f40f8d0442,AlistGo__alist (sample analysis: 10 samples),Golang,f901f769-c6da-4f32-a6bd-125da4c20252,7,7,function,drivers/189pc/help.go,UnmarshalJSON:118:18,118,118,0
min,4,function_length,Function Length,069ad96b-3762-4b18-b863-c8f40f8d0442,AlistGo__alist (sample analysis: 10 samples),Golang,f901f769-c6da-4f32-a6bd-125da4c20252,7,7,function,drivers/189pc/types.go,GetSize:188:24,188,188,0
min,5,function_length,Function Length,069ad96b-3762-4b18-b863-c8f40f8d0442,AlistGo__alist (sample analysis: 10 samples),Golang,f901f769-c6da-4f32-a6bd-125da4c20252,7,7,function,drivers/189pc/types.go,GetName:189:24,189,189,0
max,1,function_length,Function Length,729d4ded-b025-47be-ae9b-ed0561b8f9e6,bcpierce00__unison (sample analysis: 10 samples),Ocaml,d590ca73-3c0e-4043-8b8f-ddcbc5f16929,7,7,function,src/uigtk2.ml,createToplevelWindow:2647:5,2647,4238,1591
max,2,function_length,Function Length,a81fc79f-6ea8-409c-8690-f034ab9400d8,BinaryAnalysisPlatform__bap (sample analysis: 10 samples),Ocaml,79e5d616-c487-4523-b0f9-b6bc30e4a720,7,7,function,plugins/x86/x86_lifter.ml,to_ir:365:11,365,1679,1314
max,3,function_length,Function Length,24cc32f1-80f1-40da-9ad5-e2285210d73d,router-for-me__CLIProxyAPI (sample analysis: 10 samples),Golang,e65931c9-f7fc-4c7e-82ed-719b9a266861,7,7,function,test/thinking_conversion_test.go,TestThinkingE2EMatrix_Suffix:44:6,44,1322,1278
max,4,function_length,Function Length,24cc32f1-80f1-40da-9ad5-e2285210d73d,router-for-me__CLIProxyAPI (sample analysis: 10 samples),Golang,e65931c9-f7fc-4c7e-82ed-719b9a266861,7,7,function,test/thinking_conversion_test.go,TestThinkingE2EMatrix_Body:1326:6,1326,2591,1265
max,5,function_length,Function Length,a81fc79f-6ea8-409c-8690-f034ab9400d8,BinaryAnalysisPlatform__bap (sample analysis: 10 samples),Ocaml,79e5d616-c487-4523-b0f9-b6bc30e4a720,7,7,function,plugins/x86/x86_disasm.ml,parse_instr:25:5,25,1259,1234
min,1,cyclomatic,Function Cyclomatic,069ad96b-3762-4b18-b863-c8f40f8d0442,AlistGo__alist (sample analysis: 10 samples),Golang,f901f769-c6da-4f32-a6bd-125da4c20252,7,7,function,cmd/admin.go,init:86:6,86,100,1
min,2,cyclomatic,Function Cyclomatic,069ad96b-3762-4b18-b863-c8f40f8d0442,AlistGo__alist (sample analysis: 10 samples),Golang,f901f769-c6da-4f32-a6bd-125da4c20252,7,7,function,cmd/cancel2FA.go,init:34:6,34,46,1
min,3,cyclomatic,Function Cyclomatic,069ad96b-3762-4b18-b863-c8f40f8d0442,AlistGo__alist (sample analysis: 10 samples),Golang,f901f769-c6da-4f32-a6bd-125da4c20252,7,7,function,cmd/common.go,Init:15:6,15,21,1
min,4,cyclomatic,Function Cyclomatic,069ad96b-3762-4b18-b863-c8f40f8d0442,AlistGo__alist (sample analysis: 10 samples),Golang,f901f769-c6da-4f32-a6bd-125da4c20252,7,7,function,cmd/common.go,Release:23:6,23,25,1
min,5,cyclomatic,Function Cyclomatic,069ad96b-3762-4b18-b863-c8f40f8d0442,AlistGo__alist (sample analysis: 10 samples),Golang,f901f769-c6da-4f32-a6bd-125da4c20252,7,7,function,cmd/lang.go,convert:34:6,34,38,1
max,1,cyclomatic,Function Cyclomatic,e9d92337-e257-41dd-9d58-bc6f84121654,astrada__google-drive-ocamlfuse (sample analysis: 10 samples),Ocaml,437c1c54-98cc-4ca1-bcd3-65ba2213a1ee,7,7,function,src/mime.ml,map_filename_to_mime_type:3:5,3,790,772
max,2,cyclomatic,Function Cyclomatic,a81fc79f-6ea8-409c-8690-f034ab9400d8,BinaryAnalysisPlatform__bap (sample analysis: 10 samples),Ocaml,79e5d616-c487-4523-b0f9-b6bc30e4a720,7,7,function,plugins/x86/x86_disasm.ml,get_opcode:420:7,420,1188,418
max,3,cyclomatic,Function Cyclomatic,3e629e34-e52d-445d-9487-cfbcb29d77e8,junegunn__fzf (sample analysis: 10 samples),Golang,83725aab-d5f2-4947-952a-e1fe3f96abc4,7,7,function,src/terminal.go,Loop:1922:20,1922,2827,279
max,4,cyclomatic,Function Cyclomatic,a81fc79f-6ea8-409c-8690-f034ab9400d8,BinaryAnalysisPlatform__bap (sample analysis: 10 samples),Ocaml,79e5d616-c487-4523-b0f9-b6bc30e4a720,7,7,function,plugins/x86/x86_lifter.ml,to_ir:365:11,365,1679,251
max,5,cyclomatic,Function Cyclomatic,e749ce64-7ffd-4d8c-a44a-47ef93013510,airbus-seclab__bincat (sample analysis: 10 samples),Ocaml,27537c90-084d-499b-8dfc-8af835951835,7,7,function,ocaml/src/disassembly/core_x86.ml,decode:2650:13,2650,2931,215
min,1,cyclomatic_match_as_single_branch,Function Cyclomatic Match As Single Branch,069ad96b-3762-4b18-b863-c8f40f8d0442,AlistGo__alist (sample analysis: 10 samples),Golang,f901f769-c6da-4f32-a6bd-125da4c20252,7,7,function,cmd/admin.go,init:86:6,86,100,1
min,2,cyclomatic_match_as_single_branch,Function Cyclomatic Match As Single Branch,069ad96b-3762-4b18-b863-c8f40f8d0442,AlistGo__alist (sample analysis: 10 samples),Golang,f901f769-c6da-4f32-a6bd-125da4c20252,7,7,function,cmd/cancel2FA.go,init:34:6,34,46,1
min,3,cyclomatic_match_as_single_branch,Function Cyclomatic Match As Single Branch,069ad96b-3762-4b18-b863-c8f40f8d0442,AlistGo__alist (sample analysis: 10 samples),Golang,f901f769-c6da-4f32-a6bd-125da4c20252,7,7,function,cmd/common.go,Init:15:6,15,21,1
min,4,cyclomatic_match_as_single_branch,Function Cyclomatic Match As Single Branch,069ad96b-3762-4b18-b863-c8f40f8d0442,AlistGo__alist (sample analysis: 10 samples),Golang,f901f769-c6da-4f32-a6bd-125da4c20252,7,7,function,cmd/common.go,Release:23:6,23,25,1
min,5,cyclomatic_match_as_single_branch,Function Cyclomatic Match As Single Branch,069ad96b-3762-4b18-b863-c8f40f8d0442,AlistGo__alist (sample analysis: 10 samples),Golang,f901f769-c6da-4f32-a6bd-125da4c20252,7,7,function,cmd/lang.go,convert:34:6,34,38,1
max,1,cyclomatic_match_as_single_branch,Function Cyclomatic Match As Single Branch,3e629e34-e52d-445d-9487-cfbcb29d77e8,junegunn__fzf (sample analysis: 10 samples),Golang,83725aab-d5f2-4947-952a-e1fe3f96abc4,7,7,function,src/terminal.go,Loop:1922:20,1922,2827,185
max,2,cyclomatic_match_as_single_branch,Function Cyclomatic Match As Single Branch,24cc32f1-80f1-40da-9ad5-e2285210d73d,router-for-me__CLIProxyAPI (sample analysis: 10 samples),Golang,e65931c9-f7fc-4c7e-82ed-719b9a266861,7,7,function,internal/translator/openai/openai/responses/openai_openai-responses_response.go,ConvertOpenAIChatCompletionsResponseToOpenAIResponses:59:6,59,602,110
max,3,cyclomatic_match_as_single_branch,Function Cyclomatic Match As Single Branch,24cc32f1-80f1-40da-9ad5-e2285210d73d,router-for-me__CLIProxyAPI (sample analysis: 10 samples),Golang,e65931c9-f7fc-4c7e-82ed-719b9a266861,7,7,function,internal/translator/antigravity/openai/chat-completions/antigravity_openai_request.go,ConvertOpenAIRequestToAntigravity:29:6,29,414,110
max,4,cyclomatic_match_as_single_branch,Function Cyclomatic Match As Single Branch,24cc32f1-80f1-40da-9ad5-e2285210d73d,router-for-me__CLIProxyAPI (sample analysis: 10 samples),Golang,e65931c9-f7fc-4c7e-82ed-719b9a266861,7,7,function,internal/translator/gemini/openai/chat-completions/gemini_openai_request.go,ConvertOpenAIRequestToGemini:29:6,29,400,104
max,5,cyclomatic_match_as_single_branch,Function Cyclomatic Match As Single Branch,24cc32f1-80f1-40da-9ad5-e2285210d73d,router-for-me__CLIProxyAPI (sample analysis: 10 samples),Golang,e65931c9-f7fc-4c7e-82ed-719b9a266861,7,7,function,internal/translator/gemini-cli/openai/chat-completions/gemini-cli_openai_request.go,ConvertOpenAIRequestToGeminiCLI:29:6,29,392,102
min,1,indegree,Function Indegree,069ad96b-3762-4b18-b863-c8f40f8d0442,AlistGo__alist (sample analysis: 10 samples),Golang,f901f769-c6da-4f32-a6bd-125da4c20252,7,7,function,cmd/admin.go,setAdminPassword:67:6,67,84,0
min,2,indegree,Function Indegree,069ad96b-3762-4b18-b863-c8f40f8d0442,AlistGo__alist (sample analysis: 10 samples),Golang,f901f769-c6da-4f32-a6bd-125da4c20252,7,7,function,cmd/admin.go,init:86:6,86,100,0
min,3,indegree,Function Indegree,069ad96b-3762-4b18-b863-c8f40f8d0442,AlistGo__alist (sample analysis: 10 samples),Golang,f901f769-c6da-4f32-a6bd-125da4c20252,7,7,function,cmd/cancel2FA.go,init:34:6,34,46,0
min,4,indegree,Function Indegree,069ad96b-3762-4b18-b863-c8f40f8d0442,AlistGo__alist (sample analysis: 10 samples),Golang,f901f769-c6da-4f32-a6bd-125da4c20252,7,7,function,cmd/common.go,Init:15:6,15,21,0
min,5,indegree,Function Indegree,069ad96b-3762-4b18-b863-c8f40f8d0442,AlistGo__alist (sample analysis: 10 samples),Golang,f901f769-c6da-4f32-a6bd-125da4c20252,7,7,function,cmd/common.go,Release:23:6,23,25,0
max,1,indegree,Function Indegree,a81fc79f-6ea8-409c-8690-f034ab9400d8,BinaryAnalysisPlatform__bap (sample analysis: 10 samples),Ocaml,79e5d616-c487-4523-b0f9-b6bc30e4a720,7,7,function,lib/bap_core_theory/bap_core_theory_empty.ml,sort:10:5,10,10,75
max,2,indegree,Function Indegree,24e65021-62fe-4607-8cfb-8f06e8e5257f,spf13__cobra (sample analysis: 10 samples),Golang,7ef78c05-66e0-4001-a92d-efd04b3e2219,7,7,function,command_test.go,executeCommand:18:6,18,21,63
max,3,indegree,Function Indegree,a81fc79f-6ea8-409c-8690-f034ab9400d8,BinaryAnalysisPlatform__bap (sample analysis: 10 samples),Ocaml,79e5d616-c487-4523-b0f9-b6bc30e4a720,7,7,function,lib/bap_core_theory/bap_core_theory_manager.ml,join2:98:5,98,101,60
max,4,indegree,Function Indegree,e749ce64-7ffd-4d8c-a44a-47ef93013510,airbus-seclab__bincat (sample analysis: 10 samples),Ocaml,27537c90-084d-499b-8dfc-8af835951835,7,7,function,ocaml/src/disassembly/core_x86.ml,return:833:7,833,841,56
max,5,indegree,Function Indegree,a81fc79f-6ea8-409c-8690-f034ab9400d8,BinaryAnalysisPlatform__bap (sample analysis: 10 samples),Ocaml,79e5d616-c487-4523-b0f9-b6bc30e4a720,7,7,function,lib/monads/monads_monad.ml,f:213:15,213,215,51
min,1,outdegree,Function Outdegree,069ad96b-3762-4b18-b863-c8f40f8d0442,AlistGo__alist (sample analysis: 10 samples),Golang,f901f769-c6da-4f32-a6bd-125da4c20252,7,7,function,cmd/storage.go,Init:58:16,58,58,0
min,2,outdegree,Function Outdegree,069ad96b-3762-4b18-b863-c8f40f8d0442,AlistGo__alist (sample analysis: 10 samples),Golang,f901f769-c6da-4f32-a6bd-125da4c20252,7,7,function,drivers/115/driver.go,Config:25:18,25,27,0
min,3,outdegree,Function Outdegree,069ad96b-3762-4b18-b863-c8f40f8d0442,AlistGo__alist (sample analysis: 10 samples),Golang,f901f769-c6da-4f32-a6bd-125da4c20252,7,7,function,drivers/115/driver.go,GetAddition:29:18,29,31,0
min,4,outdegree,Function Outdegree,069ad96b-3762-4b18-b863-c8f40f8d0442,AlistGo__alist (sample analysis: 10 samples),Golang,f901f769-c6da-4f32-a6bd-125da4c20252,7,7,function,drivers/115/driver.go,Drop:48:18,48,50,0
min,5,outdegree,Function Outdegree,069ad96b-3762-4b18-b863-c8f40f8d0442,AlistGo__alist (sample analysis: 10 samples),Golang,f901f769-c6da-4f32-a6bd-125da4c20252,7,7,function,drivers/115/types.go,CreateTime:17:19,17,19,0
max,1,outdegree,Function Outdegree,a81fc79f-6ea8-409c-8690-f034ab9400d8,BinaryAnalysisPlatform__bap (sample analysis: 10 samples),Ocaml,79e5d616-c487-4523-b0f9-b6bc30e4a720,7,7,function,plugins/x86/x86_lifter.ml,to_ir:365:11,365,1679,148
max,2,outdegree,Function Outdegree,3e629e34-e52d-445d-9487-cfbcb29d77e8,junegunn__fzf (sample analysis: 10 samples),Golang,83725aab-d5f2-4947-952a-e1fe3f96abc4,7,7,function,src/terminal.go,Loop:1922:20,1922,2827,130
max,3,outdegree,Function Outdegree,a81fc79f-6ea8-409c-8690-f034ab9400d8,BinaryAnalysisPlatform__bap (sample analysis: 10 samples),Ocaml,79e5d616-c487-4523-b0f9-b6bc30e4a720,7,7,function,plugins/x86/x86_disasm.ml,get_opcode:420:7,420,1188,128
max,4,outdegree,Function Outdegree,729d4ded-b025-47be-ae9b-ed0561b8f9e6,bcpierce00__unison (sample analysis: 10 samples),Ocaml,d590ca73-3c0e-4043-8b8f-ddcbc5f16929,7,7,function,src/uigtk2.ml,createToplevelWindow:2647:5,2647,4238,105
max,5,outdegree,Function Outdegree,e749ce64-7ffd-4d8c-a44a-47ef93013510,airbus-seclab__bincat (sample analysis: 10 samples),Ocaml,27537c90-084d-499b-8dfc-8af835951835,7,7,function,ocaml/src/disassembly/core_x86.ml,decode:2650:13,2650,2931,103
min,1,halstead_unique_operators,Function Halstead Unique Operators,069ad96b-3762-4b18-b863-c8f40f8d0442,AlistGo__alist (sample analysis: 10 samples),Golang,f901f769-c6da-4f32-a6bd-125da4c20252,7,7,function,cmd/admin.go,init:86:6,86,100,1
min,2,halstead_unique_operators,Function Halstead Unique Operators,069ad96b-3762-4b18-b863-c8f40f8d0442,AlistGo__alist (sample analysis: 10 samples),Golang,f901f769-c6da-4f32-a6bd-125da4c20252,7,7,function,cmd/cancel2FA.go,init:34:6,34,46,1
min,3,halstead_unique_operators,Function Halstead Unique Operators,069ad96b-3762-4b18-b863-c8f40f8d0442,AlistGo__alist (sample analysis: 10 samples),Golang,f901f769-c6da-4f32-a6bd-125da4c20252,7,7,function,cmd/common.go,Init:15:6,15,21,1
min,4,halstead_unique_operators,Function Halstead Unique Operators,069ad96b-3762-4b18-b863-c8f40f8d0442,AlistGo__alist (sample analysis: 10 samples),Golang,f901f769-c6da-4f32-a6bd-125da4c20252,7,7,function,cmd/common.go,Release:23:6,23,25,1
min,5,halstead_unique_operators,Function Halstead Unique Operators,069ad96b-3762-4b18-b863-c8f40f8d0442,AlistGo__alist (sample analysis: 10 samples),Golang,f901f769-c6da-4f32-a6bd-125da4c20252,7,7,function,cmd/lang.go,init:149:6,149,161,1
max,1,halstead_unique_operators,Function Halstead Unique Operators,a81fc79f-6ea8-409c-8690-f034ab9400d8,BinaryAnalysisPlatform__bap (sample analysis: 10 samples),Ocaml,79e5d616-c487-4523-b0f9-b6bc30e4a720,7,7,function,plugins/x86/x86_lifter.ml,to_ir:365:11,365,1679,54
max,2,halstead_unique_operators,Function Halstead Unique Operators,729d4ded-b025-47be-ae9b-ed0561b8f9e6,bcpierce00__unison (sample analysis: 10 samples),Ocaml,d590ca73-3c0e-4043-8b8f-ddcbc5f16929,7,7,function,src/uigtk2.ml,createToplevelWindow:2647:5,2647,4238,50
max,3,halstead_unique_operators,Function Halstead Unique Operators,a81fc79f-6ea8-409c-8690-f034ab9400d8,BinaryAnalysisPlatform__bap (sample analysis: 10 samples),Ocaml,79e5d616-c487-4523-b0f9-b6bc30e4a720,7,7,function,plugins/x86/x86_disasm.ml,parse_instr:25:5,25,1259,44
max,4,halstead_unique_operators,Function Halstead Unique Operators,e749ce64-7ffd-4d8c-a44a-47ef93013510,airbus-seclab__bincat (sample analysis: 10 samples),Ocaml,27537c90-084d-499b-8dfc-8af835951835,7,7,function,ocaml/src/npk/c2newspeak/typedC2Cir.ml,translate:883:13,883,914,42
max,5,halstead_unique_operators,Function Halstead Unique Operators,e749ce64-7ffd-4d8c-a44a-47ef93013510,airbus-seclab__bincat (sample analysis: 10 samples),Ocaml,27537c90-084d-499b-8dfc-8af835951835,7,7,function,ocaml/src/npk/c2newspeak/typedC2Cir.ml,translate:771:9,771,776,42
min,1,halstead_unique_operands,Function Halstead Unique Operands,069ad96b-3762-4b18-b863-c8f40f8d0442,AlistGo__alist (sample analysis: 10 samples),Golang,f901f769-c6da-4f32-a6bd-125da4c20252,7,7,function,drivers/all.go,All:70:6,70,72,1
min,2,halstead_unique_operands,Function Halstead Unique Operands,e8c37d0d-f999-4ab0-9696-770ba31bbe18,gin-gonic__gin (sample analysis: 10 samples),Golang,0f626e20-bf6a-4847-9ff3-424a5dc8b416,7,7,function,utils_test.go,somefunction:92:6,92,94,1
min,3,halstead_unique_operands,Function Halstead Unique Operands,3e629e34-e52d-445d-9487-cfbcb29d77e8,junegunn__fzf (sample analysis: 10 samples),Golang,83725aab-d5f2-4947-952a-e1fe3f96abc4,7,7,function,src/protector/protector.go,Protect:6:6,6,8,1
min,4,halstead_unique_operands,Function Halstead Unique Operands,a81fc79f-6ea8-409c-8690-f034ab9400d8,BinaryAnalysisPlatform__bap (sample analysis: 10 samples),Ocaml,79e5d616-c487-4523-b0f9-b6bc30e4a720,7,7,function,lib/bap/bap_project.ml,state:353:5,353,353,1
min,5,halstead_unique_operands,Function Halstead Unique Operands,a81fc79f-6ea8-409c-8690-f034ab9400d8,BinaryAnalysisPlatform__bap (sample analysis: 10 samples),Ocaml,79e5d616-c487-4523-b0f9-b6bc30e4a720,7,7,function,lib/bap/bap_project.ml,extra:698:7,698,698,1
max,1,halstead_unique_operands,Function Halstead Unique Operands,e9d92337-e257-41dd-9d58-bc6f84121654,astrada__google-drive-ocamlfuse (sample analysis: 10 samples),Ocaml,437c1c54-98cc-4ca1-bcd3-65ba2213a1ee,7,7,function,src/mime.ml,map_filename_to_mime_type:3:5,3,790,1764
max,2,halstead_unique_operands,Function Halstead Unique Operands,729d4ded-b025-47be-ae9b-ed0561b8f9e6,bcpierce00__unison (sample analysis: 10 samples),Ocaml,d590ca73-3c0e-4043-8b8f-ddcbc5f16929,7,7,function,src/uigtk2.ml,createToplevelWindow:2647:5,2647,4238,843
max,3,halstead_unique_operands,Function Halstead Unique Operands,a81fc79f-6ea8-409c-8690-f034ab9400d8,BinaryAnalysisPlatform__bap (sample analysis: 10 samples),Ocaml,79e5d616-c487-4523-b0f9-b6bc30e4a720,7,7,function,plugins/x86/x86_lifter.ml,to_ir:365:11,365,1679,729
max,4,halstead_unique_operands,Function Halstead Unique Operands,a81fc79f-6ea8-409c-8690-f034ab9400d8,BinaryAnalysisPlatform__bap (sample analysis: 10 samples),Ocaml,79e5d616-c487-4523-b0f9-b6bc30e4a720,7,7,function,plugins/x86/x86_disasm.ml,parse_instr:25:5,25,1259,729
max,5,halstead_unique_operands,Function Halstead Unique Operands,a81fc79f-6ea8-409c-8690-f034ab9400d8,BinaryAnalysisPlatform__bap (sample analysis: 10 samples),Ocaml,79e5d616-c487-4523-b0f9-b6bc30e4a720,7,7,function,plugins/x86/x86_disasm.ml,get_opcode:420:7,420,1188,576
min,1,halstead_operators,Function Halstead Operators,069ad96b-3762-4b18-b863-c8f40f8d0442,AlistGo__alist (sample analysis: 10 samples),Golang,f901f769-c6da-4f32-a6bd-125da4c20252,7,7,function,cmd/admin.go,init:86:6,86,100,1
min,2,halstead_operators,Function Halstead Operators,069ad96b-3762-4b18-b863-c8f40f8d0442,AlistGo__alist (sample analysis: 10 samples),Golang,f901f769-c6da-4f32-a6bd-125da4c20252,7,7,function,cmd/cancel2FA.go,init:34:6,34,46,1
min,3,halstead_operators,Function Halstead Operators,069ad96b-3762-4b18-b863-c8f40f8d0442,AlistGo__alist (sample analysis: 10 samples),Golang,f901f769-c6da-4f32-a6bd-125da4c20252,7,7,function,cmd/common.go,Init:15:6,15,21,1
min,4,halstead_operators,Function Halstead Operators,069ad96b-3762-4b18-b863-c8f40f8d0442,AlistGo__alist (sample analysis: 10 samples),Golang,f901f769-c6da-4f32-a6bd-125da4c20252,7,7,function,cmd/common.go,Release:23:6,23,25,1
min,5,halstead_operators,Function Halstead Operators,069ad96b-3762-4b18-b863-c8f40f8d0442,AlistGo__alist (sample analysis: 10 samples),Golang,f901f769-c6da-4f32-a6bd-125da4c20252,7,7,function,cmd/lang.go,init:149:6,149,161,1
max,1,halstead_operators,Function Halstead Operators,a81fc79f-6ea8-409c-8690-f034ab9400d8,BinaryAnalysisPlatform__bap (sample analysis: 10 samples),Ocaml,79e5d616-c487-4523-b0f9-b6bc30e4a720,7,7,function,plugins/x86/x86_disasm.ml,parse_instr:25:5,25,1259,2833
max,2,halstead_operators,Function Halstead Operators,a81fc79f-6ea8-409c-8690-f034ab9400d8,BinaryAnalysisPlatform__bap (sample analysis: 10 samples),Ocaml,79e5d616-c487-4523-b0f9-b6bc30e4a720,7,7,function,plugins/x86/x86_lifter.ml,to_ir:365:11,365,1679,2501
max,3,halstead_operators,Function Halstead Operators,729d4ded-b025-47be-ae9b-ed0561b8f9e6,bcpierce00__unison (sample analysis: 10 samples),Ocaml,d590ca73-3c0e-4043-8b8f-ddcbc5f16929,7,7,function,src/uigtk2.ml,createToplevelWindow:2647:5,2647,4238,2131
max,4,halstead_operators,Function Halstead Operators,e749ce64-7ffd-4d8c-a44a-47ef93013510,airbus-seclab__bincat (sample analysis: 10 samples),Ocaml,27537c90-084d-499b-8dfc-8af835951835,7,7,function,ocaml/src/npk/c2newspeak/typedC2Cir.ml,translate:883:13,883,914,1970
max,5,halstead_operators,Function Halstead Operators,e749ce64-7ffd-4d8c-a44a-47ef93013510,airbus-seclab__bincat (sample analysis: 10 samples),Ocaml,27537c90-084d-499b-8dfc-8af835951835,7,7,function,ocaml/src/npk/c2newspeak/typedC2Cir.ml,translate:771:9,771,776,1970
min,1,halstead_operands,Function Halstead Operands,069ad96b-3762-4b18-b863-c8f40f8d0442,AlistGo__alist (sample analysis: 10 samples),Golang,f901f769-c6da-4f32-a6bd-125da4c20252,7,7,function,drivers/all.go,All:70:6,70,72,1
min,2,halstead_operands,Function Halstead Operands,e8c37d0d-f999-4ab0-9696-770ba31bbe18,gin-gonic__gin (sample analysis: 10 samples),Golang,0f626e20-bf6a-4847-9ff3-424a5dc8b416,7,7,function,utils_test.go,somefunction:92:6,92,94,1
min,3,halstead_operands,Function Halstead Operands,3e629e34-e52d-445d-9487-cfbcb29d77e8,junegunn__fzf (sample analysis: 10 samples),Golang,83725aab-d5f2-4947-952a-e1fe3f96abc4,7,7,function,src/protector/protector.go,Protect:6:6,6,8,1
min,4,halstead_operands,Function Halstead Operands,a81fc79f-6ea8-409c-8690-f034ab9400d8,BinaryAnalysisPlatform__bap (sample analysis: 10 samples),Ocaml,79e5d616-c487-4523-b0f9-b6bc30e4a720,7,7,function,lib/monads/monads_monad.ml,zero:249:13,249,249,1
min,5,halstead_operands,Function Halstead Operands,a81fc79f-6ea8-409c-8690-f034ab9400d8,BinaryAnalysisPlatform__bap (sample analysis: 10 samples),Ocaml,79e5d616-c487-4523-b0f9-b6bc30e4a720,7,7,function,lib/monads/monads_monad.ml,zero:259:13,259,259,1
max,1,halstead_operands,Function Halstead Operands,a81fc79f-6ea8-409c-8690-f034ab9400d8,BinaryAnalysisPlatform__bap (sample analysis: 10 samples),Ocaml,79e5d616-c487-4523-b0f9-b6bc30e4a720,7,7,function,plugins/x86/x86_lifter.ml,to_ir:365:11,365,1679,4917
max,2,halstead_operands,Function Halstead Operands,a81fc79f-6ea8-409c-8690-f034ab9400d8,BinaryAnalysisPlatform__bap (sample analysis: 10 samples),Ocaml,79e5d616-c487-4523-b0f9-b6bc30e4a720,7,7,function,plugins/x86/x86_disasm.ml,parse_instr:25:5,25,1259,4791
max,3,halstead_operands,Function Halstead Operands,e749ce64-7ffd-4d8c-a44a-47ef93013510,airbus-seclab__bincat (sample analysis: 10 samples),Ocaml,27537c90-084d-499b-8dfc-8af835951835,7,7,function,ocaml/src/npk/c2newspeak/typedC2Cir.ml,translate:883:13,883,914,3654
max,4,halstead_operands,Function Halstead Operands,e749ce64-7ffd-4d8c-a44a-47ef93013510,airbus-seclab__bincat (sample analysis: 10 samples),Ocaml,27537c90-084d-499b-8dfc-8af835951835,7,7,function,ocaml/src/npk/c2newspeak/typedC2Cir.ml,translate:771:9,771,776,3654
max,5,halstead_operands,Function Halstead Operands,e749ce64-7ffd-4d8c-a44a-47ef93013510,airbus-seclab__bincat (sample analysis: 10 samples),Ocaml,27537c90-084d-499b-8dfc-8af835951835,7,7,function,ocaml/src/npk/c2newspeak/typedC2Cir.ml,translate:735:9,735,762,3654
min,1,halstead_length,Function Halstead Length,069ad96b-3762-4b18-b863-c8f40f8d0442,AlistGo__alist (sample analysis: 10 samples),Golang,f901f769-c6da-4f32-a6bd-125da4c20252,7,7,function,drivers/all.go,All:70:6,70,72,2
min,2,halstead_length,Function Halstead Length,e8c37d0d-f999-4ab0-9696-770ba31bbe18,gin-gonic__gin (sample analysis: 10 samples),Golang,0f626e20-bf6a-4847-9ff3-424a5dc8b416,7,7,function,utils_test.go,somefunction:92:6,92,94,2
min,3,halstead_length,Function Halstead Length,a81fc79f-6ea8-409c-8690-f034ab9400d8,BinaryAnalysisPlatform__bap (sample analysis: 10 samples),Ocaml,79e5d616-c487-4523-b0f9-b6bc30e4a720,7,7,function,lib/monads/monads_monad.ml,zero:249:13,249,249,2
min,4,halstead_length,Function Halstead Length,a81fc79f-6ea8-409c-8690-f034ab9400d8,BinaryAnalysisPlatform__bap (sample analysis: 10 samples),Ocaml,79e5d616-c487-4523-b0f9-b6bc30e4a720,7,7,function,lib/monads/monads_monad.ml,zero:259:13,259,259,2
min,5,halstead_length,Function Halstead Length,a81fc79f-6ea8-409c-8690-f034ab9400d8,BinaryAnalysisPlatform__bap (sample analysis: 10 samples),Ocaml,79e5d616-c487-4523-b0f9-b6bc30e4a720,7,7,function,lib/monads/monads_monad.ml,zero:410:13,410,410,2
max,1,halstead_length,Function Halstead Length,a81fc79f-6ea8-409c-8690-f034ab9400d8,BinaryAnalysisPlatform__bap (sample analysis: 10 samples),Ocaml,79e5d616-c487-4523-b0f9-b6bc30e4a720,7,7,function,plugins/x86/x86_disasm.ml,parse_instr:25:5,25,1259,7624
max,2,halstead_length,Function Halstead Length,a81fc79f-6ea8-409c-8690-f034ab9400d8,BinaryAnalysisPlatform__bap (sample analysis: 10 samples),Ocaml,79e5d616-c487-4523-b0f9-b6bc30e4a720,7,7,function,plugins/x86/x86_lifter.ml,to_ir:365:11,365,1679,7418
max,3,halstead_length,Function Halstead Length,729d4ded-b025-47be-ae9b-ed0561b8f9e6,bcpierce00__unison (sample analysis: 10 samples),Ocaml,d590ca73-3c0e-4043-8b8f-ddcbc5f16929,7,7,function,src/uigtk2.ml,createToplevelWindow:2647:5,2647,4238,5717
max,4,halstead_length,Function Halstead Length,e749ce64-7ffd-4d8c-a44a-47ef93013510,airbus-seclab__bincat (sample analysis: 10 samples),Ocaml,27537c90-084d-499b-8dfc-8af835951835,7,7,function,ocaml/src/npk/c2newspeak/typedC2Cir.ml,translate:883:13,883,914,5624
max,5,halstead_length,Function Halstead Length,e749ce64-7ffd-4d8c-a44a-47ef93013510,airbus-seclab__bincat (sample analysis: 10 samples),Ocaml,27537c90-084d-499b-8dfc-8af835951835,7,7,function,ocaml/src/npk/c2newspeak/typedC2Cir.ml,translate:771:9,771,776,5624
min,1,halstead_vocabulary,Function Halstead Vocabulary,069ad96b-3762-4b18-b863-c8f40f8d0442,AlistGo__alist (sample analysis: 10 samples),Golang,f901f769-c6da-4f32-a6bd-125da4c20252,7,7,function,drivers/all.go,All:70:6,70,72,2
min,2,halstead_vocabulary,Function Halstead Vocabulary,e8c37d0d-f999-4ab0-9696-770ba31bbe18,gin-gonic__gin (sample analysis: 10 samples),Golang,0f626e20-bf6a-4847-9ff3-424a5dc8b416,7,7,function,utils_test.go,somefunction:92:6,92,94,2
min,3,halstead_vocabulary,Function Halstead Vocabulary,a81fc79f-6ea8-409c-8690-f034ab9400d8,BinaryAnalysisPlatform__bap (sample analysis: 10 samples),Ocaml,79e5d616-c487-4523-b0f9-b6bc30e4a720,7,7,function,lib/bap/bap_project.ml,state:353:5,353,353,2
min,4,halstead_vocabulary,Function Halstead Vocabulary,a81fc79f-6ea8-409c-8690-f034ab9400d8,BinaryAnalysisPlatform__bap (sample analysis: 10 samples),Ocaml,79e5d616-c487-4523-b0f9-b6bc30e4a720,7,7,function,lib/bap/bap_project.ml,extra:698:7,698,698,2
min,5,halstead_vocabulary,Function Halstead Vocabulary,a81fc79f-6ea8-409c-8690-f034ab9400d8,BinaryAnalysisPlatform__bap (sample analysis: 10 samples),Ocaml,79e5d616-c487-4523-b0f9-b6bc30e4a720,7,7,function,lib/bap_recipe/bap_recipe.ml,name:305:7,305,305,2
max,1,halstead_vocabulary,Function Halstead Vocabulary,e9d92337-e257-41dd-9d58-bc6f84121654,astrada__google-drive-ocamlfuse (sample analysis: 10 samples),Ocaml,437c1c54-98cc-4ca1-bcd3-65ba2213a1ee,7,7,function,src/mime.ml,map_filename_to_mime_type:3:5,3,790,1773
max,2,halstead_vocabulary,Function Halstead Vocabulary,729d4ded-b025-47be-ae9b-ed0561b8f9e6,bcpierce00__unison (sample analysis: 10 samples),Ocaml,d590ca73-3c0e-4043-8b8f-ddcbc5f16929,7,7,function,src/uigtk2.ml,createToplevelWindow:2647:5,2647,4238,893
max,3,halstead_vocabulary,Function Halstead Vocabulary,a81fc79f-6ea8-409c-8690-f034ab9400d8,BinaryAnalysisPlatform__bap (sample analysis: 10 samples),Ocaml,79e5d616-c487-4523-b0f9-b6bc30e4a720,7,7,function,plugins/x86/x86_lifter.ml,to_ir:365:11,365,1679,783
max,4,halstead_vocabulary,Function Halstead Vocabulary,a81fc79f-6ea8-409c-8690-f034ab9400d8,BinaryAnalysisPlatform__bap (sample analysis: 10 samples),Ocaml,79e5d616-c487-4523-b0f9-b6bc30e4a720,7,7,function,plugins/x86/x86_disasm.ml,parse_instr:25:5,25,1259,773
max,5,halstead_vocabulary,Function Halstead Vocabulary,a81fc79f-6ea8-409c-8690-f034ab9400d8,BinaryAnalysisPlatform__bap (sample analysis: 10 samples),Ocaml,79e5d616-c487-4523-b0f9-b6bc30e4a720,7,7,function,plugins/x86/x86_disasm.ml,get_opcode:420:7,420,1188,610
min,1,halstead_calculated_length,Function Halstead Calculated Length,069ad96b-3762-4b18-b863-c8f40f8d0442,AlistGo__alist (sample analysis: 10 samples),Golang,f901f769-c6da-4f32-a6bd-125da4c20252,7,7,function,drivers/all.go,All:70:6,70,72,0
min,2,halstead_calculated_length,Function Halstead Calculated Length,e8c37d0d-f999-4ab0-9696-770ba31bbe18,gin-gonic__gin (sample analysis: 10 samples),Golang,0f626e20-bf6a-4847-9ff3-424a5dc8b416,7,7,function,utils_test.go,somefunction:92:6,92,94,0
min,3,halstead_calculated_length,Function Halstead Calculated Length,a81fc79f-6ea8-409c-8690-f034ab9400d8,BinaryAnalysisPlatform__bap (sample analysis: 10 samples),Ocaml,79e5d616-c487-4523-b0f9-b6bc30e4a720,7,7,function,lib/bap/bap_project.ml,state:353:5,353,353,0
min,4,halstead_calculated_length,Function Halstead Calculated Length,a81fc79f-6ea8-409c-8690-f034ab9400d8,BinaryAnalysisPlatform__bap (sample analysis: 10 samples),Ocaml,79e5d616-c487-4523-b0f9-b6bc30e4a720,7,7,function,lib/bap/bap_project.ml,extra:698:7,698,698,0
min,5,halstead_calculated_length,Function Halstead Calculated Length,a81fc79f-6ea8-409c-8690-f034ab9400d8,BinaryAnalysisPlatform__bap (sample analysis: 10 samples),Ocaml,79e5d616-c487-4523-b0f9-b6bc30e4a720,7,7,function,lib/bap_recipe/bap_recipe.ml,name:305:7,305,305,0
max,1,halstead_calculated_length,Function Halstead Calculated Length,e9d92337-e257-41dd-9d58-bc6f84121654,astrada__google-drive-ocamlfuse (sample analysis: 10 samples),Ocaml,437c1c54-98cc-4ca1-bcd3-65ba2213a1ee,7,7,function,src/mime.ml,map_filename_to_mime_type:3:5,3,790,19052.625192576448
max,2,halstead_calculated_length,Function Halstead Calculated Length,729d4ded-b025-47be-ae9b-ed0561b8f9e6,bcpierce00__unison (sample analysis: 10 samples),Ocaml,d590ca73-3c0e-4043-8b8f-ddcbc5f16929,7,7,function,src/uigtk2.ml,createToplevelWindow:2647:5,2647,4238,8475.63758554291
max,3,halstead_calculated_length,Function Halstead Calculated Length,a81fc79f-6ea8-409c-8690-f034ab9400d8,BinaryAnalysisPlatform__bap (sample analysis: 10 samples),Ocaml,79e5d616-c487-4523-b0f9-b6bc30e4a720,7,7,function,plugins/x86/x86_lifter.ml,to_ir:365:11,365,1679,7243.389903271164
max,4,halstead_calculated_length,Function Halstead Calculated Length,a81fc79f-6ea8-409c-8690-f034ab9400d8,BinaryAnalysisPlatform__bap (sample analysis: 10 samples),Ocaml,79e5d616-c487-4523-b0f9-b6bc30e4a720,7,7,function,plugins/x86/x86_disasm.ml,parse_instr:25:5,25,1259,7172.840969374378
max,5,halstead_calculated_length,Function Halstead Calculated Length,a81fc79f-6ea8-409c-8690-f034ab9400d8,BinaryAnalysisPlatform__bap (sample analysis: 10 samples),Ocaml,79e5d616-c487-4523-b0f9-b6bc30e4a720,7,7,function,plugins/x86/x86_disasm.ml,get_opcode:420:7,420,1188,5454.8505374332835
min,1,halstead_volume,Function Halstead Volume,069ad96b-3762-4b18-b863-c8f40f8d0442,AlistGo__alist (sample analysis: 10 samples),Golang,f901f769-c6da-4f32-a6bd-125da4c20252,7,7,function,drivers/all.go,All:70:6,70,72,2
min,2,halstead_volume,Function Halstead Volume,e8c37d0d-f999-4ab0-9696-770ba31bbe18,gin-gonic__gin (sample analysis: 10 samples),Golang,0f626e20-bf6a-4847-9ff3-424a5dc8b416,7,7,function,utils_test.go,somefunction:92:6,92,94,2
min,3,halstead_volume,Function Halstead Volume,a81fc79f-6ea8-409c-8690-f034ab9400d8,BinaryAnalysisPlatform__bap (sample analysis: 10 samples),Ocaml,79e5d616-c487-4523-b0f9-b6bc30e4a720,7,7,function,lib/monads/monads_monad.ml,zero:249:13,249,249,2
min,4,halstead_volume,Function Halstead Volume,a81fc79f-6ea8-409c-8690-f034ab9400d8,BinaryAnalysisPlatform__bap (sample analysis: 10 samples),Ocaml,79e5d616-c487-4523-b0f9-b6bc30e4a720,7,7,function,lib/monads/monads_monad.ml,zero:259:13,259,259,2
min,5,halstead_volume,Function Halstead Volume,a81fc79f-6ea8-409c-8690-f034ab9400d8,BinaryAnalysisPlatform__bap (sample analysis: 10 samples),Ocaml,79e5d616-c487-4523-b0f9-b6bc30e4a720,7,7,function,lib/monads/monads_monad.ml,zero:410:13,410,410,2
max,1,halstead_volume,Function Halstead Volume,a81fc79f-6ea8-409c-8690-f034ab9400d8,BinaryAnalysisPlatform__bap (sample analysis: 10 samples),Ocaml,79e5d616-c487-4523-b0f9-b6bc30e4a720,7,7,function,plugins/x86/x86_disasm.ml,parse_instr:25:5,25,1259,73147.13078032304
max,2,halstead_volume,Function Halstead Volume,a81fc79f-6ea8-409c-8690-f034ab9400d8,BinaryAnalysisPlatform__bap (sample analysis: 10 samples),Ocaml,79e5d616-c487-4523-b0f9-b6bc30e4a720,7,7,function,plugins/x86/x86_lifter.ml,to_ir:365:11,365,1679,71308.25851290494
max,3,halstead_volume,Function Halstead Volume,729d4ded-b025-47be-ae9b-ed0561b8f9e6,bcpierce00__unison (sample analysis: 10 samples),Ocaml,d590ca73-3c0e-4043-8b8f-ddcbc5f16929,7,7,function,src/uigtk2.ml,createToplevelWindow:2647:5,2647,4238,56040.986059398034
max,4,halstead_volume,Function Halstead Volume,e749ce64-7ffd-4d8c-a44a-47ef93013510,airbus-seclab__bincat (sample analysis: 10 samples),Ocaml,27537c90-084d-499b-8dfc-8af835951835,7,7,function,ocaml/src/npk/c2newspeak/typedC2Cir.ml,translate:883:13,883,914,50504.30498464262
max,5,halstead_volume,Function Halstead Volume,e749ce64-7ffd-4d8c-a44a-47ef93013510,airbus-seclab__bincat (sample analysis: 10 samples),Ocaml,27537c90-084d-499b-8dfc-8af835951835,7,7,function,ocaml/src/npk/c2newspeak/typedC2Cir.ml,translate:771:9,771,776,50504.30498464262
min,1,halstead_difficulty,Function Halstead Difficulty,069ad96b-3762-4b18-b863-c8f40f8d0442,AlistGo__alist (sample analysis: 10 samples),Golang,f901f769-c6da-4f32-a6bd-125da4c20252,7,7,function,cmd/cancel2FA.go,init:34:6,34,46,0.5
min,2,halstead_difficulty,Function Halstead Difficulty,069ad96b-3762-4b18-b863-c8f40f8d0442,AlistGo__alist (sample analysis: 10 samples),Golang,f901f769-c6da-4f32-a6bd-125da4c20252,7,7,function,cmd/common.go,Release:23:6,23,25,0.5
min,3,halstead_difficulty,Function Halstead Difficulty,069ad96b-3762-4b18-b863-c8f40f8d0442,AlistGo__alist (sample analysis: 10 samples),Golang,f901f769-c6da-4f32-a6bd-125da4c20252,7,7,function,cmd/lang.go,init:149:6,149,161,0.5
min,4,halstead_difficulty,Function Halstead Difficulty,069ad96b-3762-4b18-b863-c8f40f8d0442,AlistGo__alist (sample analysis: 10 samples),Golang,f901f769-c6da-4f32-a6bd-125da4c20252,7,7,function,cmd/restart.go,init:20:6,20,32,0.5
min,5,halstead_difficulty,Function Halstead Difficulty,069ad96b-3762-4b18-b863-c8f40f8d0442,AlistGo__alist (sample analysis: 10 samples),Golang,f901f769-c6da-4f32-a6bd-125da4c20252,7,7,function,cmd/server.go,init:160:6,160,172,0.5
max,1,halstead_difficulty,Function Halstead Difficulty,a81fc79f-6ea8-409c-8690-f034ab9400d8,BinaryAnalysisPlatform__bap (sample analysis: 10 samples),Ocaml,79e5d616-c487-4523-b0f9-b6bc30e4a720,7,7,function,plugins/x86/x86_lifter.ml,to_ir:365:11,365,1679,182.11111111111111
max,2,halstead_difficulty,Function Halstead Difficulty,e749ce64-7ffd-4d8c-a44a-47ef93013510,airbus-seclab__bincat (sample analysis: 10 samples),Ocaml,27537c90-084d-499b-8dfc-8af835951835,7,7,function,ocaml/src/npk/c2newspeak/typedC2Cir.ml,translate:883:13,883,914,165.73218142548598
max,3,halstead_difficulty,Function Halstead Difficulty,e749ce64-7ffd-4d8c-a44a-47ef93013510,airbus-seclab__bincat (sample analysis: 10 samples),Ocaml,27537c90-084d-499b-8dfc-8af835951835,7,7,function,ocaml/src/npk/c2newspeak/typedC2Cir.ml,translate:771:9,771,776,165.73218142548598
max,4,halstead_difficulty,Function Halstead Difficulty,e749ce64-7ffd-4d8c-a44a-47ef93013510,airbus-seclab__bincat (sample analysis: 10 samples),Ocaml,27537c90-084d-499b-8dfc-8af835951835,7,7,function,ocaml/src/npk/c2newspeak/typedC2Cir.ml,translate:735:9,735,762,165.73218142548598
max,5,halstead_difficulty,Function Halstead Difficulty,e749ce64-7ffd-4d8c-a44a-47ef93013510,airbus-seclab__bincat (sample analysis: 10 samples),Ocaml,27537c90-084d-499b-8dfc-8af835951835,7,7,function,ocaml/src/npk/c2newspeak/typedC2Cir.ml,translate:554:11,554,563,165.73218142548598
min,1,halstead_effort,Function Halstead Effort,069ad96b-3762-4b18-b863-c8f40f8d0442,AlistGo__alist (sample analysis: 10 samples),Golang,f901f769-c6da-4f32-a6bd-125da4c20252,7,7,function,drivers/all.go,All:70:6,70,72,1
min,2,halstead_effort,Function Halstead Effort,e8c37d0d-f999-4ab0-9696-770ba31bbe18,gin-gonic__gin (sample analysis: 10 samples),Golang,0f626e20-bf6a-4847-9ff3-424a5dc8b416,7,7,function,utils_test.go,somefunction:92:6,92,94,1
min,3,halstead_effort,Function Halstead Effort,a81fc79f-6ea8-409c-8690-f034ab9400d8,BinaryAnalysisPlatform__bap (sample analysis: 10 samples),Ocaml,79e5d616-c487-4523-b0f9-b6bc30e4a720,7,7,function,lib/monads/monads_monad.ml,zero:249:13,249,249,1
min,4,halstead_effort,Function Halstead Effort,a81fc79f-6ea8-409c-8690-f034ab9400d8,BinaryAnalysisPlatform__bap (sample analysis: 10 samples),Ocaml,79e5d616-c487-4523-b0f9-b6bc30e4a720,7,7,function,lib/monads/monads_monad.ml,zero:259:13,259,259,1
min,5,halstead_effort,Function Halstead Effort,a81fc79f-6ea8-409c-8690-f034ab9400d8,BinaryAnalysisPlatform__bap (sample analysis: 10 samples),Ocaml,79e5d616-c487-4523-b0f9-b6bc30e4a720,7,7,function,lib/monads/monads_monad.ml,zero:410:13,410,410,1
max,1,halstead_effort,Function Halstead Effort,a81fc79f-6ea8-409c-8690-f034ab9400d8,BinaryAnalysisPlatform__bap (sample analysis: 10 samples),Ocaml,79e5d616-c487-4523-b0f9-b6bc30e4a720,7,7,function,plugins/x86/x86_lifter.ml,to_ir:365:11,365,1679,12986026.189183466
max,2,halstead_effort,Function Halstead Effort,a81fc79f-6ea8-409c-8690-f034ab9400d8,BinaryAnalysisPlatform__bap (sample analysis: 10 samples),Ocaml,79e5d616-c487-4523-b0f9-b6bc30e4a720,7,7,function,plugins/x86/x86_disasm.ml,parse_instr:25:5,25,1259,10575931.246238148
max,3,halstead_effort,Function Halstead Effort,e749ce64-7ffd-4d8c-a44a-47ef93013510,airbus-seclab__bincat (sample analysis: 10 samples),Ocaml,27537c90-084d-499b-8dfc-8af835951835,7,7,function,ocaml/src/npk/c2newspeak/typedC2Cir.ml,translate:883:13,883,914,8370188.6364828665
max,4,halstead_effort,Function Halstead Effort,e749ce64-7ffd-4d8c-a44a-47ef93013510,airbus-seclab__bincat (sample analysis: 10 samples),Ocaml,27537c90-084d-499b-8dfc-8af835951835,7,7,function,ocaml/src/npk/c2newspeak/typedC2Cir.ml,translate:771:9,771,776,8370188.6364828665
max,5,halstead_effort,Function Halstead Effort,e749ce64-7ffd-4d8c-a44a-47ef93013510,airbus-seclab__bincat (sample analysis: 10 samples),Ocaml,27537c90-084d-499b-8dfc-8af835951835,7,7,function,ocaml/src/npk/c2newspeak/typedC2Cir.ml,translate:735:9,735,762,8370188.6364828665
min,1,halstead_time_seconds,Function Halstead Time Seconds,069ad96b-3762-4b18-b863-c8f40f8d0442,AlistGo__alist (sample analysis: 10 samples),Golang,f901f769-c6da-4f32-a6bd-125da4c20252,7,7,function,drivers/all.go,All:70:6,70,72,0.05555555555555555
min,2,halstead_time_seconds,Function Halstead Time Seconds,e8c37d0d-f999-4ab0-9696-770ba31bbe18,gin-gonic__gin (sample analysis: 10 samples),Golang,0f626e20-bf6a-4847-9ff3-424a5dc8b416,7,7,function,utils_test.go,somefunction:92:6,92,94,0.05555555555555555
min,3,halstead_time_seconds,Function Halstead Time Seconds,a81fc79f-6ea8-409c-8690-f034ab9400d8,BinaryAnalysisPlatform__bap (sample analysis: 10 samples),Ocaml,79e5d616-c487-4523-b0f9-b6bc30e4a720,7,7,function,lib/monads/monads_monad.ml,zero:249:13,249,249,0.05555555555555555
min,4,halstead_time_seconds,Function Halstead Time Seconds,a81fc79f-6ea8-409c-8690-f034ab9400d8,BinaryAnalysisPlatform__bap (sample analysis: 10 samples),Ocaml,79e5d616-c487-4523-b0f9-b6bc30e4a720,7,7,function,lib/monads/monads_monad.ml,zero:259:13,259,259,0.05555555555555555
min,5,halstead_time_seconds,Function Halstead Time Seconds,a81fc79f-6ea8-409c-8690-f034ab9400d8,BinaryAnalysisPlatform__bap (sample analysis: 10 samples),Ocaml,79e5d616-c487-4523-b0f9-b6bc30e4a720,7,7,function,lib/monads/monads_monad.ml,zero:410:13,410,410,0.05555555555555555
max,1,halstead_time_seconds,Function Halstead Time Seconds,a81fc79f-6ea8-409c-8690-f034ab9400d8,BinaryAnalysisPlatform__bap (sample analysis: 10 samples),Ocaml,79e5d616-c487-4523-b0f9-b6bc30e4a720,7,7,function,plugins/x86/x86_lifter.ml,to_ir:365:11,365,1679,721445.8993990815
max,2,halstead_time_seconds,Function Halstead Time Seconds,a81fc79f-6ea8-409c-8690-f034ab9400d8,BinaryAnalysisPlatform__bap (sample analysis: 10 samples),Ocaml,79e5d616-c487-4523-b0f9-b6bc30e4a720,7,7,function,plugins/x86/x86_disasm.ml,parse_instr:25:5,25,1259,587551.7359021193
max,3,halstead_time_seconds,Function Halstead Time Seconds,e749ce64-7ffd-4d8c-a44a-47ef93013510,airbus-seclab__bincat (sample analysis: 10 samples),Ocaml,27537c90-084d-499b-8dfc-8af835951835,7,7,function,ocaml/src/npk/c2newspeak/typedC2Cir.ml,translate:883:13,883,914,465010.4798046037
max,4,halstead_time_seconds,Function Halstead Time Seconds,e749ce64-7ffd-4d8c-a44a-47ef93013510,airbus-seclab__bincat (sample analysis: 10 samples),Ocaml,27537c90-084d-499b-8dfc-8af835951835,7,7,function,ocaml/src/npk/c2newspeak/typedC2Cir.ml,translate:771:9,771,776,465010.4798046037
max,5,halstead_time_seconds,Function Halstead Time Seconds,e749ce64-7ffd-4d8c-a44a-47ef93013510,airbus-seclab__bincat (sample analysis: 10 samples),Ocaml,27537c90-084d-499b-8dfc-8af835951835,7,7,function,ocaml/src/npk/c2newspeak/typedC2Cir.ml,translate:735:9,735,762,465010.4798046037
min,1,halstead_bugs,Function Halstead Bugs,069ad96b-3762-4b18-b863-c8f40f8d0442,AlistGo__alist (sample analysis: 10 samples),Golang,f901f769-c6da-4f32-a6bd-125da4c20252,7,7,function,drivers/all.go,All:70:6,70,72,0.0006666666666666666
min,2,halstead_bugs,Function Halstead Bugs,e8c37d0d-f999-4ab0-9696-770ba31bbe18,gin-gonic__gin (sample analysis: 10 samples),Golang,0f626e20-bf6a-4847-9ff3-424a5dc8b416,7,7,function,utils_test.go,somefunction:92:6,92,94,0.0006666666666666666
min,3,halstead_bugs,Function Halstead Bugs,a81fc79f-6ea8-409c-8690-f034ab9400d8,BinaryAnalysisPlatform__bap (sample analysis: 10 samples),Ocaml,79e5d616-c487-4523-b0f9-b6bc30e4a720,7,7,function,lib/monads/monads_monad.ml,zero:249:13,249,249,0.0006666666666666666
min,4,halstead_bugs,Function Halstead Bugs,a81fc79f-6ea8-409c-8690-f034ab9400d8,BinaryAnalysisPlatform__bap (sample analysis: 10 samples),Ocaml,79e5d616-c487-4523-b0f9-b6bc30e4a720,7,7,function,lib/monads/monads_monad.ml,zero:259:13,259,259,0.0006666666666666666
min,5,halstead_bugs,Function Halstead Bugs,a81fc79f-6ea8-409c-8690-f034ab9400d8,BinaryAnalysisPlatform__bap (sample analysis: 10 samples),Ocaml,79e5d616-c487-4523-b0f9-b6bc30e4a720,7,7,function,lib/monads/monads_monad.ml,zero:410:13,410,410,0.0006666666666666666
max,1,halstead_bugs,Function Halstead Bugs,a81fc79f-6ea8-409c-8690-f034ab9400d8,BinaryAnalysisPlatform__bap (sample analysis: 10 samples),Ocaml,79e5d616-c487-4523-b0f9-b6bc30e4a720,7,7,function,plugins/x86/x86_disasm.ml,parse_instr:25:5,25,1259,24.38237692677435
max,2,halstead_bugs,Function Halstead Bugs,a81fc79f-6ea8-409c-8690-f034ab9400d8,BinaryAnalysisPlatform__bap (sample analysis: 10 samples),Ocaml,79e5d616-c487-4523-b0f9-b6bc30e4a720,7,7,function,plugins/x86/x86_lifter.ml,to_ir:365:11,365,1679,23.76941950430165
max,3,halstead_bugs,Function Halstead Bugs,729d4ded-b025-47be-ae9b-ed0561b8f9e6,bcpierce00__unison (sample analysis: 10 samples),Ocaml,d590ca73-3c0e-4043-8b8f-ddcbc5f16929,7,7,function,src/uigtk2.ml,createToplevelWindow:2647:5,2647,4238,18.680328686466012
max,4,halstead_bugs,Function Halstead Bugs,e749ce64-7ffd-4d8c-a44a-47ef93013510,airbus-seclab__bincat (sample analysis: 10 samples),Ocaml,27537c90-084d-499b-8dfc-8af835951835,7,7,function,ocaml/src/npk/c2newspeak/typedC2Cir.ml,translate:883:13,883,914,16.834768328214206
max,5,halstead_bugs,Function Halstead Bugs,e749ce64-7ffd-4d8c-a44a-47ef93013510,airbus-seclab__bincat (sample analysis: 10 samples),Ocaml,27537c90-084d-499b-8dfc-8af835951835,7,7,function,ocaml/src/npk/c2newspeak/typedC2Cir.ml,translate:771:9,771,776,16.834768328214206
