extreme,rank,metric_key,metric_label,codebase_id,codebase_name,programming_language,version_id,version_number,sample_number,metric_level,file_path,function_name,function_start_line,function_end_line,value
min,1,lines_of_code,Lines Of Code/File,a81fc79f-6ea8-409c-8690-f034ab9400d8,BinaryAnalysisPlatform__bap (sample analysis: 10 samples),Ocaml,91cf7e02-e5f9-4df1-a071-c053e6f7a855,3,3,file,lib/bap_api/bap_api_attr.ml,,,,0
min,2,lines_of_code,Lines Of Code/File,a81fc79f-6ea8-409c-8690-f034ab9400d8,BinaryAnalysisPlatform__bap (sample analysis: 10 samples),Ocaml,91cf7e02-e5f9-4df1-a071-c053e6f7a855,3,3,file,lib/bap_api/bap_api_attr.mli,,,,0
min,3,lines_of_code,Lines Of Code/File,a81fc79f-6ea8-409c-8690-f034ab9400d8,BinaryAnalysisPlatform__bap (sample analysis: 10 samples),Ocaml,91cf7e02-e5f9-4df1-a071-c053e6f7a855,3,3,file,plugins/beagle/beagle_main.mli,,,,0
min,4,lines_of_code,Lines Of Code/File,a81fc79f-6ea8-409c-8690-f034ab9400d8,BinaryAnalysisPlatform__bap (sample analysis: 10 samples),Ocaml,91cf7e02-e5f9-4df1-a071-c053e6f7a855,3,3,file,plugins/cxxfilt/cxxfilt_main.mli,,,,0
min,5,lines_of_code,Lines Of Code/File,a81fc79f-6ea8-409c-8690-f034ab9400d8,BinaryAnalysisPlatform__bap (sample analysis: 10 samples),Ocaml,91cf7e02-e5f9-4df1-a071-c053e6f7a855,3,3,file,plugins/elf_loader/elf_loader_main.mli,,,,0
max,1,lines_of_code,Lines Of Code/File,a81fc79f-6ea8-409c-8690-f034ab9400d8,BinaryAnalysisPlatform__bap (sample analysis: 10 samples),Ocaml,91cf7e02-e5f9-4df1-a071-c053e6f7a855,3,3,file,lib/bap/bap.mli,,,,7739
max,2,lines_of_code,Lines Of Code/File,fe280555-02ee-426f-bc9f-f74fdf273723,FiloSottile__mkcert (sample analysis: 10 samples),Golang,34cc73b7-6a5d-43c8-97cb-6d7a91b285c4,3,3,file,vendor/golang.org/x/text/unicode/norm/tables10.0.0.go,,,,7653
max,3,lines_of_code,Lines Of Code/File,fe280555-02ee-426f-bc9f-f74fdf273723,FiloSottile__mkcert (sample analysis: 10 samples),Golang,34cc73b7-6a5d-43c8-97cb-6d7a91b285c4,3,3,file,vendor/golang.org/x/text/unicode/norm/tables9.0.0.go,,,,7633
max,4,lines_of_code,Lines Of Code/File,e9d92337-e257-41dd-9d58-bc6f84121654,astrada__google-drive-ocamlfuse (sample analysis: 10 samples),Ocaml,1990070f-41dc-406e-a4e0-b30e3ce3c333,3,3,file,setup.ml,,,,6802
max,5,lines_of_code,Lines Of Code/File,fe280555-02ee-426f-bc9f-f74fdf273723,FiloSottile__mkcert (sample analysis: 10 samples),Golang,34cc73b7-6a5d-43c8-97cb-6d7a91b285c4,3,3,file,vendor/golang.org/x/net/idna/tables.go,,,,4557
min,1,effective_lines_of_code_with_brackets,Effective LOC With Brackets/File,a81fc79f-6ea8-409c-8690-f034ab9400d8,BinaryAnalysisPlatform__bap (sample analysis: 10 samples),Ocaml,91cf7e02-e5f9-4df1-a071-c053e6f7a855,3,3,file,lib/bap/bap_load_plugins.mli,,,,0
min,2,effective_lines_of_code_with_brackets,Effective LOC With Brackets/File,a81fc79f-6ea8-409c-8690-f034ab9400d8,BinaryAnalysisPlatform__bap (sample analysis: 10 samples),Ocaml,91cf7e02-e5f9-4df1-a071-c053e6f7a855,3,3,file,lib/bap_api/bap_api_attr.ml,,,,0
min,3,effective_lines_of_code_with_brackets,Effective LOC With Brackets/File,a81fc79f-6ea8-409c-8690-f034ab9400d8,BinaryAnalysisPlatform__bap (sample analysis: 10 samples),Ocaml,91cf7e02-e5f9-4df1-a071-c053e6f7a855,3,3,file,lib/bap_api/bap_api_attr.mli,,,,0
min,4,effective_lines_of_code_with_brackets,Effective LOC With Brackets/File,a81fc79f-6ea8-409c-8690-f034ab9400d8,BinaryAnalysisPlatform__bap (sample analysis: 10 samples),Ocaml,91cf7e02-e5f9-4df1-a071-c053e6f7a855,3,3,file,lib/bap_language/bap_language.mli,,,,0
min,5,effective_lines_of_code_with_brackets,Effective LOC With Brackets/File,a81fc79f-6ea8-409c-8690-f034ab9400d8,BinaryAnalysisPlatform__bap (sample analysis: 10 samples),Ocaml,91cf7e02-e5f9-4df1-a071-c053e6f7a855,3,3,file,lib/ogre/ogre.mli,,,,0
max,1,effective_lines_of_code_with_brackets,Effective LOC With Brackets/File,fe280555-02ee-426f-bc9f-f74fdf273723,FiloSottile__mkcert (sample analysis: 10 samples),Golang,34cc73b7-6a5d-43c8-97cb-6d7a91b285c4,3,3,file,vendor/golang.org/x/text/unicode/norm/tables10.0.0.go,,,,6786
max,2,effective_lines_of_code_with_brackets,Effective LOC With Brackets/File,fe280555-02ee-426f-bc9f-f74fdf273723,FiloSottile__mkcert (sample analysis: 10 samples),Golang,34cc73b7-6a5d-43c8-97cb-6d7a91b285c4,3,3,file,vendor/golang.org/x/text/unicode/norm/tables9.0.0.go,,,,6774
max,3,effective_lines_of_code_with_brackets,Effective LOC With Brackets/File,e9d92337-e257-41dd-9d58-bc6f84121654,astrada__google-drive-ocamlfuse (sample analysis: 10 samples),Ocaml,1990070f-41dc-406e-a4e0-b30e3ce3c333,3,3,file,setup.ml,,,,5398
max,4,effective_lines_of_code_with_brackets,Effective LOC With Brackets/File,fe280555-02ee-426f-bc9f-f74fdf273723,FiloSottile__mkcert (sample analysis: 10 samples),Golang,34cc73b7-6a5d-43c8-97cb-6d7a91b285c4,3,3,file,vendor/golang.org/x/net/idna/tables.go,,,,4091
max,5,effective_lines_of_code_with_brackets,Effective LOC With Brackets/File,729d4ded-b025-47be-ae9b-ed0561b8f9e6,bcpierce00__unison (sample analysis: 10 samples),Ocaml,a63a6351-0dfd-40b4-b2ba-fa9860fa8d82,3,3,file,src/strings.ml,,,,4040
min,1,effective_lines_of_code,Effective LOC/File,a81fc79f-6ea8-409c-8690-f034ab9400d8,BinaryAnalysisPlatform__bap (sample analysis: 10 samples),Ocaml,91cf7e02-e5f9-4df1-a071-c053e6f7a855,3,3,file,lib/bap/bap_load_plugins.mli,,,,0
min,2,effective_lines_of_code,Effective LOC/File,a81fc79f-6ea8-409c-8690-f034ab9400d8,BinaryAnalysisPlatform__bap (sample analysis: 10 samples),Ocaml,91cf7e02-e5f9-4df1-a071-c053e6f7a855,3,3,file,lib/bap_api/bap_api_attr.ml,,,,0
min,3,effective_lines_of_code,Effective LOC/File,a81fc79f-6ea8-409c-8690-f034ab9400d8,BinaryAnalysisPlatform__bap (sample analysis: 10 samples),Ocaml,91cf7e02-e5f9-4df1-a071-c053e6f7a855,3,3,file,lib/bap_api/bap_api_attr.mli,,,,0
min,4,effective_lines_of_code,Effective LOC/File,a81fc79f-6ea8-409c-8690-f034ab9400d8,BinaryAnalysisPlatform__bap (sample analysis: 10 samples),Ocaml,91cf7e02-e5f9-4df1-a071-c053e6f7a855,3,3,file,lib/bap_language/bap_language.mli,,,,0
min,5,effective_lines_of_code,Effective LOC/File,a81fc79f-6ea8-409c-8690-f034ab9400d8,BinaryAnalysisPlatform__bap (sample analysis: 10 samples),Ocaml,91cf7e02-e5f9-4df1-a071-c053e6f7a855,3,3,file,lib/ogre/ogre.mli,,,,0
max,1,effective_lines_of_code,Effective LOC/File,fe280555-02ee-426f-bc9f-f74fdf273723,FiloSottile__mkcert (sample analysis: 10 samples),Golang,34cc73b7-6a5d-43c8-97cb-6d7a91b285c4,3,3,file,vendor/golang.org/x/text/unicode/norm/tables10.0.0.go,,,,6705
max,2,effective_lines_of_code,Effective LOC/File,fe280555-02ee-426f-bc9f-f74fdf273723,FiloSottile__mkcert (sample analysis: 10 samples),Golang,34cc73b7-6a5d-43c8-97cb-6d7a91b285c4,3,3,file,vendor/golang.org/x/text/unicode/norm/tables9.0.0.go,,,,6693
max,3,effective_lines_of_code,Effective LOC/File,e9d92337-e257-41dd-9d58-bc6f84121654,astrada__google-drive-ocamlfuse (sample analysis: 10 samples),Ocaml,1990070f-41dc-406e-a4e0-b30e3ce3c333,3,3,file,setup.ml,,,,5291
max,4,effective_lines_of_code,Effective LOC/File,fe280555-02ee-426f-bc9f-f74fdf273723,FiloSottile__mkcert (sample analysis: 10 samples),Golang,34cc73b7-6a5d-43c8-97cb-6d7a91b285c4,3,3,file,vendor/golang.org/x/net/idna/tables.go,,,,4053
max,5,effective_lines_of_code,Effective LOC/File,729d4ded-b025-47be-ae9b-ed0561b8f9e6,bcpierce00__unison (sample analysis: 10 samples),Ocaml,a63a6351-0dfd-40b4-b2ba-fa9860fa8d82,3,3,file,src/strings.ml,,,,4040
min,1,comment_lines_of_code,Comment LOC/File,069ad96b-3762-4b18-b863-c8f40f8d0442,AlistGo__alist (sample analysis: 10 samples),Golang,123797bc-a18d-4d7e-88f1-c419b8673c2d,3,3,file,cmd/common.go,,,,0
min,2,comment_lines_of_code,Comment LOC/File,069ad96b-3762-4b18-b863-c8f40f8d0442,AlistGo__alist (sample analysis: 10 samples),Golang,123797bc-a18d-4d7e-88f1-c419b8673c2d,3,3,file,cmd/flags/config.go,,,,0
min,3,comment_lines_of_code,Comment LOC/File,069ad96b-3762-4b18-b863-c8f40f8d0442,AlistGo__alist (sample analysis: 10 samples),Golang,123797bc-a18d-4d7e-88f1-c419b8673c2d,3,3,file,cmd/root.go,,,,0
min,4,comment_lines_of_code,Comment LOC/File,069ad96b-3762-4b18-b863-c8f40f8d0442,AlistGo__alist (sample analysis: 10 samples),Golang,123797bc-a18d-4d7e-88f1-c419b8673c2d,3,3,file,drivers/115/driver.go,,,,0
min,5,comment_lines_of_code,Comment LOC/File,069ad96b-3762-4b18-b863-c8f40f8d0442,AlistGo__alist (sample analysis: 10 samples),Golang,123797bc-a18d-4d7e-88f1-c419b8673c2d,3,3,file,drivers/115/meta.go,,,,0
max,1,comment_lines_of_code,Comment LOC/File,a81fc79f-6ea8-409c-8690-f034ab9400d8,BinaryAnalysisPlatform__bap (sample analysis: 10 samples),Ocaml,91cf7e02-e5f9-4df1-a071-c053e6f7a855,3,3,file,lib/bap/bap.mli,,,,4330
max,2,comment_lines_of_code,Comment LOC/File,27c2b119-0bb1-44ad-8d53-458f0cca57e7,camlworks__dream (sample analysis: 10 samples),Ocaml,4365b1bd-7458-4c41-9daa-a9c5b37cb131,3,3,file,src/dream.mli,,,,1769
max,3,comment_lines_of_code,Comment LOC/File,a81fc79f-6ea8-409c-8690-f034ab9400d8,BinaryAnalysisPlatform__bap (sample analysis: 10 samples),Ocaml,91cf7e02-e5f9-4df1-a071-c053e6f7a855,3,3,file,lib/bap_primus/bap_primus.mli,,,,1015
max,4,comment_lines_of_code,Comment LOC/File,fe280555-02ee-426f-bc9f-f74fdf273723,FiloSottile__mkcert (sample analysis: 10 samples),Golang,34cc73b7-6a5d-43c8-97cb-6d7a91b285c4,3,3,file,vendor/golang.org/x/text/unicode/norm/tables10.0.0.go,,,,896
max,5,comment_lines_of_code,Comment LOC/File,fe280555-02ee-426f-bc9f-f74fdf273723,FiloSottile__mkcert (sample analysis: 10 samples),Golang,34cc73b7-6a5d-43c8-97cb-6d7a91b285c4,3,3,file,vendor/golang.org/x/text/unicode/norm/tables9.0.0.go,,,,888
min,1,bracket_lines_of_code,Bracket LOC/File,069ad96b-3762-4b18-b863-c8f40f8d0442,AlistGo__alist (sample analysis: 10 samples),Golang,123797bc-a18d-4d7e-88f1-c419b8673c2d,3,3,file,drivers/alist_v3/types.go,,,,0
min,2,bracket_lines_of_code,Bracket LOC/File,069ad96b-3762-4b18-b863-c8f40f8d0442,AlistGo__alist (sample analysis: 10 samples),Golang,123797bc-a18d-4d7e-88f1-c419b8673c2d,3,3,file,drivers/alist_v3/util.go,,,,0
min,3,bracket_lines_of_code,Bracket LOC/File,069ad96b-3762-4b18-b863-c8f40f8d0442,AlistGo__alist (sample analysis: 10 samples),Golang,123797bc-a18d-4d7e-88f1-c419b8673c2d,3,3,file,drivers/ftp/types.go,,,,0
min,4,bracket_lines_of_code,Bracket LOC/File,069ad96b-3762-4b18-b863-c8f40f8d0442,AlistGo__alist (sample analysis: 10 samples),Golang,123797bc-a18d-4d7e-88f1-c419b8673c2d,3,3,file,drivers/local/util.go,,,,0
min,5,bracket_lines_of_code,Bracket LOC/File,069ad96b-3762-4b18-b863-c8f40f8d0442,AlistGo__alist (sample analysis: 10 samples),Golang,123797bc-a18d-4d7e-88f1-c419b8673c2d,3,3,file,drivers/mega/util.go,,,,0
max,1,bracket_lines_of_code,Bracket LOC/File,9539fa79-4e99-4b7c-8679-62b23d3abedd,go-gorm__gorm (sample analysis: 10 samples),Golang,193694eb-cb9c-46f7-a347-373b96e7251d,3,3,file,preload_test.go,,,,318
max,2,bracket_lines_of_code,Bracket LOC/File,9539fa79-4e99-4b7c-8679-62b23d3abedd,go-gorm__gorm (sample analysis: 10 samples),Golang,193694eb-cb9c-46f7-a347-373b96e7251d,3,3,file,scope.go,,,,282
max,3,bracket_lines_of_code,Bracket LOC/File,069ad96b-3762-4b18-b863-c8f40f8d0442,AlistGo__alist (sample analysis: 10 samples),Golang,123797bc-a18d-4d7e-88f1-c419b8673c2d,3,3,file,server/webdav/internal/xml/marshal_test.go,,,,242
max,4,bracket_lines_of_code,Bracket LOC/File,069ad96b-3762-4b18-b863-c8f40f8d0442,AlistGo__alist (sample analysis: 10 samples),Golang,123797bc-a18d-4d7e-88f1-c419b8673c2d,3,3,file,server/webdav/internal/xml/xml.go,,,,239
max,5,bracket_lines_of_code,Bracket LOC/File,24e65021-62fe-4607-8cfb-8f06e8e5257f,spf13__cobra (sample analysis: 10 samples),Golang,0224f425-8306-4ac5-9e05-f24c4f10d3b3,3,3,file,command.go,,,,236
min,1,total_cyclomatic,Total Cyclomatic/File,069ad96b-3762-4b18-b863-c8f40f8d0442,AlistGo__alist (sample analysis: 10 samples),Golang,123797bc-a18d-4d7e-88f1-c419b8673c2d,3,3,file,cmd/flags/config.go,,,,0
min,2,total_cyclomatic,Total Cyclomatic/File,069ad96b-3762-4b18-b863-c8f40f8d0442,AlistGo__alist (sample analysis: 10 samples),Golang,123797bc-a18d-4d7e-88f1-c419b8673c2d,3,3,file,drivers/115/types.go,,,,0
min,3,total_cyclomatic,Total Cyclomatic/File,069ad96b-3762-4b18-b863-c8f40f8d0442,AlistGo__alist (sample analysis: 10 samples),Golang,123797bc-a18d-4d7e-88f1-c419b8673c2d,3,3,file,drivers/139/types.go,,,,0
min,4,total_cyclomatic,Total Cyclomatic/File,069ad96b-3762-4b18-b863-c8f40f8d0442,AlistGo__alist (sample analysis: 10 samples),Golang,123797bc-a18d-4d7e-88f1-c419b8673c2d,3,3,file,drivers/189/types.go,,,,0
min,5,total_cyclomatic,Total Cyclomatic/File,069ad96b-3762-4b18-b863-c8f40f8d0442,AlistGo__alist (sample analysis: 10 samples),Golang,123797bc-a18d-4d7e-88f1-c419b8673c2d,3,3,file,drivers/alist_v3/types.go,,,,0
max,1,total_cyclomatic,Total Cyclomatic/File,e9d92337-e257-41dd-9d58-bc6f84121654,astrada__google-drive-ocamlfuse (sample analysis: 10 samples),Ocaml,1990070f-41dc-406e-a4e0-b30e3ce3c333,3,3,file,setup.ml,,,,1002
max,2,total_cyclomatic,Total Cyclomatic/File,e9d92337-e257-41dd-9d58-bc6f84121654,astrada__google-drive-ocamlfuse (sample analysis: 10 samples),Ocaml,1990070f-41dc-406e-a4e0-b30e3ce3c333,3,3,file,src/mime.ml,,,,769
max,3,total_cyclomatic,Total Cyclomatic/File,e749ce64-7ffd-4d8c-a44a-47ef93013510,airbus-seclab__bincat (sample analysis: 10 samples),Ocaml,c43a50d1-0dfc-4d68-b589-338289eebd61,3,3,file,ocaml/src/disassembly/x86.ml,,,,680
max,4,total_cyclomatic,Total Cyclomatic/File,729d4ded-b025-47be-ae9b-ed0561b8f9e6,bcpierce00__unison (sample analysis: 10 samples),Ocaml,a63a6351-0dfd-40b4-b2ba-fa9860fa8d82,3,3,file,src/uigtk2.ml,,,,640
max,5,total_cyclomatic,Total Cyclomatic/File,a81fc79f-6ea8-409c-8690-f034ab9400d8,BinaryAnalysisPlatform__bap (sample analysis: 10 samples),Ocaml,91cf7e02-e5f9-4df1-a071-c053e6f7a855,3,3,file,plugins/x86/x86_disasm.ml,,,,606
min,1,maintainability_index_three_property,Maintainability Index Three Property,e9d92337-e257-41dd-9d58-bc6f84121654,astrada__google-drive-ocamlfuse (sample analysis: 10 samples),Ocaml,1990070f-41dc-406e-a4e0-b30e3ce3c333,3,3,file,setup.ml,,,,-261.22704719093224
min,2,maintainability_index_three_property,Maintainability Index Three Property,729d4ded-b025-47be-ae9b-ed0561b8f9e6,bcpierce00__unison (sample analysis: 10 samples),Ocaml,a63a6351-0dfd-40b4-b2ba-fa9860fa8d82,3,3,file,src/uigtk2.ml,,,,-171.64118359067322
min,3,maintainability_index_three_property,Maintainability Index Three Property,e749ce64-7ffd-4d8c-a44a-47ef93013510,airbus-seclab__bincat (sample analysis: 10 samples),Ocaml,c43a50d1-0dfc-4d68-b589-338289eebd61,3,3,file,ocaml/src/disassembly/x86.ml,,,,-170.18922066638487
min,4,maintainability_index_three_property,Maintainability Index Three Property,e9d92337-e257-41dd-9d58-bc6f84121654,astrada__google-drive-ocamlfuse (sample analysis: 10 samples),Ocaml,1990070f-41dc-406e-a4e0-b30e3ce3c333,3,3,file,src/mime.ml,,,,-168.4624240240524
min,5,maintainability_index_three_property,Maintainability Index Three Property,e9d92337-e257-41dd-9d58-bc6f84121654,astrada__google-drive-ocamlfuse (sample analysis: 10 samples),Ocaml,1990070f-41dc-406e-a4e0-b30e3ce3c333,3,3,function,src/mime.ml,map_filename_to_mime_type:3:5,3,775,-168.43478618283075
max,1,maintainability_index_three_property,Maintainability Index Three Property,e9d92337-e257-41dd-9d58-bc6f84121654,astrada__google-drive-ocamlfuse (sample analysis: 10 samples),Ocaml,1990070f-41dc-406e-a4e0-b30e3ce3c333,3,3,function,setup.ml,var_ignore:3293:7,3293,3293,170.77
max,2,maintainability_index_three_property,Maintainability Index Three Property,e9d92337-e257-41dd-9d58-bc6f84121654,astrada__google-drive-ocamlfuse (sample analysis: 10 samples),Ocaml,1990070f-41dc-406e-a4e0-b30e3ce3c333,3,3,function,setup.ml,args:3006:7,3006,3006,170.77
max,3,maintainability_index_three_property,Maintainability Index Three Property,e9d92337-e257-41dd-9d58-bc6f84121654,astrada__google-drive-ocamlfuse (sample analysis: 10 samples),Ocaml,1990070f-41dc-406e-a4e0-b30e3ce3c333,3,3,function,myocamlbuild.ml,find_syntaxes:325:7,325,325,170.77
max,4,maintainability_index_three_property,Maintainability Index Three Property,e9d92337-e257-41dd-9d58-bc6f84121654,astrada__google-drive-ocamlfuse (sample analysis: 10 samples),Ocaml,1990070f-41dc-406e-a4e0-b30e3ce3c333,3,3,function,myocamlbuild.ml,ocamlfind:317:7,317,317,170.77
max,5,maintainability_index_three_property,Maintainability Index Three Property,e9d92337-e257-41dd-9d58-bc6f84121654,astrada__google-drive-ocamlfuse (sample analysis: 10 samples),Ocaml,1990070f-41dc-406e-a4e0-b30e3ce3c333,3,3,function,myocamlbuild.ml,split_nl:308:7,308,308,170.77
min,1,maintainability_index_four_property,Maintainability Index Four Property,e9d92337-e257-41dd-9d58-bc6f84121654,astrada__google-drive-ocamlfuse (sample analysis: 10 samples),Ocaml,1990070f-41dc-406e-a4e0-b30e3ce3c333,3,3,file,setup.ml,,,,-282.0960796358434
min,2,maintainability_index_four_property,Maintainability Index Four Property,729d4ded-b025-47be-ae9b-ed0561b8f9e6,bcpierce00__unison (sample analysis: 10 samples),Ocaml,a63a6351-0dfd-40b4-b2ba-fa9860fa8d82,3,3,file,src/uigtk2.ml,,,,-206.1008203750109
min,3,maintainability_index_four_property,Maintainability Index Four Property,a81fc79f-6ea8-409c-8690-f034ab9400d8,BinaryAnalysisPlatform__bap (sample analysis: 10 samples),Ocaml,91cf7e02-e5f9-4df1-a071-c053e6f7a855,3,3,file,plugins/x86/x86_disasm.ml,,,,-181.22273375673763
min,4,maintainability_index_four_property,Maintainability Index Four Property,e9d92337-e257-41dd-9d58-bc6f84121654,astrada__google-drive-ocamlfuse (sample analysis: 10 samples),Ocaml,1990070f-41dc-406e-a4e0-b30e3ce3c333,3,3,file,src/mime.ml,,,,-168.4624240240524
min,5,maintainability_index_four_property,Maintainability Index Four Property,e9d92337-e257-41dd-9d58-bc6f84121654,astrada__google-drive-ocamlfuse (sample analysis: 10 samples),Ocaml,1990070f-41dc-406e-a4e0-b30e3ce3c333,3,3,function,src/mime.ml,map_filename_to_mime_type:3:5,3,775,-168.43478618283075
max,1,maintainability_index_four_property,Maintainability Index Four Property,729d4ded-b025-47be-ae9b-ed0561b8f9e6,bcpierce00__unison (sample analysis: 10 samples),Ocaml,a63a6351-0dfd-40b4-b2ba-fa9860fa8d82,3,3,file,src/system.mli,,,,212.47506063933207
max,2,maintainability_index_four_property,Maintainability Index Four Property,729d4ded-b025-47be-ae9b-ed0561b8f9e6,bcpierce00__unison (sample analysis: 10 samples),Ocaml,a63a6351-0dfd-40b4-b2ba-fa9860fa8d82,3,3,file,src/uigtk.mli,,,,209.7696644143026
max,3,maintainability_index_four_property,Maintainability Index Four Property,729d4ded-b025-47be-ae9b-ed0561b8f9e6,bcpierce00__unison (sample analysis: 10 samples),Ocaml,a63a6351-0dfd-40b4-b2ba-fa9860fa8d82,3,3,file,src/test.mli,,,,208.6093179474687
max,4,maintainability_index_four_property,Maintainability Index Four Property,fe280555-02ee-426f-bc9f-f74fdf273723,FiloSottile__mkcert (sample analysis: 10 samples),Golang,34cc73b7-6a5d-43c8-97cb-6d7a91b285c4,3,3,file,go110min.go,,,,192.8278961881573
max,5,maintainability_index_four_property,Maintainability Index Four Property,e749ce64-7ffd-4d8c-a44a-47ef93013510,airbus-seclab__bincat (sample analysis: 10 samples),Ocaml,c43a50d1-0dfc-4d68-b589-338289eebd61,3,3,file,ocaml/src/utils/exceptions.ml,,,,184.5461621381719
min,1,maintainability_index_visual_studio,Maintainability Index Visual Studio,069ad96b-3762-4b18-b863-c8f40f8d0442,AlistGo__alist (sample analysis: 10 samples),Golang,123797bc-a18d-4d7e-88f1-c419b8673c2d,3,3,file,drivers/189pc/utils.go,,,,0
min,2,maintainability_index_visual_studio,Maintainability Index Visual Studio,069ad96b-3762-4b18-b863-c8f40f8d0442,AlistGo__alist (sample analysis: 10 samples),Golang,123797bc-a18d-4d7e-88f1-c419b8673c2d,3,3,file,server/webdav/internal/xml/marshal.go,,,,0
min,3,maintainability_index_visual_studio,Maintainability Index Visual Studio,069ad96b-3762-4b18-b863-c8f40f8d0442,AlistGo__alist (sample analysis: 10 samples),Golang,123797bc-a18d-4d7e-88f1-c419b8673c2d,3,3,file,server/webdav/internal/xml/marshal_test.go,,,,0
min,4,maintainability_index_visual_studio,Maintainability Index Visual Studio,069ad96b-3762-4b18-b863-c8f40f8d0442,AlistGo__alist (sample analysis: 10 samples),Golang,123797bc-a18d-4d7e-88f1-c419b8673c2d,3,3,file,server/webdav/internal/xml/read.go,,,,0
min,5,maintainability_index_visual_studio,Maintainability Index Visual Studio,069ad96b-3762-4b18-b863-c8f40f8d0442,AlistGo__alist (sample analysis: 10 samples),Golang,123797bc-a18d-4d7e-88f1-c419b8673c2d,3,3,file,server/webdav/internal/xml/xml.go,,,,0
max,1,maintainability_index_visual_studio,Maintainability Index Visual Studio,e9d92337-e257-41dd-9d58-bc6f84121654,astrada__google-drive-ocamlfuse (sample analysis: 10 samples),Ocaml,1990070f-41dc-406e-a4e0-b30e3ce3c333,3,3,function,setup.ml,var_ignore:3293:7,3293,3293,99.86549707602339
max,2,maintainability_index_visual_studio,Maintainability Index Visual Studio,e9d92337-e257-41dd-9d58-bc6f84121654,astrada__google-drive-ocamlfuse (sample analysis: 10 samples),Ocaml,1990070f-41dc-406e-a4e0-b30e3ce3c333,3,3,function,setup.ml,args:3006:7,3006,3006,99.86549707602339
max,3,maintainability_index_visual_studio,Maintainability Index Visual Studio,e9d92337-e257-41dd-9d58-bc6f84121654,astrada__google-drive-ocamlfuse (sample analysis: 10 samples),Ocaml,1990070f-41dc-406e-a4e0-b30e3ce3c333,3,3,function,myocamlbuild.ml,find_syntaxes:325:7,325,325,99.86549707602339
max,4,maintainability_index_visual_studio,Maintainability Index Visual Studio,e9d92337-e257-41dd-9d58-bc6f84121654,astrada__google-drive-ocamlfuse (sample analysis: 10 samples),Ocaml,1990070f-41dc-406e-a4e0-b30e3ce3c333,3,3,function,myocamlbuild.ml,ocamlfind:317:7,317,317,99.86549707602339
max,5,maintainability_index_visual_studio,Maintainability Index Visual Studio,e9d92337-e257-41dd-9d58-bc6f84121654,astrada__google-drive-ocamlfuse (sample analysis: 10 samples),Ocaml,1990070f-41dc-406e-a4e0-b30e3ce3c333,3,3,function,myocamlbuild.ml,split_nl:308:7,308,308,99.86549707602339
min,1,maintainability_index_comment_percentage,Maintainability Index Comment Percentage,069ad96b-3762-4b18-b863-c8f40f8d0442,AlistGo__alist (sample analysis: 10 samples),Golang,123797bc-a18d-4d7e-88f1-c419b8673c2d,3,3,file,cmd/common.go,,,,0
min,2,maintainability_index_comment_percentage,Maintainability Index Comment Percentage,069ad96b-3762-4b18-b863-c8f40f8d0442,AlistGo__alist (sample analysis: 10 samples),Golang,123797bc-a18d-4d7e-88f1-c419b8673c2d,3,3,function,cmd/common.go,Init:8:6,8,13,0
min,3,maintainability_index_comment_percentage,Maintainability Index Comment Percentage,069ad96b-3762-4b18-b863-c8f40f8d0442,AlistGo__alist (sample analysis: 10 samples),Golang,123797bc-a18d-4d7e-88f1-c419b8673c2d,3,3,file,cmd/flags/config.go,,,,0
min,4,maintainability_index_comment_percentage,Maintainability Index Comment Percentage,069ad96b-3762-4b18-b863-c8f40f8d0442,AlistGo__alist (sample analysis: 10 samples),Golang,123797bc-a18d-4d7e-88f1-c419b8673c2d,3,3,function,cmd/lang.go,firstUpper:27:6,27,32,0
min,5,maintainability_index_comment_percentage,Maintainability Index Comment Percentage,069ad96b-3762-4b18-b863-c8f40f8d0442,AlistGo__alist (sample analysis: 10 samples),Golang,123797bc-a18d-4d7e-88f1-c419b8673c2d,3,3,function,cmd/lang.go,convert:34:6,34,38,0
max,1,maintainability_index_comment_percentage,Maintainability Index Comment Percentage,a81fc79f-6ea8-409c-8690-f034ab9400d8,BinaryAnalysisPlatform__bap (sample analysis: 10 samples),Ocaml,91cf7e02-e5f9-4df1-a071-c053e6f7a855,3,3,file,lib/ogre/ogre.mli,,,,51200
max,2,maintainability_index_comment_percentage,Maintainability Index Comment Percentage,a81fc79f-6ea8-409c-8690-f034ab9400d8,BinaryAnalysisPlatform__bap (sample analysis: 10 samples),Ocaml,91cf7e02-e5f9-4df1-a071-c053e6f7a855,3,3,file,lib/text_tags/text_tags.mli,,,,13900
max,3,maintainability_index_comment_percentage,Maintainability Index Comment Percentage,a81fc79f-6ea8-409c-8690-f034ab9400d8,BinaryAnalysisPlatform__bap (sample analysis: 10 samples),Ocaml,91cf7e02-e5f9-4df1-a071-c053e6f7a855,3,3,file,lib/bap_language/bap_language.mli,,,,10300
max,4,maintainability_index_comment_percentage,Maintainability Index Comment Percentage,729d4ded-b025-47be-ae9b-ed0561b8f9e6,bcpierce00__unison (sample analysis: 10 samples),Ocaml,a63a6351-0dfd-40b4-b2ba-fa9860fa8d82,3,3,file,src/ubase/uprintf.mli,,,,6500
max,5,maintainability_index_comment_percentage,Maintainability Index Comment Percentage,a81fc79f-6ea8-409c-8690-f034ab9400d8,BinaryAnalysisPlatform__bap (sample analysis: 10 samples),Ocaml,91cf7e02-e5f9-4df1-a071-c053e6f7a855,3,3,file,plugins/primus_loader/primus_loader_basic.mli,,,,3900
min,1,total_halstead_unique_operators,Total Halstead Unique Operators/File,a81fc79f-6ea8-409c-8690-f034ab9400d8,BinaryAnalysisPlatform__bap (sample analysis: 10 samples),Ocaml,91cf7e02-e5f9-4df1-a071-c053e6f7a855,3,3,file,lib/arm/arm_env.ml,,,,0
min,2,total_halstead_unique_operators,Total Halstead Unique Operators/File,a81fc79f-6ea8-409c-8690-f034ab9400d8,BinaryAnalysisPlatform__bap (sample analysis: 10 samples),Ocaml,91cf7e02-e5f9-4df1-a071-c053e6f7a855,3,3,file,lib/arm/arm_lifter.ml,,,,0
min,3,total_halstead_unique_operators,Total Halstead Unique Operators/File,a81fc79f-6ea8-409c-8690-f034ab9400d8,BinaryAnalysisPlatform__bap (sample analysis: 10 samples),Ocaml,91cf7e02-e5f9-4df1-a071-c053e6f7a855,3,3,file,lib/bap/bap_load_plugins.mli,,,,0
min,4,total_halstead_unique_operators,Total Halstead Unique Operators/File,a81fc79f-6ea8-409c-8690-f034ab9400d8,BinaryAnalysisPlatform__bap (sample analysis: 10 samples),Ocaml,91cf7e02-e5f9-4df1-a071-c053e6f7a855,3,3,file,lib/bap_api/bap_api_attr.ml,,,,0
min,5,total_halstead_unique_operators,Total Halstead Unique Operators/File,a81fc79f-6ea8-409c-8690-f034ab9400d8,BinaryAnalysisPlatform__bap (sample analysis: 10 samples),Ocaml,91cf7e02-e5f9-4df1-a071-c053e6f7a855,3,3,file,lib/bap_api/bap_api_attr.mli,,,,0
max,1,total_halstead_unique_operators,Total Halstead Unique Operators/File,729d4ded-b025-47be-ae9b-ed0561b8f9e6,bcpierce00__unison (sample analysis: 10 samples),Ocaml,a63a6351-0dfd-40b4-b2ba-fa9860fa8d82,3,3,file,src/uigtk2.ml,,,,74
max,2,total_halstead_unique_operators,Total Halstead Unique Operators/File,729d4ded-b025-47be-ae9b-ed0561b8f9e6,bcpierce00__unison (sample analysis: 10 samples),Ocaml,a63a6351-0dfd-40b4-b2ba-fa9860fa8d82,3,3,file,src/uigtk.ml,,,,65
max,3,total_halstead_unique_operators,Total Halstead Unique Operators/File,e9d92337-e257-41dd-9d58-bc6f84121654,astrada__google-drive-ocamlfuse (sample analysis: 10 samples),Ocaml,1990070f-41dc-406e-a4e0-b30e3ce3c333,3,3,file,setup.ml,,,,58
max,4,total_halstead_unique_operators,Total Halstead Unique Operators/File,a81fc79f-6ea8-409c-8690-f034ab9400d8,BinaryAnalysisPlatform__bap (sample analysis: 10 samples),Ocaml,91cf7e02-e5f9-4df1-a071-c053e6f7a855,3,3,file,lib/bap_types/bap_expi.ml,,,,55
max,5,total_halstead_unique_operators,Total Halstead Unique Operators/File,a81fc79f-6ea8-409c-8690-f034ab9400d8,BinaryAnalysisPlatform__bap (sample analysis: 10 samples),Ocaml,91cf7e02-e5f9-4df1-a071-c053e6f7a855,3,3,file,lib/graphlib/graphlib_graph.ml,,,,54
min,1,total_halstead_unique_operands,Total Halstead Unique Operands/File,a81fc79f-6ea8-409c-8690-f034ab9400d8,BinaryAnalysisPlatform__bap (sample analysis: 10 samples),Ocaml,91cf7e02-e5f9-4df1-a071-c053e6f7a855,3,3,file,lib/arm/arm_env.ml,,,,0
min,2,total_halstead_unique_operands,Total Halstead Unique Operands/File,a81fc79f-6ea8-409c-8690-f034ab9400d8,BinaryAnalysisPlatform__bap (sample analysis: 10 samples),Ocaml,91cf7e02-e5f9-4df1-a071-c053e6f7a855,3,3,file,lib/arm/arm_lifter.ml,,,,0
min,3,total_halstead_unique_operands,Total Halstead Unique Operands/File,a81fc79f-6ea8-409c-8690-f034ab9400d8,BinaryAnalysisPlatform__bap (sample analysis: 10 samples),Ocaml,91cf7e02-e5f9-4df1-a071-c053e6f7a855,3,3,file,lib/bap/bap_load_plugins.mli,,,,0
min,4,total_halstead_unique_operands,Total Halstead Unique Operands/File,a81fc79f-6ea8-409c-8690-f034ab9400d8,BinaryAnalysisPlatform__bap (sample analysis: 10 samples),Ocaml,91cf7e02-e5f9-4df1-a071-c053e6f7a855,3,3,file,lib/bap_api/bap_api_attr.ml,,,,0
min,5,total_halstead_unique_operands,Total Halstead Unique Operands/File,a81fc79f-6ea8-409c-8690-f034ab9400d8,BinaryAnalysisPlatform__bap (sample analysis: 10 samples),Ocaml,91cf7e02-e5f9-4df1-a071-c053e6f7a855,3,3,file,lib/bap_api/bap_api_attr.mli,,,,0
max,1,total_halstead_unique_operands,Total Halstead Unique Operands/File,fe280555-02ee-426f-bc9f-f74fdf273723,FiloSottile__mkcert (sample analysis: 10 samples),Golang,34cc73b7-6a5d-43c8-97cb-6d7a91b285c4,3,3,file,vendor/golang.org/x/text/unicode/norm/tables10.0.0.go,,,,10909
max,2,total_halstead_unique_operands,Total Halstead Unique Operands/File,fe280555-02ee-426f-bc9f-f74fdf273723,FiloSottile__mkcert (sample analysis: 10 samples),Golang,34cc73b7-6a5d-43c8-97cb-6d7a91b285c4,3,3,file,vendor/golang.org/x/text/unicode/norm/tables9.0.0.go,,,,10852
max,3,total_halstead_unique_operands,Total Halstead Unique Operands/File,fe280555-02ee-426f-bc9f-f74fdf273723,FiloSottile__mkcert (sample analysis: 10 samples),Golang,34cc73b7-6a5d-43c8-97cb-6d7a91b285c4,3,3,file,vendor/golang.org/x/net/idna/tables.go,,,,10635
max,4,total_halstead_unique_operands,Total Halstead Unique Operands/File,fe280555-02ee-426f-bc9f-f74fdf273723,FiloSottile__mkcert (sample analysis: 10 samples),Golang,34cc73b7-6a5d-43c8-97cb-6d7a91b285c4,3,3,file,vendor/golang.org/x/text/unicode/bidi/tables10.0.0.go,,,,6298
max,5,total_halstead_unique_operands,Total Halstead Unique Operands/File,fe280555-02ee-426f-bc9f-f74fdf273723,FiloSottile__mkcert (sample analysis: 10 samples),Golang,34cc73b7-6a5d-43c8-97cb-6d7a91b285c4,3,3,file,vendor/golang.org/x/text/unicode/bidi/tables9.0.0.go,,,,6205
min,1,total_halstead_operators,Total Halstead Operators/File,a81fc79f-6ea8-409c-8690-f034ab9400d8,BinaryAnalysisPlatform__bap (sample analysis: 10 samples),Ocaml,91cf7e02-e5f9-4df1-a071-c053e6f7a855,3,3,file,lib/arm/arm_env.ml,,,,0
min,2,total_halstead_operators,Total Halstead Operators/File,a81fc79f-6ea8-409c-8690-f034ab9400d8,BinaryAnalysisPlatform__bap (sample analysis: 10 samples),Ocaml,91cf7e02-e5f9-4df1-a071-c053e6f7a855,3,3,file,lib/arm/arm_lifter.ml,,,,0
min,3,total_halstead_operators,Total Halstead Operators/File,a81fc79f-6ea8-409c-8690-f034ab9400d8,BinaryAnalysisPlatform__bap (sample analysis: 10 samples),Ocaml,91cf7e02-e5f9-4df1-a071-c053e6f7a855,3,3,file,lib/bap/bap_load_plugins.mli,,,,0
min,4,total_halstead_operators,Total Halstead Operators/File,a81fc79f-6ea8-409c-8690-f034ab9400d8,BinaryAnalysisPlatform__bap (sample analysis: 10 samples),Ocaml,91cf7e02-e5f9-4df1-a071-c053e6f7a855,3,3,file,lib/bap_api/bap_api_attr.ml,,,,0
min,5,total_halstead_operators,Total Halstead Operators/File,a81fc79f-6ea8-409c-8690-f034ab9400d8,BinaryAnalysisPlatform__bap (sample analysis: 10 samples),Ocaml,91cf7e02-e5f9-4df1-a071-c053e6f7a855,3,3,file,lib/bap_api/bap_api_attr.mli,,,,0
max,1,total_halstead_operators,Total Halstead Operators/File,729d4ded-b025-47be-ae9b-ed0561b8f9e6,bcpierce00__unison (sample analysis: 10 samples),Ocaml,a63a6351-0dfd-40b4-b2ba-fa9860fa8d82,3,3,file,src/uigtk2.ml,,,,6210
max,2,total_halstead_operators,Total Halstead Operators/File,e9d92337-e257-41dd-9d58-bc6f84121654,astrada__google-drive-ocamlfuse (sample analysis: 10 samples),Ocaml,1990070f-41dc-406e-a4e0-b30e3ce3c333,3,3,file,setup.ml,,,,5770
max,3,total_halstead_operators,Total Halstead Operators/File,a81fc79f-6ea8-409c-8690-f034ab9400d8,BinaryAnalysisPlatform__bap (sample analysis: 10 samples),Ocaml,91cf7e02-e5f9-4df1-a071-c053e6f7a855,3,3,file,lib/bap/bap.mli,,,,4767
max,4,total_halstead_operators,Total Halstead Operators/File,e749ce64-7ffd-4d8c-a44a-47ef93013510,airbus-seclab__bincat (sample analysis: 10 samples),Ocaml,c43a50d1-0dfc-4d68-b589-338289eebd61,3,3,file,ocaml/src/disassembly/x86.ml,,,,3869
max,5,total_halstead_operators,Total Halstead Operators/File,729d4ded-b025-47be-ae9b-ed0561b8f9e6,bcpierce00__unison (sample analysis: 10 samples),Ocaml,a63a6351-0dfd-40b4-b2ba-fa9860fa8d82,3,3,file,src/uigtk.ml,,,,3187
min,1,total_halstead_operands,Total Halstead Operands/File,a81fc79f-6ea8-409c-8690-f034ab9400d8,BinaryAnalysisPlatform__bap (sample analysis: 10 samples),Ocaml,91cf7e02-e5f9-4df1-a071-c053e6f7a855,3,3,file,lib/arm/arm_env.ml,,,,0
min,2,total_halstead_operands,Total Halstead Operands/File,a81fc79f-6ea8-409c-8690-f034ab9400d8,BinaryAnalysisPlatform__bap (sample analysis: 10 samples),Ocaml,91cf7e02-e5f9-4df1-a071-c053e6f7a855,3,3,file,lib/arm/arm_lifter.ml,,,,0
min,3,total_halstead_operands,Total Halstead Operands/File,a81fc79f-6ea8-409c-8690-f034ab9400d8,BinaryAnalysisPlatform__bap (sample analysis: 10 samples),Ocaml,91cf7e02-e5f9-4df1-a071-c053e6f7a855,3,3,file,lib/bap/bap_load_plugins.mli,,,,0
min,4,total_halstead_operands,Total Halstead Operands/File,a81fc79f-6ea8-409c-8690-f034ab9400d8,BinaryAnalysisPlatform__bap (sample analysis: 10 samples),Ocaml,91cf7e02-e5f9-4df1-a071-c053e6f7a855,3,3,file,lib/bap_api/bap_api_attr.ml,,,,0
min,5,total_halstead_operands,Total Halstead Operands/File,a81fc79f-6ea8-409c-8690-f034ab9400d8,BinaryAnalysisPlatform__bap (sample analysis: 10 samples),Ocaml,91cf7e02-e5f9-4df1-a071-c053e6f7a855,3,3,file,lib/bap_api/bap_api_attr.mli,,,,0
max,1,total_halstead_operands,Total Halstead Operands/File,fe280555-02ee-426f-bc9f-f74fdf273723,FiloSottile__mkcert (sample analysis: 10 samples),Golang,34cc73b7-6a5d-43c8-97cb-6d7a91b285c4,3,3,file,vendor/golang.org/x/text/unicode/norm/tables10.0.0.go,,,,46922
max,2,total_halstead_operands,Total Halstead Operands/File,fe280555-02ee-426f-bc9f-f74fdf273723,FiloSottile__mkcert (sample analysis: 10 samples),Golang,34cc73b7-6a5d-43c8-97cb-6d7a91b285c4,3,3,file,vendor/golang.org/x/text/unicode/norm/tables9.0.0.go,,,,46732
max,3,total_halstead_operands,Total Halstead Operands/File,fe280555-02ee-426f-bc9f-f74fdf273723,FiloSottile__mkcert (sample analysis: 10 samples),Golang,34cc73b7-6a5d-43c8-97cb-6d7a91b285c4,3,3,file,vendor/golang.org/x/net/idna/tables.go,,,,32128
max,4,total_halstead_operands,Total Halstead Operands/File,fe280555-02ee-426f-bc9f-f74fdf273723,FiloSottile__mkcert (sample analysis: 10 samples),Golang,34cc73b7-6a5d-43c8-97cb-6d7a91b285c4,3,3,file,vendor/golang.org/x/text/unicode/bidi/tables10.0.0.go,,,,13233
max,5,total_halstead_operands,Total Halstead Operands/File,fe280555-02ee-426f-bc9f-f74fdf273723,FiloSottile__mkcert (sample analysis: 10 samples),Golang,34cc73b7-6a5d-43c8-97cb-6d7a91b285c4,3,3,file,vendor/golang.org/x/text/unicode/bidi/tables9.0.0.go,,,,13035
min,1,total_halstead_length,Total Halstead Length/File,a81fc79f-6ea8-409c-8690-f034ab9400d8,BinaryAnalysisPlatform__bap (sample analysis: 10 samples),Ocaml,91cf7e02-e5f9-4df1-a071-c053e6f7a855,3,3,file,lib/arm/arm_env.ml,,,,0
min,2,total_halstead_length,Total Halstead Length/File,a81fc79f-6ea8-409c-8690-f034ab9400d8,BinaryAnalysisPlatform__bap (sample analysis: 10 samples),Ocaml,91cf7e02-e5f9-4df1-a071-c053e6f7a855,3,3,file,lib/arm/arm_lifter.ml,,,,0
min,3,total_halstead_length,Total Halstead Length/File,a81fc79f-6ea8-409c-8690-f034ab9400d8,BinaryAnalysisPlatform__bap (sample analysis: 10 samples),Ocaml,91cf7e02-e5f9-4df1-a071-c053e6f7a855,3,3,file,lib/bap/bap_load_plugins.mli,,,,0
min,4,total_halstead_length,Total Halstead Length/File,a81fc79f-6ea8-409c-8690-f034ab9400d8,BinaryAnalysisPlatform__bap (sample analysis: 10 samples),Ocaml,91cf7e02-e5f9-4df1-a071-c053e6f7a855,3,3,file,lib/bap_api/bap_api_attr.ml,,,,0
min,5,total_halstead_length,Total Halstead Length/File,a81fc79f-6ea8-409c-8690-f034ab9400d8,BinaryAnalysisPlatform__bap (sample analysis: 10 samples),Ocaml,91cf7e02-e5f9-4df1-a071-c053e6f7a855,3,3,file,lib/bap_api/bap_api_attr.mli,,,,0
max,1,total_halstead_length,Total Halstead Length/File,fe280555-02ee-426f-bc9f-f74fdf273723,FiloSottile__mkcert (sample analysis: 10 samples),Golang,34cc73b7-6a5d-43c8-97cb-6d7a91b285c4,3,3,file,vendor/golang.org/x/text/unicode/norm/tables10.0.0.go,,,,47406
max,2,total_halstead_length,Total Halstead Length/File,fe280555-02ee-426f-bc9f-f74fdf273723,FiloSottile__mkcert (sample analysis: 10 samples),Golang,34cc73b7-6a5d-43c8-97cb-6d7a91b285c4,3,3,file,vendor/golang.org/x/text/unicode/norm/tables9.0.0.go,,,,47216
max,3,total_halstead_length,Total Halstead Length/File,fe280555-02ee-426f-bc9f-f74fdf273723,FiloSottile__mkcert (sample analysis: 10 samples),Golang,34cc73b7-6a5d-43c8-97cb-6d7a91b285c4,3,3,file,vendor/golang.org/x/net/idna/tables.go,,,,32731
max,4,total_halstead_length,Total Halstead Length/File,729d4ded-b025-47be-ae9b-ed0561b8f9e6,bcpierce00__unison (sample analysis: 10 samples),Ocaml,a63a6351-0dfd-40b4-b2ba-fa9860fa8d82,3,3,file,src/uigtk2.ml,,,,17921
max,5,total_halstead_length,Total Halstead Length/File,e9d92337-e257-41dd-9d58-bc6f84121654,astrada__google-drive-ocamlfuse (sample analysis: 10 samples),Ocaml,1990070f-41dc-406e-a4e0-b30e3ce3c333,3,3,file,setup.ml,,,,15737
min,1,total_halstead_vocabulary,Total Halstead Vocabulary/File,a81fc79f-6ea8-409c-8690-f034ab9400d8,BinaryAnalysisPlatform__bap (sample analysis: 10 samples),Ocaml,91cf7e02-e5f9-4df1-a071-c053e6f7a855,3,3,file,lib/arm/arm_env.ml,,,,0
min,2,total_halstead_vocabulary,Total Halstead Vocabulary/File,a81fc79f-6ea8-409c-8690-f034ab9400d8,BinaryAnalysisPlatform__bap (sample analysis: 10 samples),Ocaml,91cf7e02-e5f9-4df1-a071-c053e6f7a855,3,3,file,lib/arm/arm_lifter.ml,,,,0
min,3,total_halstead_vocabulary,Total Halstead Vocabulary/File,a81fc79f-6ea8-409c-8690-f034ab9400d8,BinaryAnalysisPlatform__bap (sample analysis: 10 samples),Ocaml,91cf7e02-e5f9-4df1-a071-c053e6f7a855,3,3,file,lib/bap/bap_load_plugins.mli,,,,0
min,4,total_halstead_vocabulary,Total Halstead Vocabulary/File,a81fc79f-6ea8-409c-8690-f034ab9400d8,BinaryAnalysisPlatform__bap (sample analysis: 10 samples),Ocaml,91cf7e02-e5f9-4df1-a071-c053e6f7a855,3,3,file,lib/bap_api/bap_api_attr.ml,,,,0
min,5,total_halstead_vocabulary,Total Halstead Vocabulary/File,a81fc79f-6ea8-409c-8690-f034ab9400d8,BinaryAnalysisPlatform__bap (sample analysis: 10 samples),Ocaml,91cf7e02-e5f9-4df1-a071-c053e6f7a855,3,3,file,lib/bap_api/bap_api_attr.mli,,,,0
max,1,total_halstead_vocabulary,Total Halstead Vocabulary/File,fe280555-02ee-426f-bc9f-f74fdf273723,FiloSottile__mkcert (sample analysis: 10 samples),Golang,34cc73b7-6a5d-43c8-97cb-6d7a91b285c4,3,3,file,vendor/golang.org/x/text/unicode/norm/tables10.0.0.go,,,,10931
max,2,total_halstead_vocabulary,Total Halstead Vocabulary/File,fe280555-02ee-426f-bc9f-f74fdf273723,FiloSottile__mkcert (sample analysis: 10 samples),Golang,34cc73b7-6a5d-43c8-97cb-6d7a91b285c4,3,3,file,vendor/golang.org/x/text/unicode/norm/tables9.0.0.go,,,,10874
max,3,total_halstead_vocabulary,Total Halstead Vocabulary/File,fe280555-02ee-426f-bc9f-f74fdf273723,FiloSottile__mkcert (sample analysis: 10 samples),Golang,34cc73b7-6a5d-43c8-97cb-6d7a91b285c4,3,3,file,vendor/golang.org/x/net/idna/tables.go,,,,10656
max,4,total_halstead_vocabulary,Total Halstead Vocabulary/File,fe280555-02ee-426f-bc9f-f74fdf273723,FiloSottile__mkcert (sample analysis: 10 samples),Golang,34cc73b7-6a5d-43c8-97cb-6d7a91b285c4,3,3,file,vendor/golang.org/x/text/unicode/bidi/tables10.0.0.go,,,,6318
max,5,total_halstead_vocabulary,Total Halstead Vocabulary/File,fe280555-02ee-426f-bc9f-f74fdf273723,FiloSottile__mkcert (sample analysis: 10 samples),Golang,34cc73b7-6a5d-43c8-97cb-6d7a91b285c4,3,3,file,vendor/golang.org/x/text/unicode/bidi/tables9.0.0.go,,,,6225
min,1,total_halstead_calculated_length,Total Halstead Calculated Length/File,069ad96b-3762-4b18-b863-c8f40f8d0442,AlistGo__alist (sample analysis: 10 samples),Golang,123797bc-a18d-4d7e-88f1-c419b8673c2d,3,3,file,drivers/alist_v3/types.go,,,,0
min,2,total_halstead_calculated_length,Total Halstead Calculated Length/File,069ad96b-3762-4b18-b863-c8f40f8d0442,AlistGo__alist (sample analysis: 10 samples),Golang,123797bc-a18d-4d7e-88f1-c419b8673c2d,3,3,file,drivers/alist_v3/util.go,,,,0
min,3,total_halstead_calculated_length,Total Halstead Calculated Length/File,069ad96b-3762-4b18-b863-c8f40f8d0442,AlistGo__alist (sample analysis: 10 samples),Golang,123797bc-a18d-4d7e-88f1-c419b8673c2d,3,3,file,drivers/ftp/types.go,,,,0
min,4,total_halstead_calculated_length,Total Halstead Calculated Length/File,069ad96b-3762-4b18-b863-c8f40f8d0442,AlistGo__alist (sample analysis: 10 samples),Golang,123797bc-a18d-4d7e-88f1-c419b8673c2d,3,3,file,drivers/local/util.go,,,,0
min,5,total_halstead_calculated_length,Total Halstead Calculated Length/File,069ad96b-3762-4b18-b863-c8f40f8d0442,AlistGo__alist (sample analysis: 10 samples),Golang,123797bc-a18d-4d7e-88f1-c419b8673c2d,3,3,file,drivers/mega/util.go,,,,0
max,1,total_halstead_calculated_length,Total Halstead Calculated Length/File,fe280555-02ee-426f-bc9f-f74fdf273723,FiloSottile__mkcert (sample analysis: 10 samples),Golang,34cc73b7-6a5d-43c8-97cb-6d7a91b285c4,3,3,file,vendor/golang.org/x/text/unicode/norm/tables10.0.0.go,,,,146423.04708321963
max,2,total_halstead_calculated_length,Total Halstead Calculated Length/File,fe280555-02ee-426f-bc9f-f74fdf273723,FiloSottile__mkcert (sample analysis: 10 samples),Golang,34cc73b7-6a5d-43c8-97cb-6d7a91b285c4,3,3,file,vendor/golang.org/x/text/unicode/norm/tables9.0.0.go,,,,145576.47449753282
max,3,total_halstead_calculated_length,Total Halstead Calculated Length/File,fe280555-02ee-426f-bc9f-f74fdf273723,FiloSottile__mkcert (sample analysis: 10 samples),Golang,34cc73b7-6a5d-43c8-97cb-6d7a91b285c4,3,3,file,vendor/golang.org/x/net/idna/tables.go,,,,142351.6608765172
max,4,total_halstead_calculated_length,Total Halstead Calculated Length/File,fe280555-02ee-426f-bc9f-f74fdf273723,FiloSottile__mkcert (sample analysis: 10 samples),Golang,34cc73b7-6a5d-43c8-97cb-6d7a91b285c4,3,3,file,vendor/golang.org/x/text/unicode/bidi/tables10.0.0.go,,,,79571.46887126657
max,5,total_halstead_calculated_length,Total Halstead Calculated Length/File,fe280555-02ee-426f-bc9f-f74fdf273723,FiloSottile__mkcert (sample analysis: 10 samples),Golang,34cc73b7-6a5d-43c8-97cb-6d7a91b285c4,3,3,file,vendor/golang.org/x/text/unicode/bidi/tables9.0.0.go,,,,78264.5707084827
min,1,total_halstead_volume,Total Halstead Volume/File,a81fc79f-6ea8-409c-8690-f034ab9400d8,BinaryAnalysisPlatform__bap (sample analysis: 10 samples),Ocaml,91cf7e02-e5f9-4df1-a071-c053e6f7a855,3,3,file,lib/arm/arm_env.ml,,,,0
min,2,total_halstead_volume,Total Halstead Volume/File,a81fc79f-6ea8-409c-8690-f034ab9400d8,BinaryAnalysisPlatform__bap (sample analysis: 10 samples),Ocaml,91cf7e02-e5f9-4df1-a071-c053e6f7a855,3,3,file,lib/arm/arm_lifter.ml,,,,0
min,3,total_halstead_volume,Total Halstead Volume/File,a81fc79f-6ea8-409c-8690-f034ab9400d8,BinaryAnalysisPlatform__bap (sample analysis: 10 samples),Ocaml,91cf7e02-e5f9-4df1-a071-c053e6f7a855,3,3,file,lib/bap/bap_load_plugins.mli,,,,0
min,4,total_halstead_volume,Total Halstead Volume/File,a81fc79f-6ea8-409c-8690-f034ab9400d8,BinaryAnalysisPlatform__bap (sample analysis: 10 samples),Ocaml,91cf7e02-e5f9-4df1-a071-c053e6f7a855,3,3,file,lib/bap_api/bap_api_attr.ml,,,,0
min,5,total_halstead_volume,Total Halstead Volume/File,a81fc79f-6ea8-409c-8690-f034ab9400d8,BinaryAnalysisPlatform__bap (sample analysis: 10 samples),Ocaml,91cf7e02-e5f9-4df1-a071-c053e6f7a855,3,3,file,lib/bap_api/bap_api_attr.mli,,,,0
max,1,total_halstead_volume,Total Halstead Volume/File,fe280555-02ee-426f-bc9f-f74fdf273723,FiloSottile__mkcert (sample analysis: 10 samples),Golang,34cc73b7-6a5d-43c8-97cb-6d7a91b285c4,3,3,file,vendor/golang.org/x/text/unicode/norm/tables10.0.0.go,,,,636005.4270572222
max,2,total_halstead_volume,Total Halstead Volume/File,fe280555-02ee-426f-bc9f-f74fdf273723,FiloSottile__mkcert (sample analysis: 10 samples),Golang,34cc73b7-6a5d-43c8-97cb-6d7a91b285c4,3,3,file,vendor/golang.org/x/text/unicode/norm/tables9.0.0.go,,,,633100.2268458751
max,3,total_halstead_volume,Total Halstead Volume/File,fe280555-02ee-426f-bc9f-f74fdf273723,FiloSottile__mkcert (sample analysis: 10 samples),Golang,34cc73b7-6a5d-43c8-97cb-6d7a91b285c4,3,3,file,vendor/golang.org/x/net/idna/tables.go,,,,437920.4333326095
max,4,total_halstead_volume,Total Halstead Volume/File,729d4ded-b025-47be-ae9b-ed0561b8f9e6,bcpierce00__unison (sample analysis: 10 samples),Ocaml,a63a6351-0dfd-40b4-b2ba-fa9860fa8d82,3,3,file,src/uigtk2.ml,,,,196517.82016542926
max,5,total_halstead_volume,Total Halstead Volume/File,fe280555-02ee-426f-bc9f-f74fdf273723,FiloSottile__mkcert (sample analysis: 10 samples),Golang,34cc73b7-6a5d-43c8-97cb-6d7a91b285c4,3,3,file,vendor/golang.org/x/text/unicode/bidi/tables10.0.0.go,,,,169948.52015693465
min,1,total_halstead_difficulty,Total Halstead Difficulty/File,a81fc79f-6ea8-409c-8690-f034ab9400d8,BinaryAnalysisPlatform__bap (sample analysis: 10 samples),Ocaml,91cf7e02-e5f9-4df1-a071-c053e6f7a855,3,3,file,lib/arm/arm_env.ml,,,,0
min,2,total_halstead_difficulty,Total Halstead Difficulty/File,a81fc79f-6ea8-409c-8690-f034ab9400d8,BinaryAnalysisPlatform__bap (sample analysis: 10 samples),Ocaml,91cf7e02-e5f9-4df1-a071-c053e6f7a855,3,3,file,lib/arm/arm_lifter.ml,,,,0
min,3,total_halstead_difficulty,Total Halstead Difficulty/File,a81fc79f-6ea8-409c-8690-f034ab9400d8,BinaryAnalysisPlatform__bap (sample analysis: 10 samples),Ocaml,91cf7e02-e5f9-4df1-a071-c053e6f7a855,3,3,file,lib/bap/bap_load_plugins.mli,,,,0
min,4,total_halstead_difficulty,Total Halstead Difficulty/File,a81fc79f-6ea8-409c-8690-f034ab9400d8,BinaryAnalysisPlatform__bap (sample analysis: 10 samples),Ocaml,91cf7e02-e5f9-4df1-a071-c053e6f7a855,3,3,file,lib/bap_api/bap_api_attr.ml,,,,0
min,5,total_halstead_difficulty,Total Halstead Difficulty/File,a81fc79f-6ea8-409c-8690-f034ab9400d8,BinaryAnalysisPlatform__bap (sample analysis: 10 samples),Ocaml,91cf7e02-e5f9-4df1-a071-c053e6f7a855,3,3,file,lib/bap_api/bap_api_attr.mli,,,,0
max,1,total_halstead_difficulty,Total Halstead Difficulty/File,a81fc79f-6ea8-409c-8690-f034ab9400d8,BinaryAnalysisPlatform__bap (sample analysis: 10 samples),Ocaml,91cf7e02-e5f9-4df1-a071-c053e6f7a855,3,3,file,lib/monads/monads_monad.ml,,,,454.0925266903915
max,2,total_halstead_difficulty,Total Halstead Difficulty/File,a81fc79f-6ea8-409c-8690-f034ab9400d8,BinaryAnalysisPlatform__bap (sample analysis: 10 samples),Ocaml,91cf7e02-e5f9-4df1-a071-c053e6f7a855,3,3,file,lib/monads/monads.mli,,,,268.05555555555554
max,3,total_halstead_difficulty,Total Halstead Difficulty/File,a81fc79f-6ea8-409c-8690-f034ab9400d8,BinaryAnalysisPlatform__bap (sample analysis: 10 samples),Ocaml,91cf7e02-e5f9-4df1-a071-c053e6f7a855,3,3,file,lib/graphlib/graphlib_graph.ml,,,,251.33178654292345
max,4,total_halstead_difficulty,Total Halstead Difficulty/File,e749ce64-7ffd-4d8c-a44a-47ef93013510,airbus-seclab__bincat (sample analysis: 10 samples),Ocaml,c43a50d1-0dfc-4d68-b589-338289eebd61,3,3,file,ocaml/src/disassembly/x86.ml,,,,240.61984282907662
max,5,total_halstead_difficulty,Total Halstead Difficulty/File,729d4ded-b025-47be-ae9b-ed0561b8f9e6,bcpierce00__unison (sample analysis: 10 samples),Ocaml,a63a6351-0dfd-40b4-b2ba-fa9860fa8d82,3,3,file,src/ubase/rx.ml,,,,233.16932907348243
min,1,total_halstead_effort,Total Halstead Effort/File,a81fc79f-6ea8-409c-8690-f034ab9400d8,BinaryAnalysisPlatform__bap (sample analysis: 10 samples),Ocaml,91cf7e02-e5f9-4df1-a071-c053e6f7a855,3,3,file,lib/arm/arm_env.ml,,,,0
min,2,total_halstead_effort,Total Halstead Effort/File,a81fc79f-6ea8-409c-8690-f034ab9400d8,BinaryAnalysisPlatform__bap (sample analysis: 10 samples),Ocaml,91cf7e02-e5f9-4df1-a071-c053e6f7a855,3,3,file,lib/arm/arm_lifter.ml,,,,0
min,3,total_halstead_effort,Total Halstead Effort/File,a81fc79f-6ea8-409c-8690-f034ab9400d8,BinaryAnalysisPlatform__bap (sample analysis: 10 samples),Ocaml,91cf7e02-e5f9-4df1-a071-c053e6f7a855,3,3,file,lib/bap/bap_load_plugins.mli,,,,0
min,4,total_halstead_effort,Total Halstead Effort/File,a81fc79f-6ea8-409c-8690-f034ab9400d8,BinaryAnalysisPlatform__bap (sample analysis: 10 samples),Ocaml,91cf7e02-e5f9-4df1-a071-c053e6f7a855,3,3,file,lib/bap_api/bap_api_attr.ml,,,,0
min,5,total_halstead_effort,Total Halstead Effort/File,a81fc79f-6ea8-409c-8690-f034ab9400d8,BinaryAnalysisPlatform__bap (sample analysis: 10 samples),Ocaml,91cf7e02-e5f9-4df1-a071-c053e6f7a855,3,3,file,lib/bap_api/bap_api_attr.mli,,,,0
max,1,total_halstead_effort,Total Halstead Effort/File,729d4ded-b025-47be-ae9b-ed0561b8f9e6,bcpierce00__unison (sample analysis: 10 samples),Ocaml,a63a6351-0dfd-40b4-b2ba-fa9860fa8d82,3,3,file,src/uigtk2.ml,,,,44212122.06771633
max,2,total_halstead_effort,Total Halstead Effort/File,e749ce64-7ffd-4d8c-a44a-47ef93013510,airbus-seclab__bincat (sample analysis: 10 samples),Ocaml,c43a50d1-0dfc-4d68-b589-338289eebd61,3,3,file,ocaml/src/disassembly/x86.ml,,,,33564766.80532371
max,3,total_halstead_effort,Total Halstead Effort/File,e9d92337-e257-41dd-9d58-bc6f84121654,astrada__google-drive-ocamlfuse (sample analysis: 10 samples),Ocaml,1990070f-41dc-406e-a4e0-b30e3ce3c333,3,3,file,setup.ml,,,,31468764.399356835
max,4,total_halstead_effort,Total Halstead Effort/File,a81fc79f-6ea8-409c-8690-f034ab9400d8,BinaryAnalysisPlatform__bap (sample analysis: 10 samples),Ocaml,91cf7e02-e5f9-4df1-a071-c053e6f7a855,3,3,file,lib/monads/monads_monad.ml,,,,30990095.9465282
max,5,total_halstead_effort,Total Halstead Effort/File,fe280555-02ee-426f-bc9f-f74fdf273723,FiloSottile__mkcert (sample analysis: 10 samples),Golang,34cc73b7-6a5d-43c8-97cb-6d7a91b285c4,3,3,file,vendor/golang.org/x/text/unicode/norm/tables10.0.0.go,,,,30091586.133666586
min,1,total_halstead_time_seconds,Total Halstead Time Seconds/File,a81fc79f-6ea8-409c-8690-f034ab9400d8,BinaryAnalysisPlatform__bap (sample analysis: 10 samples),Ocaml,91cf7e02-e5f9-4df1-a071-c053e6f7a855,3,3,file,lib/arm/arm_env.ml,,,,0
min,2,total_halstead_time_seconds,Total Halstead Time Seconds/File,a81fc79f-6ea8-409c-8690-f034ab9400d8,BinaryAnalysisPlatform__bap (sample analysis: 10 samples),Ocaml,91cf7e02-e5f9-4df1-a071-c053e6f7a855,3,3,file,lib/arm/arm_lifter.ml,,,,0
min,3,total_halstead_time_seconds,Total Halstead Time Seconds/File,a81fc79f-6ea8-409c-8690-f034ab9400d8,BinaryAnalysisPlatform__bap (sample analysis: 10 samples),Ocaml,91cf7e02-e5f9-4df1-a071-c053e6f7a855,3,3,file,lib/bap/bap_load_plugins.mli,,,,0
min,4,total_halstead_time_seconds,Total Halstead Time Seconds/File,a81fc79f-6ea8-409c-8690-f034ab9400d8,BinaryAnalysisPlatform__bap (sample analysis: 10 samples),Ocaml,91cf7e02-e5f9-4df1-a071-c053e6f7a855,3,3,file,lib/bap_api/bap_api_attr.ml,,,,0
min,5,total_halstead_time_seconds,Total Halstead Time Seconds/File,a81fc79f-6ea8-409c-8690-f034ab9400d8,BinaryAnalysisPlatform__bap (sample analysis: 10 samples),Ocaml,91cf7e02-e5f9-4df1-a071-c053e6f7a855,3,3,file,lib/bap_api/bap_api_attr.mli,,,,0
max,1,total_halstead_time_seconds,Total Halstead Time Seconds/File,729d4ded-b025-47be-ae9b-ed0561b8f9e6,bcpierce00__unison (sample analysis: 10 samples),Ocaml,a63a6351-0dfd-40b4-b2ba-fa9860fa8d82,3,3,file,src/uigtk2.ml,,,,2456229.0037620184
max,2,total_halstead_time_seconds,Total Halstead Time Seconds/File,e749ce64-7ffd-4d8c-a44a-47ef93013510,airbus-seclab__bincat (sample analysis: 10 samples),Ocaml,c43a50d1-0dfc-4d68-b589-338289eebd61,3,3,file,ocaml/src/disassembly/x86.ml,,,,1864709.2669624286
max,3,total_halstead_time_seconds,Total Halstead Time Seconds/File,e9d92337-e257-41dd-9d58-bc6f84121654,astrada__google-drive-ocamlfuse (sample analysis: 10 samples),Ocaml,1990070f-41dc-406e-a4e0-b30e3ce3c333,3,3,file,setup.ml,,,,1748264.6888531575
max,4,total_halstead_time_seconds,Total Halstead Time Seconds/File,a81fc79f-6ea8-409c-8690-f034ab9400d8,BinaryAnalysisPlatform__bap (sample analysis: 10 samples),Ocaml,91cf7e02-e5f9-4df1-a071-c053e6f7a855,3,3,file,lib/monads/monads_monad.ml,,,,1721671.9970293446
max,5,total_halstead_time_seconds,Total Halstead Time Seconds/File,fe280555-02ee-426f-bc9f-f74fdf273723,FiloSottile__mkcert (sample analysis: 10 samples),Golang,34cc73b7-6a5d-43c8-97cb-6d7a91b285c4,3,3,file,vendor/golang.org/x/text/unicode/norm/tables10.0.0.go,,,,1671754.7852036993
min,1,total_halstead_bugs,Total Halstead Bugs/File,a81fc79f-6ea8-409c-8690-f034ab9400d8,BinaryAnalysisPlatform__bap (sample analysis: 10 samples),Ocaml,91cf7e02-e5f9-4df1-a071-c053e6f7a855,3,3,file,lib/arm/arm_env.ml,,,,0
min,2,total_halstead_bugs,Total Halstead Bugs/File,a81fc79f-6ea8-409c-8690-f034ab9400d8,BinaryAnalysisPlatform__bap (sample analysis: 10 samples),Ocaml,91cf7e02-e5f9-4df1-a071-c053e6f7a855,3,3,file,lib/arm/arm_lifter.ml,,,,0
min,3,total_halstead_bugs,Total Halstead Bugs/File,a81fc79f-6ea8-409c-8690-f034ab9400d8,BinaryAnalysisPlatform__bap (sample analysis: 10 samples),Ocaml,91cf7e02-e5f9-4df1-a071-c053e6f7a855,3,3,file,lib/bap/bap_load_plugins.mli,,,,0
min,4,total_halstead_bugs,Total Halstead Bugs/File,a81fc79f-6ea8-409c-8690-f034ab9400d8,BinaryAnalysisPlatform__bap (sample analysis: 10 samples),Ocaml,91cf7e02-e5f9-4df1-a071-c053e6f7a855,3,3,file,lib/bap_api/bap_api_attr.ml,,,,0
min,5,total_halstead_bugs,Total Halstead Bugs/File,a81fc79f-6ea8-409c-8690-f034ab9400d8,BinaryAnalysisPlatform__bap (sample analysis: 10 samples),Ocaml,91cf7e02-e5f9-4df1-a071-c053e6f7a855,3,3,file,lib/bap_api/bap_api_attr.mli,,,,0
max,1,total_halstead_bugs,Total Halstead Bugs/File,fe280555-02ee-426f-bc9f-f74fdf273723,FiloSottile__mkcert (sample analysis: 10 samples),Golang,34cc73b7-6a5d-43c8-97cb-6d7a91b285c4,3,3,file,vendor/golang.org/x/text/unicode/norm/tables10.0.0.go,,,,212.00180901907407
max,2,total_halstead_bugs,Total Halstead Bugs/File,fe280555-02ee-426f-bc9f-f74fdf273723,FiloSottile__mkcert (sample analysis: 10 samples),Golang,34cc73b7-6a5d-43c8-97cb-6d7a91b285c4,3,3,file,vendor/golang.org/x/text/unicode/norm/tables9.0.0.go,,,,211.03340894862504
max,3,total_halstead_bugs,Total Halstead Bugs/File,fe280555-02ee-426f-bc9f-f74fdf273723,FiloSottile__mkcert (sample analysis: 10 samples),Golang,34cc73b7-6a5d-43c8-97cb-6d7a91b285c4,3,3,file,vendor/golang.org/x/net/idna/tables.go,,,,145.9734777775365
max,4,total_halstead_bugs,Total Halstead Bugs/File,729d4ded-b025-47be-ae9b-ed0561b8f9e6,bcpierce00__unison (sample analysis: 10 samples),Ocaml,a63a6351-0dfd-40b4-b2ba-fa9860fa8d82,3,3,file,src/uigtk2.ml,,,,65.50594005514309
max,5,total_halstead_bugs,Total Halstead Bugs/File,fe280555-02ee-426f-bc9f-f74fdf273723,FiloSottile__mkcert (sample analysis: 10 samples),Golang,34cc73b7-6a5d-43c8-97cb-6d7a91b285c4,3,3,file,vendor/golang.org/x/text/unicode/bidi/tables10.0.0.go,,,,56.649506718978216
min,1,mean_outdegree_per_file,Mean Outdegree/File,069ad96b-3762-4b18-b863-c8f40f8d0442,AlistGo__alist (sample analysis: 10 samples),Golang,123797bc-a18d-4d7e-88f1-c419b8673c2d,3,3,file,cmd/flags/config.go,,,,0
min,2,mean_outdegree_per_file,Mean Outdegree/File,069ad96b-3762-4b18-b863-c8f40f8d0442,AlistGo__alist (sample analysis: 10 samples),Golang,123797bc-a18d-4d7e-88f1-c419b8673c2d,3,3,file,drivers/115/types.go,,,,0
min,3,mean_outdegree_per_file,Mean Outdegree/File,069ad96b-3762-4b18-b863-c8f40f8d0442,AlistGo__alist (sample analysis: 10 samples),Golang,123797bc-a18d-4d7e-88f1-c419b8673c2d,3,3,file,drivers/139/types.go,,,,0
min,4,mean_outdegree_per_file,Mean Outdegree/File,069ad96b-3762-4b18-b863-c8f40f8d0442,AlistGo__alist (sample analysis: 10 samples),Golang,123797bc-a18d-4d7e-88f1-c419b8673c2d,3,3,file,drivers/189/types.go,,,,0
min,5,mean_outdegree_per_file,Mean Outdegree/File,069ad96b-3762-4b18-b863-c8f40f8d0442,AlistGo__alist (sample analysis: 10 samples),Golang,123797bc-a18d-4d7e-88f1-c419b8673c2d,3,3,file,drivers/alist_v3/types.go,,,,0
max,1,mean_outdegree_per_file,Mean Outdegree/File,24cc32f1-80f1-40da-9ad5-e2285210d73d,router-for-me__CLIProxyAPI (sample analysis: 10 samples),Golang,e2d7d39c-eb12-4798-b4bd-2a6111524d5c,3,3,file,internal/translator/claude/gemini/claude_gemini_request.go,,,,93
max,2,mean_outdegree_per_file,Mean Outdegree/File,24cc32f1-80f1-40da-9ad5-e2285210d73d,router-for-me__CLIProxyAPI (sample analysis: 10 samples),Golang,e2d7d39c-eb12-4798-b4bd-2a6111524d5c,3,3,file,internal/translator/openai/gemini/openai_gemini_request.go,,,,72
max,3,mean_outdegree_per_file,Mean Outdegree/File,24cc32f1-80f1-40da-9ad5-e2285210d73d,router-for-me__CLIProxyAPI (sample analysis: 10 samples),Golang,e2d7d39c-eb12-4798-b4bd-2a6111524d5c,3,3,file,internal/translator/openai/claude/openai_claude_request.go,,,,72
max,4,mean_outdegree_per_file,Mean Outdegree/File,24cc32f1-80f1-40da-9ad5-e2285210d73d,router-for-me__CLIProxyAPI (sample analysis: 10 samples),Golang,e2d7d39c-eb12-4798-b4bd-2a6111524d5c,3,3,file,internal/translator/claude/openai/chat-completions/claude_openai_request.go,,,,72
max,5,mean_outdegree_per_file,Mean Outdegree/File,24cc32f1-80f1-40da-9ad5-e2285210d73d,router-for-me__CLIProxyAPI (sample analysis: 10 samples),Golang,e2d7d39c-eb12-4798-b4bd-2a6111524d5c,3,3,file,internal/translator/gemini/openai/responses/gemini_openai-responses_request.go,,,,69
min,1,mean_indegree_per_file,Mean Indegree/File,069ad96b-3762-4b18-b863-c8f40f8d0442,AlistGo__alist (sample analysis: 10 samples),Golang,123797bc-a18d-4d7e-88f1-c419b8673c2d,3,3,file,cmd/admin.go,,,,0
min,2,mean_indegree_per_file,Mean Indegree/File,069ad96b-3762-4b18-b863-c8f40f8d0442,AlistGo__alist (sample analysis: 10 samples),Golang,123797bc-a18d-4d7e-88f1-c419b8673c2d,3,3,file,cmd/cancel2FA.go,,,,0
min,3,mean_indegree_per_file,Mean Indegree/File,069ad96b-3762-4b18-b863-c8f40f8d0442,AlistGo__alist (sample analysis: 10 samples),Golang,123797bc-a18d-4d7e-88f1-c419b8673c2d,3,3,file,cmd/common.go,,,,0
min,4,mean_indegree_per_file,Mean Indegree/File,069ad96b-3762-4b18-b863-c8f40f8d0442,AlistGo__alist (sample analysis: 10 samples),Golang,123797bc-a18d-4d7e-88f1-c419b8673c2d,3,3,file,cmd/flags/config.go,,,,0
min,5,mean_indegree_per_file,Mean Indegree/File,069ad96b-3762-4b18-b863-c8f40f8d0442,AlistGo__alist (sample analysis: 10 samples),Golang,123797bc-a18d-4d7e-88f1-c419b8673c2d,3,3,file,cmd/root.go,,,,0
max,1,mean_indegree_per_file,Mean Indegree/File,729d4ded-b025-47be-ae9b-ed0561b8f9e6,bcpierce00__unison (sample analysis: 10 samples),Ocaml,a63a6351-0dfd-40b4-b2ba-fa9860fa8d82,3,3,file,src/unicode.ml,,,,3.52
max,2,mean_indegree_per_file,Mean Indegree/File,a81fc79f-6ea8-409c-8690-f034ab9400d8,BinaryAnalysisPlatform__bap (sample analysis: 10 samples),Ocaml,91cf7e02-e5f9-4df1-a071-c053e6f7a855,3,3,file,lib/bap_future/bap_future.ml,,,,3.450980392156863
max,3,mean_indegree_per_file,Mean Indegree/File,e749ce64-7ffd-4d8c-a44a-47ef93013510,airbus-seclab__bincat (sample analysis: 10 samples),Ocaml,c43a50d1-0dfc-4d68-b589-338289eebd61,3,3,file,ocaml/src/disassembly/x86.ml,,,,2.8693181818181817
max,4,mean_indegree_per_file,Mean Indegree/File,08fc41ef-3162-4883-934f-1f96a9db7b1a,fastpack__fastpack (sample analysis: 10 samples),Ocaml,7f5bc7c3-df9f-4458-b025-a27a7cb210c9,3,3,file,Fastpack/Printer.ml,,,,2.7384615384615385
max,5,mean_indegree_per_file,Mean Indegree/File,729d4ded-b025-47be-ae9b-ed0561b8f9e6,bcpierce00__unison (sample analysis: 10 samples),Ocaml,a63a6351-0dfd-40b4-b2ba-fa9860fa8d82,3,3,file,src/ubase/safelist.ml,,,,2.466666666666667
min,1,mean_cyclomatic_per_function_per_file,Mean Function Cyclomatic/File,069ad96b-3762-4b18-b863-c8f40f8d0442,AlistGo__alist (sample analysis: 10 samples),Golang,123797bc-a18d-4d7e-88f1-c419b8673c2d,3,3,file,cmd/flags/config.go,,,,0
min,2,mean_cyclomatic_per_function_per_file,Mean Function Cyclomatic/File,069ad96b-3762-4b18-b863-c8f40f8d0442,AlistGo__alist (sample analysis: 10 samples),Golang,123797bc-a18d-4d7e-88f1-c419b8673c2d,3,3,file,drivers/115/types.go,,,,0
min,3,mean_cyclomatic_per_function_per_file,Mean Function Cyclomatic/File,069ad96b-3762-4b18-b863-c8f40f8d0442,AlistGo__alist (sample analysis: 10 samples),Golang,123797bc-a18d-4d7e-88f1-c419b8673c2d,3,3,file,drivers/139/types.go,,,,0
min,4,mean_cyclomatic_per_function_per_file,Mean Function Cyclomatic/File,069ad96b-3762-4b18-b863-c8f40f8d0442,AlistGo__alist (sample analysis: 10 samples),Golang,123797bc-a18d-4d7e-88f1-c419b8673c2d,3,3,file,drivers/189/types.go,,,,0
min,5,mean_cyclomatic_per_function_per_file,Mean Function Cyclomatic/File,069ad96b-3762-4b18-b863-c8f40f8d0442,AlistGo__alist (sample analysis: 10 samples),Golang,123797bc-a18d-4d7e-88f1-c419b8673c2d,3,3,file,drivers/alist_v3/types.go,,,,0
max,1,mean_cyclomatic_per_function_per_file,Mean Function Cyclomatic/File,e9d92337-e257-41dd-9d58-bc6f84121654,astrada__google-drive-ocamlfuse (sample analysis: 10 samples),Ocaml,1990070f-41dc-406e-a4e0-b30e3ce3c333,3,3,file,src/mime.ml,,,,769
max,2,mean_cyclomatic_per_function_per_file,Mean Function Cyclomatic/File,24cc32f1-80f1-40da-9ad5-e2285210d73d,router-for-me__CLIProxyAPI (sample analysis: 10 samples),Golang,e2d7d39c-eb12-4798-b4bd-2a6111524d5c,3,3,file,internal/translator/claude/gemini/claude_gemini_request.go,,,,59
max,3,mean_cyclomatic_per_function_per_file,Mean Function Cyclomatic/File,24cc32f1-80f1-40da-9ad5-e2285210d73d,router-for-me__CLIProxyAPI (sample analysis: 10 samples),Golang,e2d7d39c-eb12-4798-b4bd-2a6111524d5c,3,3,file,internal/translator/claude/openai/chat-completions/claude_openai_request.go,,,,53
max,4,mean_cyclomatic_per_function_per_file,Mean Function Cyclomatic/File,24cc32f1-80f1-40da-9ad5-e2285210d73d,router-for-me__CLIProxyAPI (sample analysis: 10 samples),Golang,e2d7d39c-eb12-4798-b4bd-2a6111524d5c,3,3,file,internal/translator/claude/openai/responses/claude_openai-responses_request.go,,,,49
max,5,mean_cyclomatic_per_function_per_file,Mean Function Cyclomatic/File,24cc32f1-80f1-40da-9ad5-e2285210d73d,router-for-me__CLIProxyAPI (sample analysis: 10 samples),Golang,e2d7d39c-eb12-4798-b4bd-2a6111524d5c,3,3,file,internal/translator/openai/claude/openai_claude_request.go,,,,48
min,1,function_length,Function Length,069ad96b-3762-4b18-b863-c8f40f8d0442,AlistGo__alist (sample analysis: 10 samples),Golang,123797bc-a18d-4d7e-88f1-c419b8673c2d,3,3,function,drivers/189pc/types.go,GetSize:136:24,136,136,0
min,2,function_length,Function Length,069ad96b-3762-4b18-b863-c8f40f8d0442,AlistGo__alist (sample analysis: 10 samples),Golang,123797bc-a18d-4d7e-88f1-c419b8673c2d,3,3,function,drivers/189pc/types.go,GetName:137:24,137,137,0
min,3,function_length,Function Length,069ad96b-3762-4b18-b863-c8f40f8d0442,AlistGo__alist (sample analysis: 10 samples),Golang,123797bc-a18d-4d7e-88f1-c419b8673c2d,3,3,function,drivers/189pc/types.go,IsDir:144:24,144,144,0
min,4,function_length,Function Length,069ad96b-3762-4b18-b863-c8f40f8d0442,AlistGo__alist (sample analysis: 10 samples),Golang,123797bc-a18d-4d7e-88f1-c419b8673c2d,3,3,function,drivers/189pc/types.go,GetID:145:24,145,145,0
min,5,function_length,Function Length,069ad96b-3762-4b18-b863-c8f40f8d0442,AlistGo__alist (sample analysis: 10 samples),Golang,123797bc-a18d-4d7e-88f1-c419b8673c2d,3,3,function,drivers/189pc/types.go,GetPath:146:24,146,146,0
max,1,function_length,Function Length,729d4ded-b025-47be-ae9b-ed0561b8f9e6,bcpierce00__unison (sample analysis: 10 samples),Ocaml,a63a6351-0dfd-40b4-b2ba-fa9860fa8d82,3,3,function,src/uigtk2.ml,createToplevelWindow:2631:5,2631,4161,1530
max,2,function_length,Function Length,24e65021-62fe-4607-8cfb-8f06e8e5257f,spf13__cobra (sample analysis: 10 samples),Golang,0224f425-8306-4ac5-9e05-f24c4f10d3b3,3,3,function,cobra/cmd/licenses.go,init:46:6,46,1384,1338
max,3,function_length,Function Length,a81fc79f-6ea8-409c-8690-f034ab9400d8,BinaryAnalysisPlatform__bap (sample analysis: 10 samples),Ocaml,91cf7e02-e5f9-4df1-a071-c053e6f7a855,3,3,function,plugins/x86/x86_disasm.ml,parse_instr:25:5,25,1235,1210
max,4,function_length,Function Length,a81fc79f-6ea8-409c-8690-f034ab9400d8,BinaryAnalysisPlatform__bap (sample analysis: 10 samples),Ocaml,91cf7e02-e5f9-4df1-a071-c053e6f7a855,3,3,function,plugins/x86/x86_lifter.ml,to_ir:276:11,276,1442,1166
max,5,function_length,Function Length,08fc41ef-3162-4883-934f-1f96a9db7b1a,fastpack__fastpack (sample analysis: 10 samples),Ocaml,7f5bc7c3-df9f-4458-b025-a27a7cb210c9,3,3,function,Fastpack/Printer.ml,print:224:5,224,1323,1099
min,1,cyclomatic,Function Cyclomatic,069ad96b-3762-4b18-b863-c8f40f8d0442,AlistGo__alist (sample analysis: 10 samples),Golang,123797bc-a18d-4d7e-88f1-c419b8673c2d,3,3,function,cmd/admin.go,init:28:6,28,40,1
min,2,cyclomatic,Function Cyclomatic,069ad96b-3762-4b18-b863-c8f40f8d0442,AlistGo__alist (sample analysis: 10 samples),Golang,123797bc-a18d-4d7e-88f1-c419b8673c2d,3,3,function,cmd/cancel2FA.go,init:30:6,30,42,1
min,3,cyclomatic,Function Cyclomatic,069ad96b-3762-4b18-b863-c8f40f8d0442,AlistGo__alist (sample analysis: 10 samples),Golang,123797bc-a18d-4d7e-88f1-c419b8673c2d,3,3,function,cmd/common.go,Init:8:6,8,13,1
min,4,cyclomatic,Function Cyclomatic,069ad96b-3762-4b18-b863-c8f40f8d0442,AlistGo__alist (sample analysis: 10 samples),Golang,123797bc-a18d-4d7e-88f1-c419b8673c2d,3,3,function,cmd/lang.go,convert:34:6,34,38,1
min,5,cyclomatic,Function Cyclomatic,069ad96b-3762-4b18-b863-c8f40f8d0442,AlistGo__alist (sample analysis: 10 samples),Golang,123797bc-a18d-4d7e-88f1-c419b8673c2d,3,3,function,cmd/lang.go,init:140:6,140,152,1
max,1,cyclomatic,Function Cyclomatic,e9d92337-e257-41dd-9d58-bc6f84121654,astrada__google-drive-ocamlfuse (sample analysis: 10 samples),Ocaml,1990070f-41dc-406e-a4e0-b30e3ce3c333,3,3,function,src/mime.ml,map_filename_to_mime_type:3:5,3,775,769
max,2,cyclomatic,Function Cyclomatic,a81fc79f-6ea8-409c-8690-f034ab9400d8,BinaryAnalysisPlatform__bap (sample analysis: 10 samples),Ocaml,91cf7e02-e5f9-4df1-a071-c053e6f7a855,3,3,function,plugins/x86/x86_disasm.ml,get_opcode:420:7,420,1165,405
max,3,cyclomatic,Function Cyclomatic,a81fc79f-6ea8-409c-8690-f034ab9400d8,BinaryAnalysisPlatform__bap (sample analysis: 10 samples),Ocaml,91cf7e02-e5f9-4df1-a071-c053e6f7a855,3,3,function,plugins/x86/x86_lifter.ml,to_ir:276:11,276,1442,244
max,4,cyclomatic,Function Cyclomatic,e749ce64-7ffd-4d8c-a44a-47ef93013510,airbus-seclab__bincat (sample analysis: 10 samples),Ocaml,c43a50d1-0dfc-4d68-b589-338289eebd61,3,3,function,ocaml/src/disassembly/x86.ml,decode:2043:17,2043,2268,198
max,5,cyclomatic,Function Cyclomatic,3e629e34-e52d-445d-9487-cfbcb29d77e8,junegunn__fzf (sample analysis: 10 samples),Golang,0b3e429a-16c2-4c50-9bb5-463307123c17,3,3,function,src/terminal.go,Loop:864:20,864,1331,149
min,1,cyclomatic_match_as_single_branch,Function Cyclomatic Match As Single Branch,069ad96b-3762-4b18-b863-c8f40f8d0442,AlistGo__alist (sample analysis: 10 samples),Golang,123797bc-a18d-4d7e-88f1-c419b8673c2d,3,3,function,cmd/admin.go,init:28:6,28,40,1
min,2,cyclomatic_match_as_single_branch,Function Cyclomatic Match As Single Branch,069ad96b-3762-4b18-b863-c8f40f8d0442,AlistGo__alist (sample analysis: 10 samples),Golang,123797bc-a18d-4d7e-88f1-c419b8673c2d,3,3,function,cmd/cancel2FA.go,init:30:6,30,42,1
min,3,cyclomatic_match_as_single_branch,Function Cyclomatic Match As Single Branch,069ad96b-3762-4b18-b863-c8f40f8d0442,AlistGo__alist (sample analysis: 10 samples),Golang,123797bc-a18d-4d7e-88f1-c419b8673c2d,3,3,function,cmd/common.go,Init:8:6,8,13,1
min,4,cyclomatic_match_as_single_branch,Function Cyclomatic Match As Single Branch,069ad96b-3762-4b18-b863-c8f40f8d0442,AlistGo__alist (sample analysis: 10 samples),Golang,123797bc-a18d-4d7e-88f1-c419b8673c2d,3,3,function,cmd/lang.go,convert:34:6,34,38,1
min,5,cyclomatic_match_as_single_branch,Function Cyclomatic Match As Single Branch,069ad96b-3762-4b18-b863-c8f40f8d0442,AlistGo__alist (sample analysis: 10 samples),Golang,123797bc-a18d-4d7e-88f1-c419b8673c2d,3,3,function,cmd/lang.go,init:140:6,140,152,1
max,1,cyclomatic_match_as_single_branch,Function Cyclomatic Match As Single Branch,a81fc79f-6ea8-409c-8690-f034ab9400d8,BinaryAnalysisPlatform__bap (sample analysis: 10 samples),Ocaml,91cf7e02-e5f9-4df1-a071-c053e6f7a855,3,3,function,plugins/x86/x86_disasm.ml,get_opcode:420:7,420,1165,99
max,2,cyclomatic_match_as_single_branch,Function Cyclomatic Match As Single Branch,3e629e34-e52d-445d-9487-cfbcb29d77e8,junegunn__fzf (sample analysis: 10 samples),Golang,0b3e429a-16c2-4c50-9bb5-463307123c17,3,3,function,src/terminal.go,Loop:864:20,864,1331,96
max,3,cyclomatic_match_as_single_branch,Function Cyclomatic Match As Single Branch,9539fa79-4e99-4b7c-8679-62b23d3abedd,go-gorm__gorm (sample analysis: 10 samples),Golang,193694eb-cb9c-46f7-a347-373b96e7251d,3,3,function,model_struct.go,GetModelStruct:119:21,119,530,94
max,4,cyclomatic_match_as_single_branch,Function Cyclomatic Match As Single Branch,24cc32f1-80f1-40da-9ad5-e2285210d73d,router-for-me__CLIProxyAPI (sample analysis: 10 samples),Golang,e2d7d39c-eb12-4798-b4bd-2a6111524d5c,3,3,function,internal/translator/openai/openai/responses/openai_openai-responses_response.go,ConvertOpenAIChatCompletionsResponseToOpenAIResponses:42:6,42,509,89
max,5,cyclomatic_match_as_single_branch,Function Cyclomatic Match As Single Branch,069ad96b-3762-4b18-b863-c8f40f8d0442,AlistGo__alist (sample analysis: 10 samples),Golang,123797bc-a18d-4d7e-88f1-c419b8673c2d,3,3,function,server/webdav/internal/xml/xml.go,rawToken:533:19,533,830,75
min,1,indegree,Function Indegree,069ad96b-3762-4b18-b863-c8f40f8d0442,AlistGo__alist (sample analysis: 10 samples),Golang,123797bc-a18d-4d7e-88f1-c419b8673c2d,3,3,function,cmd/admin.go,init:28:6,28,40,0
min,2,indegree,Function Indegree,069ad96b-3762-4b18-b863-c8f40f8d0442,AlistGo__alist (sample analysis: 10 samples),Golang,123797bc-a18d-4d7e-88f1-c419b8673c2d,3,3,function,cmd/cancel2FA.go,init:30:6,30,42,0
min,3,indegree,Function Indegree,069ad96b-3762-4b18-b863-c8f40f8d0442,AlistGo__alist (sample analysis: 10 samples),Golang,123797bc-a18d-4d7e-88f1-c419b8673c2d,3,3,function,cmd/common.go,Init:8:6,8,13,0
min,4,indegree,Function Indegree,069ad96b-3762-4b18-b863-c8f40f8d0442,AlistGo__alist (sample analysis: 10 samples),Golang,123797bc-a18d-4d7e-88f1-c419b8673c2d,3,3,function,cmd/lang.go,generateDriversJson:78:6,78,103,0
min,5,indegree,Function Indegree,069ad96b-3762-4b18-b863-c8f40f8d0442,AlistGo__alist (sample analysis: 10 samples),Golang,123797bc-a18d-4d7e-88f1-c419b8673c2d,3,3,function,cmd/lang.go,generateSettingsJson:105:6,105,124,0
max,1,indegree,Function Indegree,e9d92337-e257-41dd-9d58-bc6f84121654,astrada__google-drive-ocamlfuse (sample analysis: 10 samples),Ocaml,1990070f-41dc-406e-a4e0-b30e3ce3c333,3,3,function,setup.ml,f_:22:7,22,23,53
max,2,indegree,Function Indegree,a81fc79f-6ea8-409c-8690-f034ab9400d8,BinaryAnalysisPlatform__bap (sample analysis: 10 samples),Ocaml,91cf7e02-e5f9-4df1-a071-c053e6f7a855,3,3,function,lib/monads/monads_monad.ml,f:195:15,195,197,53
max,3,indegree,Function Indegree,e749ce64-7ffd-4d8c-a44a-47ef93013510,airbus-seclab__bincat (sample analysis: 10 samples),Ocaml,c43a50d1-0dfc-4d68-b589-338289eebd61,3,3,function,ocaml/src/disassembly/x86.ml,return:321:9,321,325,49
max,4,indegree,Function Indegree,08fc41ef-3162-4883-934f-1f96a9db7b1a,fastpack__fastpack (sample analysis: 10 samples),Ocaml,7f5bc7c3-df9f-4458-b025-a27a7cb210c9,3,3,function,Fastpack/Printer.ml,emit:156:5,156,158,43
max,5,indegree,Function Indegree,e9d92337-e257-41dd-9d58-bc6f84121654,astrada__google-drive-ocamlfuse (sample analysis: 10 samples),Ocaml,1990070f-41dc-406e-a4e0-b30e3ce3c333,3,3,function,setup.ml,failwithf:393:7,393,393,25
min,1,outdegree,Function Outdegree,069ad96b-3762-4b18-b863-c8f40f8d0442,AlistGo__alist (sample analysis: 10 samples),Golang,123797bc-a18d-4d7e-88f1-c419b8673c2d,3,3,function,drivers/115/driver.go,Config:20:18,20,22,0
min,2,outdegree,Function Outdegree,069ad96b-3762-4b18-b863-c8f40f8d0442,AlistGo__alist (sample analysis: 10 samples),Golang,123797bc-a18d-4d7e-88f1-c419b8673c2d,3,3,function,drivers/115/driver.go,GetAddition:24:18,24,26,0
min,3,outdegree,Function Outdegree,069ad96b-3762-4b18-b863-c8f40f8d0442,AlistGo__alist (sample analysis: 10 samples),Golang,123797bc-a18d-4d7e-88f1-c419b8673c2d,3,3,function,drivers/115/driver.go,Drop:37:18,37,39,0
min,4,outdegree,Function Outdegree,069ad96b-3762-4b18-b863-c8f40f8d0442,AlistGo__alist (sample analysis: 10 samples),Golang,123797bc-a18d-4d7e-88f1-c419b8673c2d,3,3,function,drivers/115/meta.go,New:20:6,20,22,0
min,5,outdegree,Function Outdegree,069ad96b-3762-4b18-b863-c8f40f8d0442,AlistGo__alist (sample analysis: 10 samples),Golang,123797bc-a18d-4d7e-88f1-c419b8673c2d,3,3,function,drivers/123/driver.go,Config:35:18,35,37,0
max,1,outdegree,Function Outdegree,a81fc79f-6ea8-409c-8690-f034ab9400d8,BinaryAnalysisPlatform__bap (sample analysis: 10 samples),Ocaml,91cf7e02-e5f9-4df1-a071-c053e6f7a855,3,3,function,plugins/x86/x86_disasm.ml,get_opcode:420:7,420,1165,124
max,2,outdegree,Function Outdegree,a81fc79f-6ea8-409c-8690-f034ab9400d8,BinaryAnalysisPlatform__bap (sample analysis: 10 samples),Ocaml,91cf7e02-e5f9-4df1-a071-c053e6f7a855,3,3,function,plugins/x86/x86_lifter.ml,to_ir:276:11,276,1442,112
max,3,outdegree,Function Outdegree,729d4ded-b025-47be-ae9b-ed0561b8f9e6,bcpierce00__unison (sample analysis: 10 samples),Ocaml,a63a6351-0dfd-40b4-b2ba-fa9860fa8d82,3,3,function,src/uigtk.ml,createToplevelWindow:1022:9,1022,2089,105
max,4,outdegree,Function Outdegree,729d4ded-b025-47be-ae9b-ed0561b8f9e6,bcpierce00__unison (sample analysis: 10 samples),Ocaml,a63a6351-0dfd-40b4-b2ba-fa9860fa8d82,3,3,function,src/uigtk2.ml,createToplevelWindow:2631:5,2631,4161,104
max,5,outdegree,Function Outdegree,24cc32f1-80f1-40da-9ad5-e2285210d73d,router-for-me__CLIProxyAPI (sample analysis: 10 samples),Golang,e2d7d39c-eb12-4798-b4bd-2a6111524d5c,3,3,function,internal/translator/claude/gemini/claude_gemini_request.go,ConvertGeminiRequestToClaude:38:6,38,314,93
min,1,halstead_unique_operators,Function Halstead Unique Operators,e9d92337-e257-41dd-9d58-bc6f84121654,astrada__google-drive-ocamlfuse (sample analysis: 10 samples),Ocaml,1990070f-41dc-406e-a4e0-b30e3ce3c333,3,3,function,myocamlbuild.ml,var_get:226:7,226,227,0
min,2,halstead_unique_operators,Function Halstead Unique Operators,e9d92337-e257-41dd-9d58-bc6f84121654,astrada__google-drive-ocamlfuse (sample analysis: 10 samples),Ocaml,1990070f-41dc-406e-a4e0-b30e3ce3c333,3,3,function,myocamlbuild.ml,split_nl:308:7,308,308,0
min,3,halstead_unique_operators,Function Halstead Unique Operators,e9d92337-e257-41dd-9d58-bc6f84121654,astrada__google-drive-ocamlfuse (sample analysis: 10 samples),Ocaml,1990070f-41dc-406e-a4e0-b30e3ce3c333,3,3,function,myocamlbuild.ml,ocamlfind:317:7,317,317,0
min,4,halstead_unique_operators,Function Halstead Unique Operators,e9d92337-e257-41dd-9d58-bc6f84121654,astrada__google-drive-ocamlfuse (sample analysis: 10 samples),Ocaml,1990070f-41dc-406e-a4e0-b30e3ce3c333,3,3,function,myocamlbuild.ml,find_syntaxes:325:7,325,325,0
min,5,halstead_unique_operators,Function Halstead Unique Operators,e9d92337-e257-41dd-9d58-bc6f84121654,astrada__google-drive-ocamlfuse (sample analysis: 10 samples),Ocaml,1990070f-41dc-406e-a4e0-b30e3ce3c333,3,3,function,myocamlbuild.ml,dispatch_default:595:7,595,600,0
max,1,halstead_unique_operators,Function Halstead Unique Operators,729d4ded-b025-47be-ae9b-ed0561b8f9e6,bcpierce00__unison (sample analysis: 10 samples),Ocaml,a63a6351-0dfd-40b4-b2ba-fa9860fa8d82,3,3,function,src/uigtk2.ml,createToplevelWindow:2631:5,2631,4161,49
max,2,halstead_unique_operators,Function Halstead Unique Operators,a81fc79f-6ea8-409c-8690-f034ab9400d8,BinaryAnalysisPlatform__bap (sample analysis: 10 samples),Ocaml,91cf7e02-e5f9-4df1-a071-c053e6f7a855,3,3,function,plugins/x86/x86_lifter.ml,to_ir:276:11,276,1442,48
max,3,halstead_unique_operators,Function Halstead Unique Operators,a81fc79f-6ea8-409c-8690-f034ab9400d8,BinaryAnalysisPlatform__bap (sample analysis: 10 samples),Ocaml,91cf7e02-e5f9-4df1-a071-c053e6f7a855,3,3,function,plugins/x86/x86_disasm.ml,parse_instr:25:5,25,1235,45
max,4,halstead_unique_operators,Function Halstead Unique Operators,729d4ded-b025-47be-ae9b-ed0561b8f9e6,bcpierce00__unison (sample analysis: 10 samples),Ocaml,a63a6351-0dfd-40b4-b2ba-fa9860fa8d82,3,3,function,src/uigtk.ml,createToplevelWindow:1022:9,1022,2089,44
max,5,halstead_unique_operators,Function Halstead Unique Operators,a81fc79f-6ea8-409c-8690-f034ab9400d8,BinaryAnalysisPlatform__bap (sample analysis: 10 samples),Ocaml,91cf7e02-e5f9-4df1-a071-c053e6f7a855,3,3,function,plugins/x86/x86_disasm.ml,get_opcode:420:7,420,1165,35
min,1,halstead_unique_operands,Function Halstead Unique Operands,e9d92337-e257-41dd-9d58-bc6f84121654,astrada__google-drive-ocamlfuse (sample analysis: 10 samples),Ocaml,1990070f-41dc-406e-a4e0-b30e3ce3c333,3,3,function,myocamlbuild.ml,split_nl:308:7,308,308,0
min,2,halstead_unique_operands,Function Halstead Unique Operands,e9d92337-e257-41dd-9d58-bc6f84121654,astrada__google-drive-ocamlfuse (sample analysis: 10 samples),Ocaml,1990070f-41dc-406e-a4e0-b30e3ce3c333,3,3,function,myocamlbuild.ml,ocamlfind:317:7,317,317,0
min,3,halstead_unique_operands,Function Halstead Unique Operands,e9d92337-e257-41dd-9d58-bc6f84121654,astrada__google-drive-ocamlfuse (sample analysis: 10 samples),Ocaml,1990070f-41dc-406e-a4e0-b30e3ce3c333,3,3,function,myocamlbuild.ml,find_syntaxes:325:7,325,325,0
min,4,halstead_unique_operands,Function Halstead Unique Operands,e9d92337-e257-41dd-9d58-bc6f84121654,astrada__google-drive-ocamlfuse (sample analysis: 10 samples),Ocaml,1990070f-41dc-406e-a4e0-b30e3ce3c333,3,3,function,setup.ml,args:3006:7,3006,3006,0
min,5,halstead_unique_operands,Function Halstead Unique Operands,e9d92337-e257-41dd-9d58-bc6f84121654,astrada__google-drive-ocamlfuse (sample analysis: 10 samples),Ocaml,1990070f-41dc-406e-a4e0-b30e3ce3c333,3,3,function,setup.ml,var_ignore:3293:7,3293,3293,0
max,1,halstead_unique_operands,Function Halstead Unique Operands,e9d92337-e257-41dd-9d58-bc6f84121654,astrada__google-drive-ocamlfuse (sample analysis: 10 samples),Ocaml,1990070f-41dc-406e-a4e0-b30e3ce3c333,3,3,function,src/mime.ml,map_filename_to_mime_type:3:5,3,775,1758
max,2,halstead_unique_operands,Function Halstead Unique Operands,729d4ded-b025-47be-ae9b-ed0561b8f9e6,bcpierce00__unison (sample analysis: 10 samples),Ocaml,a63a6351-0dfd-40b4-b2ba-fa9860fa8d82,3,3,function,src/uigtk2.ml,createToplevelWindow:2631:5,2631,4161,812
max,3,halstead_unique_operands,Function Halstead Unique Operands,a81fc79f-6ea8-409c-8690-f034ab9400d8,BinaryAnalysisPlatform__bap (sample analysis: 10 samples),Ocaml,91cf7e02-e5f9-4df1-a071-c053e6f7a855,3,3,function,plugins/x86/x86_disasm.ml,parse_instr:25:5,25,1235,706
max,4,halstead_unique_operands,Function Halstead Unique Operands,a81fc79f-6ea8-409c-8690-f034ab9400d8,BinaryAnalysisPlatform__bap (sample analysis: 10 samples),Ocaml,91cf7e02-e5f9-4df1-a071-c053e6f7a855,3,3,function,plugins/x86/x86_lifter.ml,to_ir:276:11,276,1442,670
max,5,halstead_unique_operands,Function Halstead Unique Operands,729d4ded-b025-47be-ae9b-ed0561b8f9e6,bcpierce00__unison (sample analysis: 10 samples),Ocaml,a63a6351-0dfd-40b4-b2ba-fa9860fa8d82,3,3,function,src/uigtk.ml,createToplevelWindow:1022:9,1022,2089,624
min,1,halstead_operators,Function Halstead Operators,e9d92337-e257-41dd-9d58-bc6f84121654,astrada__google-drive-ocamlfuse (sample analysis: 10 samples),Ocaml,1990070f-41dc-406e-a4e0-b30e3ce3c333,3,3,function,myocamlbuild.ml,var_get:226:7,226,227,0
min,2,halstead_operators,Function Halstead Operators,e9d92337-e257-41dd-9d58-bc6f84121654,astrada__google-drive-ocamlfuse (sample analysis: 10 samples),Ocaml,1990070f-41dc-406e-a4e0-b30e3ce3c333,3,3,function,myocamlbuild.ml,split_nl:308:7,308,308,0
min,3,halstead_operators,Function Halstead Operators,e9d92337-e257-41dd-9d58-bc6f84121654,astrada__google-drive-ocamlfuse (sample analysis: 10 samples),Ocaml,1990070f-41dc-406e-a4e0-b30e3ce3c333,3,3,function,myocamlbuild.ml,ocamlfind:317:7,317,317,0
min,4,halstead_operators,Function Halstead Operators,e9d92337-e257-41dd-9d58-bc6f84121654,astrada__google-drive-ocamlfuse (sample analysis: 10 samples),Ocaml,1990070f-41dc-406e-a4e0-b30e3ce3c333,3,3,function,myocamlbuild.ml,find_syntaxes:325:7,325,325,0
min,5,halstead_operators,Function Halstead Operators,e9d92337-e257-41dd-9d58-bc6f84121654,astrada__google-drive-ocamlfuse (sample analysis: 10 samples),Ocaml,1990070f-41dc-406e-a4e0-b30e3ce3c333,3,3,function,myocamlbuild.ml,dispatch_default:595:7,595,600,0
max,1,halstead_operators,Function Halstead Operators,a81fc79f-6ea8-409c-8690-f034ab9400d8,BinaryAnalysisPlatform__bap (sample analysis: 10 samples),Ocaml,91cf7e02-e5f9-4df1-a071-c053e6f7a855,3,3,function,plugins/x86/x86_disasm.ml,parse_instr:25:5,25,1235,2803
max,2,halstead_operators,Function Halstead Operators,a81fc79f-6ea8-409c-8690-f034ab9400d8,BinaryAnalysisPlatform__bap (sample analysis: 10 samples),Ocaml,91cf7e02-e5f9-4df1-a071-c053e6f7a855,3,3,function,plugins/x86/x86_lifter.ml,to_ir:276:11,276,1442,2267
max,3,halstead_operators,Function Halstead Operators,729d4ded-b025-47be-ae9b-ed0561b8f9e6,bcpierce00__unison (sample analysis: 10 samples),Ocaml,a63a6351-0dfd-40b4-b2ba-fa9860fa8d82,3,3,function,src/uigtk2.ml,createToplevelWindow:2631:5,2631,4161,2025
max,4,halstead_operators,Function Halstead Operators,a81fc79f-6ea8-409c-8690-f034ab9400d8,BinaryAnalysisPlatform__bap (sample analysis: 10 samples),Ocaml,91cf7e02-e5f9-4df1-a071-c053e6f7a855,3,3,function,plugins/x86/x86_disasm.ml,get_opcode:420:7,420,1165,1868
max,5,halstead_operators,Function Halstead Operators,e9d92337-e257-41dd-9d58-bc6f84121654,astrada__google-drive-ocamlfuse (sample analysis: 10 samples),Ocaml,1990070f-41dc-406e-a4e0-b30e3ce3c333,3,3,function,src/mime.ml,map_filename_to_mime_type:3:5,3,775,1758
min,1,halstead_operands,Function Halstead Operands,e9d92337-e257-41dd-9d58-bc6f84121654,astrada__google-drive-ocamlfuse (sample analysis: 10 samples),Ocaml,1990070f-41dc-406e-a4e0-b30e3ce3c333,3,3,function,myocamlbuild.ml,split_nl:308:7,308,308,0
min,2,halstead_operands,Function Halstead Operands,e9d92337-e257-41dd-9d58-bc6f84121654,astrada__google-drive-ocamlfuse (sample analysis: 10 samples),Ocaml,1990070f-41dc-406e-a4e0-b30e3ce3c333,3,3,function,myocamlbuild.ml,ocamlfind:317:7,317,317,0
min,3,halstead_operands,Function Halstead Operands,e9d92337-e257-41dd-9d58-bc6f84121654,astrada__google-drive-ocamlfuse (sample analysis: 10 samples),Ocaml,1990070f-41dc-406e-a4e0-b30e3ce3c333,3,3,function,myocamlbuild.ml,find_syntaxes:325:7,325,325,0
min,4,halstead_operands,Function Halstead Operands,e9d92337-e257-41dd-9d58-bc6f84121654,astrada__google-drive-ocamlfuse (sample analysis: 10 samples),Ocaml,1990070f-41dc-406e-a4e0-b30e3ce3c333,3,3,function,setup.ml,args:3006:7,3006,3006,0
min,5,halstead_operands,Function Halstead Operands,e9d92337-e257-41dd-9d58-bc6f84121654,astrada__google-drive-ocamlfuse (sample analysis: 10 samples),Ocaml,1990070f-41dc-406e-a4e0-b30e3ce3c333,3,3,function,setup.ml,var_ignore:3293:7,3293,3293,0
max,1,halstead_operands,Function Halstead Operands,a81fc79f-6ea8-409c-8690-f034ab9400d8,BinaryAnalysisPlatform__bap (sample analysis: 10 samples),Ocaml,91cf7e02-e5f9-4df1-a071-c053e6f7a855,3,3,function,plugins/x86/x86_lifter.ml,to_ir:276:11,276,1442,4865
max,2,halstead_operands,Function Halstead Operands,a81fc79f-6ea8-409c-8690-f034ab9400d8,BinaryAnalysisPlatform__bap (sample analysis: 10 samples),Ocaml,91cf7e02-e5f9-4df1-a071-c053e6f7a855,3,3,function,plugins/x86/x86_disasm.ml,parse_instr:25:5,25,1235,4592
max,3,halstead_operands,Function Halstead Operands,729d4ded-b025-47be-ae9b-ed0561b8f9e6,bcpierce00__unison (sample analysis: 10 samples),Ocaml,a63a6351-0dfd-40b4-b2ba-fa9860fa8d82,3,3,function,src/uigtk2.ml,createToplevelWindow:2631:5,2631,4161,3442
max,4,halstead_operands,Function Halstead Operands,a81fc79f-6ea8-409c-8690-f034ab9400d8,BinaryAnalysisPlatform__bap (sample analysis: 10 samples),Ocaml,91cf7e02-e5f9-4df1-a071-c053e6f7a855,3,3,function,plugins/x86/x86_disasm.ml,get_opcode:420:7,420,1165,3230
max,5,halstead_operands,Function Halstead Operands,08fc41ef-3162-4883-934f-1f96a9db7b1a,fastpack__fastpack (sample analysis: 10 samples),Ocaml,7f5bc7c3-df9f-4458-b025-a27a7cb210c9,3,3,function,Fastpack/Printer.ml,print:224:5,224,1323,2779
min,1,halstead_length,Function Halstead Length,e9d92337-e257-41dd-9d58-bc6f84121654,astrada__google-drive-ocamlfuse (sample analysis: 10 samples),Ocaml,1990070f-41dc-406e-a4e0-b30e3ce3c333,3,3,function,myocamlbuild.ml,split_nl:308:7,308,308,0
min,2,halstead_length,Function Halstead Length,e9d92337-e257-41dd-9d58-bc6f84121654,astrada__google-drive-ocamlfuse (sample analysis: 10 samples),Ocaml,1990070f-41dc-406e-a4e0-b30e3ce3c333,3,3,function,myocamlbuild.ml,ocamlfind:317:7,317,317,0
min,3,halstead_length,Function Halstead Length,e9d92337-e257-41dd-9d58-bc6f84121654,astrada__google-drive-ocamlfuse (sample analysis: 10 samples),Ocaml,1990070f-41dc-406e-a4e0-b30e3ce3c333,3,3,function,myocamlbuild.ml,find_syntaxes:325:7,325,325,0
min,4,halstead_length,Function Halstead Length,e9d92337-e257-41dd-9d58-bc6f84121654,astrada__google-drive-ocamlfuse (sample analysis: 10 samples),Ocaml,1990070f-41dc-406e-a4e0-b30e3ce3c333,3,3,function,setup.ml,args:3006:7,3006,3006,0
min,5,halstead_length,Function Halstead Length,e9d92337-e257-41dd-9d58-bc6f84121654,astrada__google-drive-ocamlfuse (sample analysis: 10 samples),Ocaml,1990070f-41dc-406e-a4e0-b30e3ce3c333,3,3,function,setup.ml,var_ignore:3293:7,3293,3293,0
max,1,halstead_length,Function Halstead Length,a81fc79f-6ea8-409c-8690-f034ab9400d8,BinaryAnalysisPlatform__bap (sample analysis: 10 samples),Ocaml,91cf7e02-e5f9-4df1-a071-c053e6f7a855,3,3,function,plugins/x86/x86_disasm.ml,parse_instr:25:5,25,1235,7395
max,2,halstead_length,Function Halstead Length,a81fc79f-6ea8-409c-8690-f034ab9400d8,BinaryAnalysisPlatform__bap (sample analysis: 10 samples),Ocaml,91cf7e02-e5f9-4df1-a071-c053e6f7a855,3,3,function,plugins/x86/x86_lifter.ml,to_ir:276:11,276,1442,7132
max,3,halstead_length,Function Halstead Length,729d4ded-b025-47be-ae9b-ed0561b8f9e6,bcpierce00__unison (sample analysis: 10 samples),Ocaml,a63a6351-0dfd-40b4-b2ba-fa9860fa8d82,3,3,function,src/uigtk2.ml,createToplevelWindow:2631:5,2631,4161,5467
max,4,halstead_length,Function Halstead Length,a81fc79f-6ea8-409c-8690-f034ab9400d8,BinaryAnalysisPlatform__bap (sample analysis: 10 samples),Ocaml,91cf7e02-e5f9-4df1-a071-c053e6f7a855,3,3,function,plugins/x86/x86_disasm.ml,get_opcode:420:7,420,1165,5098
max,5,halstead_length,Function Halstead Length,08fc41ef-3162-4883-934f-1f96a9db7b1a,fastpack__fastpack (sample analysis: 10 samples),Ocaml,7f5bc7c3-df9f-4458-b025-a27a7cb210c9,3,3,function,Fastpack/Printer.ml,print:224:5,224,1323,4166
min,1,halstead_vocabulary,Function Halstead Vocabulary,e9d92337-e257-41dd-9d58-bc6f84121654,astrada__google-drive-ocamlfuse (sample analysis: 10 samples),Ocaml,1990070f-41dc-406e-a4e0-b30e3ce3c333,3,3,function,myocamlbuild.ml,split_nl:308:7,308,308,0
min,2,halstead_vocabulary,Function Halstead Vocabulary,e9d92337-e257-41dd-9d58-bc6f84121654,astrada__google-drive-ocamlfuse (sample analysis: 10 samples),Ocaml,1990070f-41dc-406e-a4e0-b30e3ce3c333,3,3,function,myocamlbuild.ml,ocamlfind:317:7,317,317,0
min,3,halstead_vocabulary,Function Halstead Vocabulary,e9d92337-e257-41dd-9d58-bc6f84121654,astrada__google-drive-ocamlfuse (sample analysis: 10 samples),Ocaml,1990070f-41dc-406e-a4e0-b30e3ce3c333,3,3,function,myocamlbuild.ml,find_syntaxes:325:7,325,325,0
min,4,halstead_vocabulary,Function Halstead Vocabulary,e9d92337-e257-41dd-9d58-bc6f84121654,astrada__google-drive-ocamlfuse (sample analysis: 10 samples),Ocaml,1990070f-41dc-406e-a4e0-b30e3ce3c333,3,3,function,setup.ml,args:3006:7,3006,3006,0
min,5,halstead_vocabulary,Function Halstead Vocabulary,e9d92337-e257-41dd-9d58-bc6f84121654,astrada__google-drive-ocamlfuse (sample analysis: 10 samples),Ocaml,1990070f-41dc-406e-a4e0-b30e3ce3c333,3,3,function,setup.ml,var_ignore:3293:7,3293,3293,0
max,1,halstead_vocabulary,Function Halstead Vocabulary,e9d92337-e257-41dd-9d58-bc6f84121654,astrada__google-drive-ocamlfuse (sample analysis: 10 samples),Ocaml,1990070f-41dc-406e-a4e0-b30e3ce3c333,3,3,function,src/mime.ml,map_filename_to_mime_type:3:5,3,775,1767
max,2,halstead_vocabulary,Function Halstead Vocabulary,729d4ded-b025-47be-ae9b-ed0561b8f9e6,bcpierce00__unison (sample analysis: 10 samples),Ocaml,a63a6351-0dfd-40b4-b2ba-fa9860fa8d82,3,3,function,src/uigtk2.ml,createToplevelWindow:2631:5,2631,4161,861
max,3,halstead_vocabulary,Function Halstead Vocabulary,a81fc79f-6ea8-409c-8690-f034ab9400d8,BinaryAnalysisPlatform__bap (sample analysis: 10 samples),Ocaml,91cf7e02-e5f9-4df1-a071-c053e6f7a855,3,3,function,plugins/x86/x86_disasm.ml,parse_instr:25:5,25,1235,751
max,4,halstead_vocabulary,Function Halstead Vocabulary,a81fc79f-6ea8-409c-8690-f034ab9400d8,BinaryAnalysisPlatform__bap (sample analysis: 10 samples),Ocaml,91cf7e02-e5f9-4df1-a071-c053e6f7a855,3,3,function,plugins/x86/x86_lifter.ml,to_ir:276:11,276,1442,718
max,5,halstead_vocabulary,Function Halstead Vocabulary,729d4ded-b025-47be-ae9b-ed0561b8f9e6,bcpierce00__unison (sample analysis: 10 samples),Ocaml,a63a6351-0dfd-40b4-b2ba-fa9860fa8d82,3,3,function,src/uigtk.ml,createToplevelWindow:1022:9,1022,2089,668
min,1,halstead_calculated_length,Function Halstead Calculated Length,069ad96b-3762-4b18-b863-c8f40f8d0442,AlistGo__alist (sample analysis: 10 samples),Golang,123797bc-a18d-4d7e-88f1-c419b8673c2d,3,3,function,drivers/all.go,All:37:6,37,39,0
min,2,halstead_calculated_length,Function Halstead Calculated Length,e8c37d0d-f999-4ab0-9696-770ba31bbe18,gin-gonic__gin (sample analysis: 10 samples),Golang,f246e38d-ebef-4ace-8eb2-03e646b48cbc,3,3,function,utils_test.go,somefunction:84:6,84,86,0
min,3,halstead_calculated_length,Function Halstead Calculated Length,a81fc79f-6ea8-409c-8690-f034ab9400d8,BinaryAnalysisPlatform__bap (sample analysis: 10 samples),Ocaml,91cf7e02-e5f9-4df1-a071-c053e6f7a855,3,3,function,lib/monads/monads_monad.ml,zero:232:13,232,232,0
min,4,halstead_calculated_length,Function Halstead Calculated Length,a81fc79f-6ea8-409c-8690-f034ab9400d8,BinaryAnalysisPlatform__bap (sample analysis: 10 samples),Ocaml,91cf7e02-e5f9-4df1-a071-c053e6f7a855,3,3,function,lib/monads/monads_monad.ml,zero:242:13,242,242,0
min,5,halstead_calculated_length,Function Halstead Calculated Length,a81fc79f-6ea8-409c-8690-f034ab9400d8,BinaryAnalysisPlatform__bap (sample analysis: 10 samples),Ocaml,91cf7e02-e5f9-4df1-a071-c053e6f7a855,3,3,function,lib/monads/monads_monad.ml,nothing:328:9,328,328,0
max,1,halstead_calculated_length,Function Halstead Calculated Length,e9d92337-e257-41dd-9d58-bc6f84121654,astrada__google-drive-ocamlfuse (sample analysis: 10 samples),Ocaml,1990070f-41dc-406e-a4e0-b30e3ce3c333,3,3,function,src/mime.ml,map_filename_to_mime_type:3:5,3,775,18979.275951355085
max,2,halstead_calculated_length,Function Halstead Calculated Length,729d4ded-b025-47be-ae9b-ed0561b8f9e6,bcpierce00__unison (sample analysis: 10 samples),Ocaml,a63a6351-0dfd-40b4-b2ba-fa9860fa8d82,3,3,function,src/uigtk2.ml,createToplevelWindow:2631:5,2631,4161,8123.373547116008
max,3,halstead_calculated_length,Function Halstead Calculated Length,a81fc79f-6ea8-409c-8690-f034ab9400d8,BinaryAnalysisPlatform__bap (sample analysis: 10 samples),Ocaml,91cf7e02-e5f9-4df1-a071-c053e6f7a855,3,3,function,plugins/x86/x86_disasm.ml,parse_instr:25:5,25,1235,6928.381596864289
max,4,halstead_calculated_length,Function Halstead Calculated Length,a81fc79f-6ea8-409c-8690-f034ab9400d8,BinaryAnalysisPlatform__bap (sample analysis: 10 samples),Ocaml,91cf7e02-e5f9-4df1-a071-c053e6f7a855,3,3,function,plugins/x86/x86_lifter.ml,to_ir:276:11,276,1442,6558.0497812158565
max,5,halstead_calculated_length,Function Halstead Calculated Length,729d4ded-b025-47be-ae9b-ed0561b8f9e6,bcpierce00__unison (sample analysis: 10 samples),Ocaml,a63a6351-0dfd-40b4-b2ba-fa9860fa8d82,3,3,function,src/uigtk.ml,createToplevelWindow:1022:9,1022,2089,6034.305975790085
min,1,halstead_volume,Function Halstead Volume,e9d92337-e257-41dd-9d58-bc6f84121654,astrada__google-drive-ocamlfuse (sample analysis: 10 samples),Ocaml,1990070f-41dc-406e-a4e0-b30e3ce3c333,3,3,function,myocamlbuild.ml,split_nl:308:7,308,308,0
min,2,halstead_volume,Function Halstead Volume,e9d92337-e257-41dd-9d58-bc6f84121654,astrada__google-drive-ocamlfuse (sample analysis: 10 samples),Ocaml,1990070f-41dc-406e-a4e0-b30e3ce3c333,3,3,function,myocamlbuild.ml,ocamlfind:317:7,317,317,0
min,3,halstead_volume,Function Halstead Volume,e9d92337-e257-41dd-9d58-bc6f84121654,astrada__google-drive-ocamlfuse (sample analysis: 10 samples),Ocaml,1990070f-41dc-406e-a4e0-b30e3ce3c333,3,3,function,myocamlbuild.ml,find_syntaxes:325:7,325,325,0
min,4,halstead_volume,Function Halstead Volume,e9d92337-e257-41dd-9d58-bc6f84121654,astrada__google-drive-ocamlfuse (sample analysis: 10 samples),Ocaml,1990070f-41dc-406e-a4e0-b30e3ce3c333,3,3,function,setup.ml,args:3006:7,3006,3006,0
min,5,halstead_volume,Function Halstead Volume,e9d92337-e257-41dd-9d58-bc6f84121654,astrada__google-drive-ocamlfuse (sample analysis: 10 samples),Ocaml,1990070f-41dc-406e-a4e0-b30e3ce3c333,3,3,function,setup.ml,var_ignore:3293:7,3293,3293,0
max,1,halstead_volume,Function Halstead Volume,a81fc79f-6ea8-409c-8690-f034ab9400d8,BinaryAnalysisPlatform__bap (sample analysis: 10 samples),Ocaml,91cf7e02-e5f9-4df1-a071-c053e6f7a855,3,3,function,plugins/x86/x86_disasm.ml,parse_instr:25:5,25,1235,70641.98797611805
max,2,halstead_volume,Function Halstead Volume,a81fc79f-6ea8-409c-8690-f034ab9400d8,BinaryAnalysisPlatform__bap (sample analysis: 10 samples),Ocaml,91cf7e02-e5f9-4df1-a071-c053e6f7a855,3,3,function,plugins/x86/x86_lifter.ml,to_ir:276:11,276,1442,67667.275121226
max,3,halstead_volume,Function Halstead Volume,729d4ded-b025-47be-ae9b-ed0561b8f9e6,bcpierce00__unison (sample analysis: 10 samples),Ocaml,a63a6351-0dfd-40b4-b2ba-fa9860fa8d82,3,3,function,src/uigtk2.ml,createToplevelWindow:2631:5,2631,4161,53302.53615957854
max,4,halstead_volume,Function Halstead Volume,a81fc79f-6ea8-409c-8690-f034ab9400d8,BinaryAnalysisPlatform__bap (sample analysis: 10 samples),Ocaml,91cf7e02-e5f9-4df1-a071-c053e6f7a855,3,3,function,plugins/x86/x86_disasm.ml,get_opcode:420:7,420,1165,46912.42725388768
max,5,halstead_volume,Function Halstead Volume,08fc41ef-3162-4883-934f-1f96a9db7b1a,fastpack__fastpack (sample analysis: 10 samples),Ocaml,7f5bc7c3-df9f-4458-b025-a27a7cb210c9,3,3,function,Fastpack/Printer.ml,print:224:5,224,1323,38507.06281514832
min,1,halstead_difficulty,Function Halstead Difficulty,e9d92337-e257-41dd-9d58-bc6f84121654,astrada__google-drive-ocamlfuse (sample analysis: 10 samples),Ocaml,1990070f-41dc-406e-a4e0-b30e3ce3c333,3,3,function,myocamlbuild.ml,var_get:226:7,226,227,0
min,2,halstead_difficulty,Function Halstead Difficulty,e9d92337-e257-41dd-9d58-bc6f84121654,astrada__google-drive-ocamlfuse (sample analysis: 10 samples),Ocaml,1990070f-41dc-406e-a4e0-b30e3ce3c333,3,3,function,myocamlbuild.ml,split_nl:308:7,308,308,0
min,3,halstead_difficulty,Function Halstead Difficulty,e9d92337-e257-41dd-9d58-bc6f84121654,astrada__google-drive-ocamlfuse (sample analysis: 10 samples),Ocaml,1990070f-41dc-406e-a4e0-b30e3ce3c333,3,3,function,myocamlbuild.ml,ocamlfind:317:7,317,317,0
min,4,halstead_difficulty,Function Halstead Difficulty,e9d92337-e257-41dd-9d58-bc6f84121654,astrada__google-drive-ocamlfuse (sample analysis: 10 samples),Ocaml,1990070f-41dc-406e-a4e0-b30e3ce3c333,3,3,function,myocamlbuild.ml,find_syntaxes:325:7,325,325,0
min,5,halstead_difficulty,Function Halstead Difficulty,e9d92337-e257-41dd-9d58-bc6f84121654,astrada__google-drive-ocamlfuse (sample analysis: 10 samples),Ocaml,1990070f-41dc-406e-a4e0-b30e3ce3c333,3,3,function,myocamlbuild.ml,dispatch_default:595:7,595,600,0
max,1,halstead_difficulty,Function Halstead Difficulty,a81fc79f-6ea8-409c-8690-f034ab9400d8,BinaryAnalysisPlatform__bap (sample analysis: 10 samples),Ocaml,91cf7e02-e5f9-4df1-a071-c053e6f7a855,3,3,function,plugins/x86/x86_lifter.ml,to_ir:276:11,276,1442,174.26865671641792
max,2,halstead_difficulty,Function Halstead Difficulty,a81fc79f-6ea8-409c-8690-f034ab9400d8,BinaryAnalysisPlatform__bap (sample analysis: 10 samples),Ocaml,91cf7e02-e5f9-4df1-a071-c053e6f7a855,3,3,function,plugins/x86/x86_disasm.ml,parse_instr:25:5,25,1235,146.34560906515583
max,3,halstead_difficulty,Function Halstead Difficulty,729d4ded-b025-47be-ae9b-ed0561b8f9e6,bcpierce00__unison (sample analysis: 10 samples),Ocaml,a63a6351-0dfd-40b4-b2ba-fa9860fa8d82,3,3,function,src/uigtk2.ml,createToplevelWindow:2631:5,2631,4161,103.85344827586206
max,4,halstead_difficulty,Function Halstead Difficulty,e749ce64-7ffd-4d8c-a44a-47ef93013510,airbus-seclab__bincat (sample analysis: 10 samples),Ocaml,c43a50d1-0dfc-4d68-b589-338289eebd61,3,3,function,ocaml/src/disassembly/armv7.ml,data_proc:313:7,313,608,102.87062937062936
max,5,halstead_difficulty,Function Halstead Difficulty,a81fc79f-6ea8-409c-8690-f034ab9400d8,BinaryAnalysisPlatform__bap (sample analysis: 10 samples),Ocaml,91cf7e02-e5f9-4df1-a071-c053e6f7a855,3,3,function,plugins/x86/x86_disasm.ml,get_opcode:420:7,420,1165,102.03068592057762
min,1,halstead_effort,Function Halstead Effort,e9d92337-e257-41dd-9d58-bc6f84121654,astrada__google-drive-ocamlfuse (sample analysis: 10 samples),Ocaml,1990070f-41dc-406e-a4e0-b30e3ce3c333,3,3,function,myocamlbuild.ml,var_get:226:7,226,227,0
min,2,halstead_effort,Function Halstead Effort,e9d92337-e257-41dd-9d58-bc6f84121654,astrada__google-drive-ocamlfuse (sample analysis: 10 samples),Ocaml,1990070f-41dc-406e-a4e0-b30e3ce3c333,3,3,function,myocamlbuild.ml,split_nl:308:7,308,308,0
min,3,halstead_effort,Function Halstead Effort,e9d92337-e257-41dd-9d58-bc6f84121654,astrada__google-drive-ocamlfuse (sample analysis: 10 samples),Ocaml,1990070f-41dc-406e-a4e0-b30e3ce3c333,3,3,function,myocamlbuild.ml,ocamlfind:317:7,317,317,0
min,4,halstead_effort,Function Halstead Effort,e9d92337-e257-41dd-9d58-bc6f84121654,astrada__google-drive-ocamlfuse (sample analysis: 10 samples),Ocaml,1990070f-41dc-406e-a4e0-b30e3ce3c333,3,3,function,myocamlbuild.ml,find_syntaxes:325:7,325,325,0
min,5,halstead_effort,Function Halstead Effort,e9d92337-e257-41dd-9d58-bc6f84121654,astrada__google-drive-ocamlfuse (sample analysis: 10 samples),Ocaml,1990070f-41dc-406e-a4e0-b30e3ce3c333,3,3,function,myocamlbuild.ml,dispatch_default:595:7,595,600,0
max,1,halstead_effort,Function Halstead Effort,a81fc79f-6ea8-409c-8690-f034ab9400d8,BinaryAnalysisPlatform__bap (sample analysis: 10 samples),Ocaml,91cf7e02-e5f9-4df1-a071-c053e6f7a855,3,3,function,plugins/x86/x86_lifter.ml,to_ir:276:11,276,1442,11792285.13903634
max,2,halstead_effort,Function Halstead Effort,a81fc79f-6ea8-409c-8690-f034ab9400d8,BinaryAnalysisPlatform__bap (sample analysis: 10 samples),Ocaml,91cf7e02-e5f9-4df1-a071-c053e6f7a855,3,3,function,plugins/x86/x86_disasm.ml,parse_instr:25:5,25,1235,10338144.75593841
max,3,halstead_effort,Function Halstead Effort,729d4ded-b025-47be-ae9b-ed0561b8f9e6,bcpierce00__unison (sample analysis: 10 samples),Ocaml,a63a6351-0dfd-40b4-b2ba-fa9860fa8d82,3,3,function,src/uigtk2.ml,createToplevelWindow:2631:5,2631,4161,5535652.182021057
max,4,halstead_effort,Function Halstead Effort,a81fc79f-6ea8-409c-8690-f034ab9400d8,BinaryAnalysisPlatform__bap (sample analysis: 10 samples),Ocaml,91cf7e02-e5f9-4df1-a071-c053e6f7a855,3,3,function,plugins/x86/x86_disasm.ml,get_opcode:420:7,420,1165,4786507.13091336
max,5,halstead_effort,Function Halstead Effort,729d4ded-b025-47be-ae9b-ed0561b8f9e6,bcpierce00__unison (sample analysis: 10 samples),Ocaml,a63a6351-0dfd-40b4-b2ba-fa9860fa8d82,3,3,function,src/uigtk.ml,createToplevelWindow:1022:9,1022,2089,3392815.673999147
min,1,halstead_time_seconds,Function Halstead Time Seconds,e9d92337-e257-41dd-9d58-bc6f84121654,astrada__google-drive-ocamlfuse (sample analysis: 10 samples),Ocaml,1990070f-41dc-406e-a4e0-b30e3ce3c333,3,3,function,myocamlbuild.ml,var_get:226:7,226,227,0
min,2,halstead_time_seconds,Function Halstead Time Seconds,e9d92337-e257-41dd-9d58-bc6f84121654,astrada__google-drive-ocamlfuse (sample analysis: 10 samples),Ocaml,1990070f-41dc-406e-a4e0-b30e3ce3c333,3,3,function,myocamlbuild.ml,split_nl:308:7,308,308,0
min,3,halstead_time_seconds,Function Halstead Time Seconds,e9d92337-e257-41dd-9d58-bc6f84121654,astrada__google-drive-ocamlfuse (sample analysis: 10 samples),Ocaml,1990070f-41dc-406e-a4e0-b30e3ce3c333,3,3,function,myocamlbuild.ml,ocamlfind:317:7,317,317,0
min,4,halstead_time_seconds,Function Halstead Time Seconds,e9d92337-e257-41dd-9d58-bc6f84121654,astrada__google-drive-ocamlfuse (sample analysis: 10 samples),Ocaml,1990070f-41dc-406e-a4e0-b30e3ce3c333,3,3,function,myocamlbuild.ml,find_syntaxes:325:7,325,325,0
min,5,halstead_time_seconds,Function Halstead Time Seconds,e9d92337-e257-41dd-9d58-bc6f84121654,astrada__google-drive-ocamlfuse (sample analysis: 10 samples),Ocaml,1990070f-41dc-406e-a4e0-b30e3ce3c333,3,3,function,myocamlbuild.ml,dispatch_default:595:7,595,600,0
max,1,halstead_time_seconds,Function Halstead Time Seconds,a81fc79f-6ea8-409c-8690-f034ab9400d8,BinaryAnalysisPlatform__bap (sample analysis: 10 samples),Ocaml,91cf7e02-e5f9-4df1-a071-c053e6f7a855,3,3,function,plugins/x86/x86_lifter.ml,to_ir:276:11,276,1442,655126.9521686856
max,2,halstead_time_seconds,Function Halstead Time Seconds,a81fc79f-6ea8-409c-8690-f034ab9400d8,BinaryAnalysisPlatform__bap (sample analysis: 10 samples),Ocaml,91cf7e02-e5f9-4df1-a071-c053e6f7a855,3,3,function,plugins/x86/x86_disasm.ml,parse_instr:25:5,25,1235,574341.3753299117
max,3,halstead_time_seconds,Function Halstead Time Seconds,729d4ded-b025-47be-ae9b-ed0561b8f9e6,bcpierce00__unison (sample analysis: 10 samples),Ocaml,a63a6351-0dfd-40b4-b2ba-fa9860fa8d82,3,3,function,src/uigtk2.ml,createToplevelWindow:2631:5,2631,4161,307536.2323345032
max,4,halstead_time_seconds,Function Halstead Time Seconds,a81fc79f-6ea8-409c-8690-f034ab9400d8,BinaryAnalysisPlatform__bap (sample analysis: 10 samples),Ocaml,91cf7e02-e5f9-4df1-a071-c053e6f7a855,3,3,function,plugins/x86/x86_disasm.ml,get_opcode:420:7,420,1165,265917.06282852
max,5,halstead_time_seconds,Function Halstead Time Seconds,729d4ded-b025-47be-ae9b-ed0561b8f9e6,bcpierce00__unison (sample analysis: 10 samples),Ocaml,a63a6351-0dfd-40b4-b2ba-fa9860fa8d82,3,3,function,src/uigtk.ml,createToplevelWindow:1022:9,1022,2089,188489.75966661927
min,1,halstead_bugs,Function Halstead Bugs,e9d92337-e257-41dd-9d58-bc6f84121654,astrada__google-drive-ocamlfuse (sample analysis: 10 samples),Ocaml,1990070f-41dc-406e-a4e0-b30e3ce3c333,3,3,function,myocamlbuild.ml,split_nl:308:7,308,308,0
min,2,halstead_bugs,Function Halstead Bugs,e9d92337-e257-41dd-9d58-bc6f84121654,astrada__google-drive-ocamlfuse (sample analysis: 10 samples),Ocaml,1990070f-41dc-406e-a4e0-b30e3ce3c333,3,3,function,myocamlbuild.ml,ocamlfind:317:7,317,317,0
min,3,halstead_bugs,Function Halstead Bugs,e9d92337-e257-41dd-9d58-bc6f84121654,astrada__google-drive-ocamlfuse (sample analysis: 10 samples),Ocaml,1990070f-41dc-406e-a4e0-b30e3ce3c333,3,3,function,myocamlbuild.ml,find_syntaxes:325:7,325,325,0
min,4,halstead_bugs,Function Halstead Bugs,e9d92337-e257-41dd-9d58-bc6f84121654,astrada__google-drive-ocamlfuse (sample analysis: 10 samples),Ocaml,1990070f-41dc-406e-a4e0-b30e3ce3c333,3,3,function,setup.ml,args:3006:7,3006,3006,0
min,5,halstead_bugs,Function Halstead Bugs,e9d92337-e257-41dd-9d58-bc6f84121654,astrada__google-drive-ocamlfuse (sample analysis: 10 samples),Ocaml,1990070f-41dc-406e-a4e0-b30e3ce3c333,3,3,function,setup.ml,var_ignore:3293:7,3293,3293,0
max,1,halstead_bugs,Function Halstead Bugs,a81fc79f-6ea8-409c-8690-f034ab9400d8,BinaryAnalysisPlatform__bap (sample analysis: 10 samples),Ocaml,91cf7e02-e5f9-4df1-a071-c053e6f7a855,3,3,function,plugins/x86/x86_disasm.ml,parse_instr:25:5,25,1235,23.547329325372683
max,2,halstead_bugs,Function Halstead Bugs,a81fc79f-6ea8-409c-8690-f034ab9400d8,BinaryAnalysisPlatform__bap (sample analysis: 10 samples),Ocaml,91cf7e02-e5f9-4df1-a071-c053e6f7a855,3,3,function,plugins/x86/x86_lifter.ml,to_ir:276:11,276,1442,22.555758373742
max,3,halstead_bugs,Function Halstead Bugs,729d4ded-b025-47be-ae9b-ed0561b8f9e6,bcpierce00__unison (sample analysis: 10 samples),Ocaml,a63a6351-0dfd-40b4-b2ba-fa9860fa8d82,3,3,function,src/uigtk2.ml,createToplevelWindow:2631:5,2631,4161,17.76751205319285
max,4,halstead_bugs,Function Halstead Bugs,a81fc79f-6ea8-409c-8690-f034ab9400d8,BinaryAnalysisPlatform__bap (sample analysis: 10 samples),Ocaml,91cf7e02-e5f9-4df1-a071-c053e6f7a855,3,3,function,plugins/x86/x86_disasm.ml,get_opcode:420:7,420,1165,15.637475751295895
max,5,halstead_bugs,Function Halstead Bugs,08fc41ef-3162-4883-934f-1f96a9db7b1a,fastpack__fastpack (sample analysis: 10 samples),Ocaml,7f5bc7c3-df9f-4458-b025-a27a7cb210c9,3,3,function,Fastpack/Printer.ml,print:224:5,224,1323,12.83568760504944
