extreme,rank,metric_key,metric_label,codebase_id,codebase_name,programming_language,version_id,version_number,sample_number,metric_level,file_path,function_name,function_start_line,function_end_line,value
min,1,lines_of_code,Lines Of Code/File,a81fc79f-6ea8-409c-8690-f034ab9400d8,BinaryAnalysisPlatform__bap (sample analysis: 10 samples),Ocaml,976f9520-4bd6-47d1-94b2-1bbad18f22e0,6,6,file,lib/bap/bap_init_toplevel.mli,,,,0
min,2,lines_of_code,Lines Of Code/File,a81fc79f-6ea8-409c-8690-f034ab9400d8,BinaryAnalysisPlatform__bap (sample analysis: 10 samples),Ocaml,976f9520-4bd6-47d1-94b2-1bbad18f22e0,6,6,file,lib/bap_api/bap_api_attr.ml,,,,0
min,3,lines_of_code,Lines Of Code/File,a81fc79f-6ea8-409c-8690-f034ab9400d8,BinaryAnalysisPlatform__bap (sample analysis: 10 samples),Ocaml,976f9520-4bd6-47d1-94b2-1bbad18f22e0,6,6,file,lib/bap_api/bap_api_attr.mli,,,,0
min,4,lines_of_code,Lines Of Code/File,a81fc79f-6ea8-409c-8690-f034ab9400d8,BinaryAnalysisPlatform__bap (sample analysis: 10 samples),Ocaml,976f9520-4bd6-47d1-94b2-1bbad18f22e0,6,6,file,plugins/beagle/beagle_main.mli,,,,0
min,5,lines_of_code,Lines Of Code/File,a81fc79f-6ea8-409c-8690-f034ab9400d8,BinaryAnalysisPlatform__bap (sample analysis: 10 samples),Ocaml,976f9520-4bd6-47d1-94b2-1bbad18f22e0,6,6,file,plugins/cxxfilt/cxxfilt_main.mli,,,,0
max,1,lines_of_code,Lines Of Code/File,a81fc79f-6ea8-409c-8690-f034ab9400d8,BinaryAnalysisPlatform__bap (sample analysis: 10 samples),Ocaml,976f9520-4bd6-47d1-94b2-1bbad18f22e0,6,6,file,lib/bap/bap.mli,,,,11171
max,2,lines_of_code,Lines Of Code/File,729d4ded-b025-47be-ae9b-ed0561b8f9e6,bcpierce00__unison (sample analysis: 10 samples),Ocaml,a40edbea-3913-406d-8390-477ade7c4062,6,6,file,src/strings.ml,,,,4553
max,3,lines_of_code,Lines Of Code/File,729d4ded-b025-47be-ae9b-ed0561b8f9e6,bcpierce00__unison (sample analysis: 10 samples),Ocaml,a40edbea-3913-406d-8390-477ade7c4062,6,6,file,src/uigtk2.ml,,,,4315
max,4,lines_of_code,Lines Of Code/File,a81fc79f-6ea8-409c-8690-f034ab9400d8,BinaryAnalysisPlatform__bap (sample analysis: 10 samples),Ocaml,976f9520-4bd6-47d1-94b2-1bbad18f22e0,6,6,file,lib/bap_primus/bap_primus.mli,,,,4313
max,5,lines_of_code,Lines Of Code/File,a81fc79f-6ea8-409c-8690-f034ab9400d8,BinaryAnalysisPlatform__bap (sample analysis: 10 samples),Ocaml,976f9520-4bd6-47d1-94b2-1bbad18f22e0,6,6,file,lib/bap_core_theory/bap_core_theory.mli,,,,4106
min,1,effective_lines_of_code_with_brackets,Effective LOC With Brackets/File,e8c37d0d-f999-4ab0-9696-770ba31bbe18,gin-gonic__gin (sample analysis: 10 samples),Golang,58c53752-e561-4e0c-9dc3-2ddafc3f3050,6,6,file,doc.go,,,,0
min,2,effective_lines_of_code_with_brackets,Effective LOC With Brackets/File,a81fc79f-6ea8-409c-8690-f034ab9400d8,BinaryAnalysisPlatform__bap (sample analysis: 10 samples),Ocaml,976f9520-4bd6-47d1-94b2-1bbad18f22e0,6,6,file,lib/bap/bap_init_toplevel.mli,,,,0
min,3,effective_lines_of_code_with_brackets,Effective LOC With Brackets/File,a81fc79f-6ea8-409c-8690-f034ab9400d8,BinaryAnalysisPlatform__bap (sample analysis: 10 samples),Ocaml,976f9520-4bd6-47d1-94b2-1bbad18f22e0,6,6,file,lib/bap_api/bap_api_attr.ml,,,,0
min,4,effective_lines_of_code_with_brackets,Effective LOC With Brackets/File,a81fc79f-6ea8-409c-8690-f034ab9400d8,BinaryAnalysisPlatform__bap (sample analysis: 10 samples),Ocaml,976f9520-4bd6-47d1-94b2-1bbad18f22e0,6,6,file,lib/bap_api/bap_api_attr.mli,,,,0
min,5,effective_lines_of_code_with_brackets,Effective LOC With Brackets/File,a81fc79f-6ea8-409c-8690-f034ab9400d8,BinaryAnalysisPlatform__bap (sample analysis: 10 samples),Ocaml,976f9520-4bd6-47d1-94b2-1bbad18f22e0,6,6,file,lib/bap_language/bap_language.mli,,,,0
max,1,effective_lines_of_code_with_brackets,Effective LOC With Brackets/File,729d4ded-b025-47be-ae9b-ed0561b8f9e6,bcpierce00__unison (sample analysis: 10 samples),Ocaml,a40edbea-3913-406d-8390-477ade7c4062,6,6,file,src/strings.ml,,,,4549
max,2,effective_lines_of_code_with_brackets,Effective LOC With Brackets/File,729d4ded-b025-47be-ae9b-ed0561b8f9e6,bcpierce00__unison (sample analysis: 10 samples),Ocaml,a40edbea-3913-406d-8390-477ade7c4062,6,6,file,src/uigtk2.ml,,,,3528
max,3,effective_lines_of_code_with_brackets,Effective LOC With Brackets/File,e9d92337-e257-41dd-9d58-bc6f84121654,astrada__google-drive-ocamlfuse (sample analysis: 10 samples),Ocaml,ed2fdbb1-5153-4e0f-b6de-f44e3bb30533,6,6,file,src/drive.ml,,,,2794
max,4,effective_lines_of_code_with_brackets,Effective LOC With Brackets/File,a81fc79f-6ea8-409c-8690-f034ab9400d8,BinaryAnalysisPlatform__bap (sample analysis: 10 samples),Ocaml,976f9520-4bd6-47d1-94b2-1bbad18f22e0,6,6,file,lib/knowledge/bap_knowledge.ml,,,,2428
max,5,effective_lines_of_code_with_brackets,Effective LOC With Brackets/File,e749ce64-7ffd-4d8c-a44a-47ef93013510,airbus-seclab__bincat (sample analysis: 10 samples),Ocaml,b206de20-be6e-4585-b11c-1336ffeae0ed,6,6,file,ocaml/src/disassembly/core_x86.ml,,,,2415
min,1,effective_lines_of_code,Effective LOC/File,e8c37d0d-f999-4ab0-9696-770ba31bbe18,gin-gonic__gin (sample analysis: 10 samples),Golang,58c53752-e561-4e0c-9dc3-2ddafc3f3050,6,6,file,doc.go,,,,0
min,2,effective_lines_of_code,Effective LOC/File,a81fc79f-6ea8-409c-8690-f034ab9400d8,BinaryAnalysisPlatform__bap (sample analysis: 10 samples),Ocaml,976f9520-4bd6-47d1-94b2-1bbad18f22e0,6,6,file,lib/bap/bap_init_toplevel.mli,,,,0
min,3,effective_lines_of_code,Effective LOC/File,a81fc79f-6ea8-409c-8690-f034ab9400d8,BinaryAnalysisPlatform__bap (sample analysis: 10 samples),Ocaml,976f9520-4bd6-47d1-94b2-1bbad18f22e0,6,6,file,lib/bap_api/bap_api_attr.ml,,,,0
min,4,effective_lines_of_code,Effective LOC/File,a81fc79f-6ea8-409c-8690-f034ab9400d8,BinaryAnalysisPlatform__bap (sample analysis: 10 samples),Ocaml,976f9520-4bd6-47d1-94b2-1bbad18f22e0,6,6,file,lib/bap_api/bap_api_attr.mli,,,,0
min,5,effective_lines_of_code,Effective LOC/File,a81fc79f-6ea8-409c-8690-f034ab9400d8,BinaryAnalysisPlatform__bap (sample analysis: 10 samples),Ocaml,976f9520-4bd6-47d1-94b2-1bbad18f22e0,6,6,file,lib/bap_language/bap_language.mli,,,,0
max,1,effective_lines_of_code,Effective LOC/File,729d4ded-b025-47be-ae9b-ed0561b8f9e6,bcpierce00__unison (sample analysis: 10 samples),Ocaml,a40edbea-3913-406d-8390-477ade7c4062,6,6,file,src/strings.ml,,,,4549
max,2,effective_lines_of_code,Effective LOC/File,729d4ded-b025-47be-ae9b-ed0561b8f9e6,bcpierce00__unison (sample analysis: 10 samples),Ocaml,a40edbea-3913-406d-8390-477ade7c4062,6,6,file,src/uigtk2.ml,,,,3528
max,3,effective_lines_of_code,Effective LOC/File,e9d92337-e257-41dd-9d58-bc6f84121654,astrada__google-drive-ocamlfuse (sample analysis: 10 samples),Ocaml,ed2fdbb1-5153-4e0f-b6de-f44e3bb30533,6,6,file,src/drive.ml,,,,2771
max,4,effective_lines_of_code,Effective LOC/File,a81fc79f-6ea8-409c-8690-f034ab9400d8,BinaryAnalysisPlatform__bap (sample analysis: 10 samples),Ocaml,976f9520-4bd6-47d1-94b2-1bbad18f22e0,6,6,file,lib/knowledge/bap_knowledge.ml,,,,2382
max,5,effective_lines_of_code,Effective LOC/File,e749ce64-7ffd-4d8c-a44a-47ef93013510,airbus-seclab__bincat (sample analysis: 10 samples),Ocaml,b206de20-be6e-4585-b11c-1336ffeae0ed,6,6,file,ocaml/src/disassembly/core_x86.ml,,,,2371
min,1,comment_lines_of_code,Comment LOC/File,069ad96b-3762-4b18-b863-c8f40f8d0442,AlistGo__alist (sample analysis: 10 samples),Golang,55dc5845-f9b7-4910-ba7c-5458166ed243,6,6,file,cmd/common.go,,,,0
min,2,comment_lines_of_code,Comment LOC/File,069ad96b-3762-4b18-b863-c8f40f8d0442,AlistGo__alist (sample analysis: 10 samples),Golang,55dc5845-f9b7-4910-ba7c-5458166ed243,6,6,file,cmd/flags/config.go,,,,0
min,3,comment_lines_of_code,Comment LOC/File,069ad96b-3762-4b18-b863-c8f40f8d0442,AlistGo__alist (sample analysis: 10 samples),Golang,55dc5845-f9b7-4910-ba7c-5458166ed243,6,6,file,cmd/root.go,,,,0
min,4,comment_lines_of_code,Comment LOC/File,069ad96b-3762-4b18-b863-c8f40f8d0442,AlistGo__alist (sample analysis: 10 samples),Golang,55dc5845-f9b7-4910-ba7c-5458166ed243,6,6,file,cmd/user.go,,,,0
min,5,comment_lines_of_code,Comment LOC/File,069ad96b-3762-4b18-b863-c8f40f8d0442,AlistGo__alist (sample analysis: 10 samples),Golang,55dc5845-f9b7-4910-ba7c-5458166ed243,6,6,file,drivers/115/types.go,,,,0
max,1,comment_lines_of_code,Comment LOC/File,a81fc79f-6ea8-409c-8690-f034ab9400d8,BinaryAnalysisPlatform__bap (sample analysis: 10 samples),Ocaml,976f9520-4bd6-47d1-94b2-1bbad18f22e0,6,6,file,lib/bap/bap.mli,,,,6694
max,2,comment_lines_of_code,Comment LOC/File,a81fc79f-6ea8-409c-8690-f034ab9400d8,BinaryAnalysisPlatform__bap (sample analysis: 10 samples),Ocaml,976f9520-4bd6-47d1-94b2-1bbad18f22e0,6,6,file,lib/bap_primus/bap_primus.mli,,,,2928
max,3,comment_lines_of_code,Comment LOC/File,a81fc79f-6ea8-409c-8690-f034ab9400d8,BinaryAnalysisPlatform__bap (sample analysis: 10 samples),Ocaml,976f9520-4bd6-47d1-94b2-1bbad18f22e0,6,6,file,lib/bap_core_theory/bap_core_theory.mli,,,,2542
max,4,comment_lines_of_code,Comment LOC/File,27c2b119-0bb1-44ad-8d53-458f0cca57e7,camlworks__dream (sample analysis: 10 samples),Ocaml,f81fe024-f8ef-4980-b094-f418e2027b23,6,6,file,src/dream.mli,,,,1720
max,5,comment_lines_of_code,Comment LOC/File,27c2b119-0bb1-44ad-8d53-458f0cca57e7,camlworks__dream (sample analysis: 10 samples),Ocaml,f81fe024-f8ef-4980-b094-f418e2027b23,6,6,file,src/mirage/mirage.mli,,,,1421
min,1,bracket_lines_of_code,Bracket LOC/File,069ad96b-3762-4b18-b863-c8f40f8d0442,AlistGo__alist (sample analysis: 10 samples),Golang,55dc5845-f9b7-4910-ba7c-5458166ed243,6,6,file,drivers/alias/types.go,,,,0
min,2,bracket_lines_of_code,Bracket LOC/File,069ad96b-3762-4b18-b863-c8f40f8d0442,AlistGo__alist (sample analysis: 10 samples),Golang,55dc5845-f9b7-4910-ba7c-5458166ed243,6,6,file,drivers/alist_v2/util.go,,,,0
min,3,bracket_lines_of_code,Bracket LOC/File,069ad96b-3762-4b18-b863-c8f40f8d0442,AlistGo__alist (sample analysis: 10 samples),Golang,55dc5845-f9b7-4910-ba7c-5458166ed243,6,6,file,drivers/baidu_share/types.go,,,,0
min,4,bracket_lines_of_code,Bracket LOC/File,069ad96b-3762-4b18-b863-c8f40f8d0442,AlistGo__alist (sample analysis: 10 samples),Golang,55dc5845-f9b7-4910-ba7c-5458166ed243,6,6,file,drivers/baidu_share/util.go,,,,0
min,5,bracket_lines_of_code,Bracket LOC/File,069ad96b-3762-4b18-b863-c8f40f8d0442,AlistGo__alist (sample analysis: 10 samples),Golang,55dc5845-f9b7-4910-ba7c-5458166ed243,6,6,file,drivers/base/util.go,,,,0
max,1,bracket_lines_of_code,Bracket LOC/File,24cc32f1-80f1-40da-9ad5-e2285210d73d,router-for-me__CLIProxyAPI (sample analysis: 10 samples),Golang,1258784b-1595-4968-9fbd-a76c1be826bf,6,6,file,internal/api/handlers/management/auth_files.go,,,,417
max,2,bracket_lines_of_code,Bracket LOC/File,3e629e34-e52d-445d-9487-cfbcb29d77e8,junegunn__fzf (sample analysis: 10 samples),Golang,ebcafa6a-8828-4ea2-a23d-a295b89f90ea,6,6,file,src/terminal.go,,,,411
max,3,bracket_lines_of_code,Bracket LOC/File,24e65021-62fe-4607-8cfb-8f06e8e5257f,spf13__cobra (sample analysis: 10 samples),Golang,888226b8-42d3-4967-82fd-ee9bdbc34515,6,6,file,command_test.go,,,,351
max,4,bracket_lines_of_code,Bracket LOC/File,24cc32f1-80f1-40da-9ad5-e2285210d73d,router-for-me__CLIProxyAPI (sample analysis: 10 samples),Golang,1258784b-1595-4968-9fbd-a76c1be826bf,6,6,file,sdk/cliproxy/auth/conductor.go,,,,349
max,5,bracket_lines_of_code,Bracket LOC/File,24cc32f1-80f1-40da-9ad5-e2285210d73d,router-for-me__CLIProxyAPI (sample analysis: 10 samples),Golang,1258784b-1595-4968-9fbd-a76c1be826bf,6,6,file,internal/api/handlers/management/config_lists.go,,,,316
min,1,total_cyclomatic,Total Cyclomatic/File,069ad96b-3762-4b18-b863-c8f40f8d0442,AlistGo__alist (sample analysis: 10 samples),Golang,55dc5845-f9b7-4910-ba7c-5458166ed243,6,6,file,cmd/flags/config.go,,,,0
min,2,total_cyclomatic,Total Cyclomatic/File,069ad96b-3762-4b18-b863-c8f40f8d0442,AlistGo__alist (sample analysis: 10 samples),Golang,55dc5845-f9b7-4910-ba7c-5458166ed243,6,6,file,drivers/139/types.go,,,,0
min,3,total_cyclomatic,Total Cyclomatic/File,069ad96b-3762-4b18-b863-c8f40f8d0442,AlistGo__alist (sample analysis: 10 samples),Golang,55dc5845-f9b7-4910-ba7c-5458166ed243,6,6,file,drivers/189/types.go,,,,0
min,4,total_cyclomatic,Total Cyclomatic/File,069ad96b-3762-4b18-b863-c8f40f8d0442,AlistGo__alist (sample analysis: 10 samples),Golang,55dc5845-f9b7-4910-ba7c-5458166ed243,6,6,file,drivers/alias/types.go,,,,0
min,5,total_cyclomatic,Total Cyclomatic/File,069ad96b-3762-4b18-b863-c8f40f8d0442,AlistGo__alist (sample analysis: 10 samples),Golang,55dc5845-f9b7-4910-ba7c-5458166ed243,6,6,file,drivers/alist_v2/types.go,,,,0
max,1,total_cyclomatic,Total Cyclomatic/File,e749ce64-7ffd-4d8c-a44a-47ef93013510,airbus-seclab__bincat (sample analysis: 10 samples),Ocaml,b206de20-be6e-4585-b11c-1336ffeae0ed,6,6,file,ocaml/src/disassembly/core_x86.ml,,,,811
max,2,total_cyclomatic,Total Cyclomatic/File,e9d92337-e257-41dd-9d58-bc6f84121654,astrada__google-drive-ocamlfuse (sample analysis: 10 samples),Ocaml,ed2fdbb1-5153-4e0f-b6de-f44e3bb30533,6,6,file,src/mime.ml,,,,772
max,3,total_cyclomatic,Total Cyclomatic/File,a81fc79f-6ea8-409c-8690-f034ab9400d8,BinaryAnalysisPlatform__bap (sample analysis: 10 samples),Ocaml,976f9520-4bd6-47d1-94b2-1bbad18f22e0,6,6,file,lib/knowledge/bap_knowledge.ml,,,,698
max,4,total_cyclomatic,Total Cyclomatic/File,729d4ded-b025-47be-ae9b-ed0561b8f9e6,bcpierce00__unison (sample analysis: 10 samples),Ocaml,a40edbea-3913-406d-8390-477ade7c4062,6,6,file,src/uigtk2.ml,,,,653
max,5,total_cyclomatic,Total Cyclomatic/File,a81fc79f-6ea8-409c-8690-f034ab9400d8,BinaryAnalysisPlatform__bap (sample analysis: 10 samples),Ocaml,976f9520-4bd6-47d1-94b2-1bbad18f22e0,6,6,file,plugins/x86/x86_disasm.ml,,,,613
min,1,maintainability_index_three_property,Maintainability Index Three Property,e749ce64-7ffd-4d8c-a44a-47ef93013510,airbus-seclab__bincat (sample analysis: 10 samples),Ocaml,b206de20-be6e-4585-b11c-1336ffeae0ed,6,6,file,ocaml/src/disassembly/core_x86.ml,,,,-204.52201543263283
min,2,maintainability_index_three_property,Maintainability Index Three Property,729d4ded-b025-47be-ae9b-ed0561b8f9e6,bcpierce00__unison (sample analysis: 10 samples),Ocaml,a40edbea-3913-406d-8390-477ade7c4062,6,6,file,src/uigtk2.ml,,,,-174.97853725076095
min,3,maintainability_index_three_property,Maintainability Index Three Property,e9d92337-e257-41dd-9d58-bc6f84121654,astrada__google-drive-ocamlfuse (sample analysis: 10 samples),Ocaml,ed2fdbb1-5153-4e0f-b6de-f44e3bb30533,6,6,file,src/mime.ml,,,,-169.23807055672864
min,4,maintainability_index_three_property,Maintainability Index Three Property,e9d92337-e257-41dd-9d58-bc6f84121654,astrada__google-drive-ocamlfuse (sample analysis: 10 samples),Ocaml,ed2fdbb1-5153-4e0f-b6de-f44e3bb30533,6,6,function,src/mime.ml,map_filename_to_mime_type:3:5,3,778,-169.210540042951
min,5,maintainability_index_three_property,Maintainability Index Three Property,3e629e34-e52d-445d-9487-cfbcb29d77e8,junegunn__fzf (sample analysis: 10 samples),Golang,ebcafa6a-8828-4ea2-a23d-a295b89f90ea,6,6,file,src/terminal.go,,,,-146.53313886640342
max,1,maintainability_index_three_property,Maintainability Index Three Property,729d4ded-b025-47be-ae9b-ed0561b8f9e6,bcpierce00__unison (sample analysis: 10 samples),Ocaml,a40edbea-3913-406d-8390-477ade7c4062,6,6,file,src/lwt/win/lwt_win.ml,,,,167.39563466108828
max,2,maintainability_index_three_property,Maintainability Index Three Property,729d4ded-b025-47be-ae9b-ed0561b8f9e6,bcpierce00__unison (sample analysis: 10 samples),Ocaml,a40edbea-3913-406d-8390-477ade7c4062,6,6,file,src/lwt/lwt_unix.ml,,,,167.39563466108828
max,3,maintainability_index_three_property,Maintainability Index Three Property,24e65021-62fe-4607-8cfb-8f06e8e5257f,spf13__cobra (sample analysis: 10 samples),Golang,888226b8-42d3-4967-82fd-ee9bdbc34515,6,6,file,cobra/cmd/project_test.go,,,,167.39563466108828
max,4,maintainability_index_three_property,Maintainability Index Three Property,e8c37d0d-f999-4ab0-9696-770ba31bbe18,gin-gonic__gin (sample analysis: 10 samples),Golang,58c53752-e561-4e0c-9dc3-2ddafc3f3050,6,6,file,doc.go,,,,167.39563466108828
max,5,maintainability_index_three_property,Maintainability Index Three Property,069ad96b-3762-4b18-b863-c8f40f8d0442,AlistGo__alist (sample analysis: 10 samples),Golang,55dc5845-f9b7-4910-ba7c-5458166ed243,6,6,file,pkg/gowebdav/doc.go,,,,167.39563466108828
min,1,maintainability_index_four_property,Maintainability Index Four Property,729d4ded-b025-47be-ae9b-ed0561b8f9e6,bcpierce00__unison (sample analysis: 10 samples),Ocaml,a40edbea-3913-406d-8390-477ade7c4062,6,6,file,src/uigtk2.ml,,,,-206.77506959401563
min,2,maintainability_index_four_property,Maintainability Index Four Property,a81fc79f-6ea8-409c-8690-f034ab9400d8,BinaryAnalysisPlatform__bap (sample analysis: 10 samples),Ocaml,976f9520-4bd6-47d1-94b2-1bbad18f22e0,6,6,file,plugins/x86/x86_disasm.ml,,,,-184.09293767812449
min,3,maintainability_index_four_property,Maintainability Index Four Property,e9d92337-e257-41dd-9d58-bc6f84121654,astrada__google-drive-ocamlfuse (sample analysis: 10 samples),Ocaml,ed2fdbb1-5153-4e0f-b6de-f44e3bb30533,6,6,file,src/mime.ml,,,,-169.23807055672864
min,4,maintainability_index_four_property,Maintainability Index Four Property,e9d92337-e257-41dd-9d58-bc6f84121654,astrada__google-drive-ocamlfuse (sample analysis: 10 samples),Ocaml,ed2fdbb1-5153-4e0f-b6de-f44e3bb30533,6,6,function,src/mime.ml,map_filename_to_mime_type:3:5,3,778,-169.210540042951
min,5,maintainability_index_four_property,Maintainability Index Four Property,e749ce64-7ffd-4d8c-a44a-47ef93013510,airbus-seclab__bincat (sample analysis: 10 samples),Ocaml,b206de20-be6e-4585-b11c-1336ffeae0ed,6,6,file,ocaml/src/loaders/elf_core.ml,,,,-161.97258181898223
max,1,maintainability_index_four_property,Maintainability Index Four Property,27c2b119-0bb1-44ad-8d53-458f0cca57e7,camlworks__dream (sample analysis: 10 samples),Ocaml,f81fe024-f8ef-4980-b094-f418e2027b23,6,6,file,example/z-playground/runtime/examples.ml,,,,212.47506063933207
max,2,maintainability_index_four_property,Maintainability Index Four Property,729d4ded-b025-47be-ae9b-ed0561b8f9e6,bcpierce00__unison (sample analysis: 10 samples),Ocaml,a40edbea-3913-406d-8390-477ade7c4062,6,6,file,src/system.mli,,,,212.47506063933207
max,3,maintainability_index_four_property,Maintainability Index Four Property,729d4ded-b025-47be-ae9b-ed0561b8f9e6,bcpierce00__unison (sample analysis: 10 samples),Ocaml,a40edbea-3913-406d-8390-477ade7c4062,6,6,file,src/test.mli,,,,208.6093179474687
max,4,maintainability_index_four_property,Maintainability Index Four Property,e749ce64-7ffd-4d8c-a44a-47ef93013510,airbus-seclab__bincat (sample analysis: 10 samples),Ocaml,b206de20-be6e-4585-b11c-1336ffeae0ed,6,6,file,ocaml/src/npk/newspeak/npk2lpk.mli,,,,200.04418106024286
max,5,maintainability_index_four_property,Maintainability Index Four Property,e749ce64-7ffd-4d8c-a44a-47ef93013510,airbus-seclab__bincat (sample analysis: 10 samples),Ocaml,b206de20-be6e-4585-b11c-1336ffeae0ed,6,6,file,ocaml/src/npk/c2newspeak/bare2C.mli,,,,200.04418106024286
min,1,maintainability_index_visual_studio,Maintainability Index Visual Studio,069ad96b-3762-4b18-b863-c8f40f8d0442,AlistGo__alist (sample analysis: 10 samples),Golang,55dc5845-f9b7-4910-ba7c-5458166ed243,6,6,file,drivers/189pc/utils.go,,,,0
min,2,maintainability_index_visual_studio,Maintainability Index Visual Studio,069ad96b-3762-4b18-b863-c8f40f8d0442,AlistGo__alist (sample analysis: 10 samples),Golang,55dc5845-f9b7-4910-ba7c-5458166ed243,6,6,file,internal/op/fs.go,,,,0
min,3,maintainability_index_visual_studio,Maintainability Index Visual Studio,069ad96b-3762-4b18-b863-c8f40f8d0442,AlistGo__alist (sample analysis: 10 samples),Golang,55dc5845-f9b7-4910-ba7c-5458166ed243,6,6,file,server/webdav/internal/xml/marshal.go,,,,0
min,4,maintainability_index_visual_studio,Maintainability Index Visual Studio,069ad96b-3762-4b18-b863-c8f40f8d0442,AlistGo__alist (sample analysis: 10 samples),Golang,55dc5845-f9b7-4910-ba7c-5458166ed243,6,6,file,server/webdav/internal/xml/marshal_test.go,,,,0
min,5,maintainability_index_visual_studio,Maintainability Index Visual Studio,069ad96b-3762-4b18-b863-c8f40f8d0442,AlistGo__alist (sample analysis: 10 samples),Golang,55dc5845-f9b7-4910-ba7c-5458166ed243,6,6,file,server/webdav/internal/xml/read.go,,,,0
max,1,maintainability_index_visual_studio,Maintainability Index Visual Studio,729d4ded-b025-47be-ae9b-ed0561b8f9e6,bcpierce00__unison (sample analysis: 10 samples),Ocaml,a40edbea-3913-406d-8390-477ade7c4062,6,6,file,src/lwt/win/lwt_win.ml,,,,97.89218401233234
max,2,maintainability_index_visual_studio,Maintainability Index Visual Studio,729d4ded-b025-47be-ae9b-ed0561b8f9e6,bcpierce00__unison (sample analysis: 10 samples),Ocaml,a40edbea-3913-406d-8390-477ade7c4062,6,6,file,src/lwt/lwt_unix.ml,,,,97.89218401233234
max,3,maintainability_index_visual_studio,Maintainability Index Visual Studio,24e65021-62fe-4607-8cfb-8f06e8e5257f,spf13__cobra (sample analysis: 10 samples),Golang,888226b8-42d3-4967-82fd-ee9bdbc34515,6,6,file,cobra/cmd/project_test.go,,,,97.89218401233234
max,4,maintainability_index_visual_studio,Maintainability Index Visual Studio,e8c37d0d-f999-4ab0-9696-770ba31bbe18,gin-gonic__gin (sample analysis: 10 samples),Golang,58c53752-e561-4e0c-9dc3-2ddafc3f3050,6,6,file,doc.go,,,,97.89218401233234
max,5,maintainability_index_visual_studio,Maintainability Index Visual Studio,069ad96b-3762-4b18-b863-c8f40f8d0442,AlistGo__alist (sample analysis: 10 samples),Golang,55dc5845-f9b7-4910-ba7c-5458166ed243,6,6,file,pkg/gowebdav/doc.go,,,,97.89218401233234
min,1,maintainability_index_comment_percentage,Maintainability Index Comment Percentage,069ad96b-3762-4b18-b863-c8f40f8d0442,AlistGo__alist (sample analysis: 10 samples),Golang,55dc5845-f9b7-4910-ba7c-5458166ed243,6,6,function,cmd/admin.go,setAdminPassword:67:6,67,84,0
min,2,maintainability_index_comment_percentage,Maintainability Index Comment Percentage,069ad96b-3762-4b18-b863-c8f40f8d0442,AlistGo__alist (sample analysis: 10 samples),Golang,55dc5845-f9b7-4910-ba7c-5458166ed243,6,6,file,cmd/common.go,,,,0
min,3,maintainability_index_comment_percentage,Maintainability Index Comment Percentage,069ad96b-3762-4b18-b863-c8f40f8d0442,AlistGo__alist (sample analysis: 10 samples),Golang,55dc5845-f9b7-4910-ba7c-5458166ed243,6,6,function,cmd/common.go,Init:15:6,15,21,0
min,4,maintainability_index_comment_percentage,Maintainability Index Comment Percentage,069ad96b-3762-4b18-b863-c8f40f8d0442,AlistGo__alist (sample analysis: 10 samples),Golang,55dc5845-f9b7-4910-ba7c-5458166ed243,6,6,function,cmd/common.go,Release:23:6,23,25,0
min,5,maintainability_index_comment_percentage,Maintainability Index Comment Percentage,069ad96b-3762-4b18-b863-c8f40f8d0442,AlistGo__alist (sample analysis: 10 samples),Golang,55dc5845-f9b7-4910-ba7c-5458166ed243,6,6,function,cmd/common.go,initDaemon:30:6,30,49,0
max,1,maintainability_index_comment_percentage,Maintainability Index Comment Percentage,a81fc79f-6ea8-409c-8690-f034ab9400d8,BinaryAnalysisPlatform__bap (sample analysis: 10 samples),Ocaml,976f9520-4bd6-47d1-94b2-1bbad18f22e0,6,6,file,lib/bap_main/bap_main.mli,,,,123800
max,2,maintainability_index_comment_percentage,Maintainability Index Comment Percentage,a81fc79f-6ea8-409c-8690-f034ab9400d8,BinaryAnalysisPlatform__bap (sample analysis: 10 samples),Ocaml,976f9520-4bd6-47d1-94b2-1bbad18f22e0,6,6,file,lib/ogre/ogre.mli,,,,51500
max,3,maintainability_index_comment_percentage,Maintainability Index Comment Percentage,a81fc79f-6ea8-409c-8690-f034ab9400d8,BinaryAnalysisPlatform__bap (sample analysis: 10 samples),Ocaml,976f9520-4bd6-47d1-94b2-1bbad18f22e0,6,6,file,lib/bap_primus/bap_primus_lisp_context.mli,,,,23600
max,4,maintainability_index_comment_percentage,Maintainability Index Comment Percentage,a81fc79f-6ea8-409c-8690-f034ab9400d8,BinaryAnalysisPlatform__bap (sample analysis: 10 samples),Ocaml,976f9520-4bd6-47d1-94b2-1bbad18f22e0,6,6,file,lib/bare/bare.mli,,,,21800
max,5,maintainability_index_comment_percentage,Maintainability Index Comment Percentage,a81fc79f-6ea8-409c-8690-f034ab9400d8,BinaryAnalysisPlatform__bap (sample analysis: 10 samples),Ocaml,976f9520-4bd6-47d1-94b2-1bbad18f22e0,6,6,file,lib/text_tags/text_tags.mli,,,,13900
min,1,total_halstead_unique_operators,Total Halstead Unique Operators/File,a81fc79f-6ea8-409c-8690-f034ab9400d8,BinaryAnalysisPlatform__bap (sample analysis: 10 samples),Ocaml,976f9520-4bd6-47d1-94b2-1bbad18f22e0,6,6,file,lib/arm/arm_env.ml,,,,0
min,2,total_halstead_unique_operators,Total Halstead Unique Operators/File,a81fc79f-6ea8-409c-8690-f034ab9400d8,BinaryAnalysisPlatform__bap (sample analysis: 10 samples),Ocaml,976f9520-4bd6-47d1-94b2-1bbad18f22e0,6,6,file,lib/arm/arm_lifter.ml,,,,0
min,3,total_halstead_unique_operators,Total Halstead Unique Operators/File,a81fc79f-6ea8-409c-8690-f034ab9400d8,BinaryAnalysisPlatform__bap (sample analysis: 10 samples),Ocaml,976f9520-4bd6-47d1-94b2-1bbad18f22e0,6,6,file,lib/arm/arm_target.ml,,,,0
min,4,total_halstead_unique_operators,Total Halstead Unique Operators/File,a81fc79f-6ea8-409c-8690-f034ab9400d8,BinaryAnalysisPlatform__bap (sample analysis: 10 samples),Ocaml,976f9520-4bd6-47d1-94b2-1bbad18f22e0,6,6,file,lib/bap/bap_init_toplevel.mli,,,,0
min,5,total_halstead_unique_operators,Total Halstead Unique Operators/File,a81fc79f-6ea8-409c-8690-f034ab9400d8,BinaryAnalysisPlatform__bap (sample analysis: 10 samples),Ocaml,976f9520-4bd6-47d1-94b2-1bbad18f22e0,6,6,file,lib/bap_api/bap_api_attr.ml,,,,0
max,1,total_halstead_unique_operators,Total Halstead Unique Operators/File,729d4ded-b025-47be-ae9b-ed0561b8f9e6,bcpierce00__unison (sample analysis: 10 samples),Ocaml,a40edbea-3913-406d-8390-477ade7c4062,6,6,file,src/uigtk2.ml,,,,74
max,2,total_halstead_unique_operators,Total Halstead Unique Operators/File,a81fc79f-6ea8-409c-8690-f034ab9400d8,BinaryAnalysisPlatform__bap (sample analysis: 10 samples),Ocaml,976f9520-4bd6-47d1-94b2-1bbad18f22e0,6,6,file,lib/bap_types/bap_helpers.ml,,,,61
max,3,total_halstead_unique_operators,Total Halstead Unique Operators/File,a81fc79f-6ea8-409c-8690-f034ab9400d8,BinaryAnalysisPlatform__bap (sample analysis: 10 samples),Ocaml,976f9520-4bd6-47d1-94b2-1bbad18f22e0,6,6,file,plugins/mips/mips_rtl.ml,,,,60
max,4,total_halstead_unique_operators,Total Halstead Unique Operators/File,a81fc79f-6ea8-409c-8690-f034ab9400d8,BinaryAnalysisPlatform__bap (sample analysis: 10 samples),Ocaml,976f9520-4bd6-47d1-94b2-1bbad18f22e0,6,6,file,lib/graphlib/graphlib_graph.ml,,,,58
max,5,total_halstead_unique_operators,Total Halstead Unique Operators/File,a81fc79f-6ea8-409c-8690-f034ab9400d8,BinaryAnalysisPlatform__bap (sample analysis: 10 samples),Ocaml,976f9520-4bd6-47d1-94b2-1bbad18f22e0,6,6,file,lib/bap/bap.mli,,,,57
min,1,total_halstead_unique_operands,Total Halstead Unique Operands/File,a81fc79f-6ea8-409c-8690-f034ab9400d8,BinaryAnalysisPlatform__bap (sample analysis: 10 samples),Ocaml,976f9520-4bd6-47d1-94b2-1bbad18f22e0,6,6,file,lib/arm/arm_env.ml,,,,0
min,2,total_halstead_unique_operands,Total Halstead Unique Operands/File,a81fc79f-6ea8-409c-8690-f034ab9400d8,BinaryAnalysisPlatform__bap (sample analysis: 10 samples),Ocaml,976f9520-4bd6-47d1-94b2-1bbad18f22e0,6,6,file,lib/arm/arm_lifter.ml,,,,0
min,3,total_halstead_unique_operands,Total Halstead Unique Operands/File,a81fc79f-6ea8-409c-8690-f034ab9400d8,BinaryAnalysisPlatform__bap (sample analysis: 10 samples),Ocaml,976f9520-4bd6-47d1-94b2-1bbad18f22e0,6,6,file,lib/arm/arm_target.ml,,,,0
min,4,total_halstead_unique_operands,Total Halstead Unique Operands/File,a81fc79f-6ea8-409c-8690-f034ab9400d8,BinaryAnalysisPlatform__bap (sample analysis: 10 samples),Ocaml,976f9520-4bd6-47d1-94b2-1bbad18f22e0,6,6,file,lib/bap/bap_init_toplevel.mli,,,,0
min,5,total_halstead_unique_operands,Total Halstead Unique Operands/File,a81fc79f-6ea8-409c-8690-f034ab9400d8,BinaryAnalysisPlatform__bap (sample analysis: 10 samples),Ocaml,976f9520-4bd6-47d1-94b2-1bbad18f22e0,6,6,file,lib/bap_api/bap_api_attr.ml,,,,0
max,1,total_halstead_unique_operands,Total Halstead Unique Operands/File,729d4ded-b025-47be-ae9b-ed0561b8f9e6,bcpierce00__unison (sample analysis: 10 samples),Ocaml,a40edbea-3913-406d-8390-477ade7c4062,6,6,file,unicode_utils/unicode_build.ml,,,,4515
max,2,total_halstead_unique_operands,Total Halstead Unique Operands/File,729d4ded-b025-47be-ae9b-ed0561b8f9e6,bcpierce00__unison (sample analysis: 10 samples),Ocaml,a40edbea-3913-406d-8390-477ade7c4062,6,6,file,src/uigtk2.ml,,,,1951
max,3,total_halstead_unique_operands,Total Halstead Unique Operands/File,e9d92337-e257-41dd-9d58-bc6f84121654,astrada__google-drive-ocamlfuse (sample analysis: 10 samples),Ocaml,ed2fdbb1-5153-4e0f-b6de-f44e3bb30533,6,6,file,src/mime.ml,,,,1765
max,4,total_halstead_unique_operands,Total Halstead Unique Operands/File,729d4ded-b025-47be-ae9b-ed0561b8f9e6,bcpierce00__unison (sample analysis: 10 samples),Ocaml,a40edbea-3913-406d-8390-477ade7c4062,6,6,file,src/unicode.ml,,,,1554
max,5,total_halstead_unique_operands,Total Halstead Unique Operands/File,24cc32f1-80f1-40da-9ad5-e2285210d73d,router-for-me__CLIProxyAPI (sample analysis: 10 samples),Golang,1258784b-1595-4968-9fbd-a76c1be826bf,6,6,file,internal/misc/mime-type.go,,,,1467
min,1,total_halstead_operators,Total Halstead Operators/File,a81fc79f-6ea8-409c-8690-f034ab9400d8,BinaryAnalysisPlatform__bap (sample analysis: 10 samples),Ocaml,976f9520-4bd6-47d1-94b2-1bbad18f22e0,6,6,file,lib/arm/arm_env.ml,,,,0
min,2,total_halstead_operators,Total Halstead Operators/File,a81fc79f-6ea8-409c-8690-f034ab9400d8,BinaryAnalysisPlatform__bap (sample analysis: 10 samples),Ocaml,976f9520-4bd6-47d1-94b2-1bbad18f22e0,6,6,file,lib/arm/arm_lifter.ml,,,,0
min,3,total_halstead_operators,Total Halstead Operators/File,a81fc79f-6ea8-409c-8690-f034ab9400d8,BinaryAnalysisPlatform__bap (sample analysis: 10 samples),Ocaml,976f9520-4bd6-47d1-94b2-1bbad18f22e0,6,6,file,lib/arm/arm_target.ml,,,,0
min,4,total_halstead_operators,Total Halstead Operators/File,a81fc79f-6ea8-409c-8690-f034ab9400d8,BinaryAnalysisPlatform__bap (sample analysis: 10 samples),Ocaml,976f9520-4bd6-47d1-94b2-1bbad18f22e0,6,6,file,lib/bap/bap_init_toplevel.mli,,,,0
min,5,total_halstead_operators,Total Halstead Operators/File,a81fc79f-6ea8-409c-8690-f034ab9400d8,BinaryAnalysisPlatform__bap (sample analysis: 10 samples),Ocaml,976f9520-4bd6-47d1-94b2-1bbad18f22e0,6,6,file,lib/bap_api/bap_api_attr.ml,,,,0
max,1,total_halstead_operators,Total Halstead Operators/File,729d4ded-b025-47be-ae9b-ed0561b8f9e6,bcpierce00__unison (sample analysis: 10 samples),Ocaml,a40edbea-3913-406d-8390-477ade7c4062,6,6,file,src/uigtk2.ml,,,,6319
max,2,total_halstead_operators,Total Halstead Operators/File,a81fc79f-6ea8-409c-8690-f034ab9400d8,BinaryAnalysisPlatform__bap (sample analysis: 10 samples),Ocaml,976f9520-4bd6-47d1-94b2-1bbad18f22e0,6,6,file,lib/bap/bap.mli,,,,6296
max,3,total_halstead_operators,Total Halstead Operators/File,e749ce64-7ffd-4d8c-a44a-47ef93013510,airbus-seclab__bincat (sample analysis: 10 samples),Ocaml,b206de20-be6e-4585-b11c-1336ffeae0ed,6,6,file,ocaml/src/disassembly/core_x86.ml,,,,4863
max,4,total_halstead_operators,Total Halstead Operators/File,e9d92337-e257-41dd-9d58-bc6f84121654,astrada__google-drive-ocamlfuse (sample analysis: 10 samples),Ocaml,ed2fdbb1-5153-4e0f-b6de-f44e3bb30533,6,6,file,src/drive.ml,,,,3638
max,5,total_halstead_operators,Total Halstead Operators/File,e749ce64-7ffd-4d8c-a44a-47ef93013510,airbus-seclab__bincat (sample analysis: 10 samples),Ocaml,b206de20-be6e-4585-b11c-1336ffeae0ed,6,6,file,ocaml/src/disassembly/armv7.ml,,,,3162
min,1,total_halstead_operands,Total Halstead Operands/File,a81fc79f-6ea8-409c-8690-f034ab9400d8,BinaryAnalysisPlatform__bap (sample analysis: 10 samples),Ocaml,976f9520-4bd6-47d1-94b2-1bbad18f22e0,6,6,file,lib/arm/arm_env.ml,,,,0
min,2,total_halstead_operands,Total Halstead Operands/File,a81fc79f-6ea8-409c-8690-f034ab9400d8,BinaryAnalysisPlatform__bap (sample analysis: 10 samples),Ocaml,976f9520-4bd6-47d1-94b2-1bbad18f22e0,6,6,file,lib/arm/arm_lifter.ml,,,,0
min,3,total_halstead_operands,Total Halstead Operands/File,a81fc79f-6ea8-409c-8690-f034ab9400d8,BinaryAnalysisPlatform__bap (sample analysis: 10 samples),Ocaml,976f9520-4bd6-47d1-94b2-1bbad18f22e0,6,6,file,lib/arm/arm_target.ml,,,,0
min,4,total_halstead_operands,Total Halstead Operands/File,a81fc79f-6ea8-409c-8690-f034ab9400d8,BinaryAnalysisPlatform__bap (sample analysis: 10 samples),Ocaml,976f9520-4bd6-47d1-94b2-1bbad18f22e0,6,6,file,lib/bap/bap_init_toplevel.mli,,,,0
min,5,total_halstead_operands,Total Halstead Operands/File,a81fc79f-6ea8-409c-8690-f034ab9400d8,BinaryAnalysisPlatform__bap (sample analysis: 10 samples),Ocaml,976f9520-4bd6-47d1-94b2-1bbad18f22e0,6,6,file,lib/bap_api/bap_api_attr.ml,,,,0
max,1,total_halstead_operands,Total Halstead Operands/File,e749ce64-7ffd-4d8c-a44a-47ef93013510,airbus-seclab__bincat (sample analysis: 10 samples),Ocaml,b206de20-be6e-4585-b11c-1336ffeae0ed,6,6,file,ocaml/src/disassembly/core_x86.ml,,,,12302
max,2,total_halstead_operands,Total Halstead Operands/File,729d4ded-b025-47be-ae9b-ed0561b8f9e6,bcpierce00__unison (sample analysis: 10 samples),Ocaml,a40edbea-3913-406d-8390-477ade7c4062,6,6,file,unicode_utils/unicode_build.ml,,,,11918
max,3,total_halstead_operands,Total Halstead Operands/File,729d4ded-b025-47be-ae9b-ed0561b8f9e6,bcpierce00__unison (sample analysis: 10 samples),Ocaml,a40edbea-3913-406d-8390-477ade7c4062,6,6,file,src/uigtk2.ml,,,,11846
max,4,total_halstead_operands,Total Halstead Operands/File,a81fc79f-6ea8-409c-8690-f034ab9400d8,BinaryAnalysisPlatform__bap (sample analysis: 10 samples),Ocaml,976f9520-4bd6-47d1-94b2-1bbad18f22e0,6,6,file,lib/bap/bap.mli,,,,10479
max,5,total_halstead_operands,Total Halstead Operands/File,e9d92337-e257-41dd-9d58-bc6f84121654,astrada__google-drive-ocamlfuse (sample analysis: 10 samples),Ocaml,ed2fdbb1-5153-4e0f-b6de-f44e3bb30533,6,6,file,src/drive.ml,,,,7130
min,1,total_halstead_length,Total Halstead Length/File,a81fc79f-6ea8-409c-8690-f034ab9400d8,BinaryAnalysisPlatform__bap (sample analysis: 10 samples),Ocaml,976f9520-4bd6-47d1-94b2-1bbad18f22e0,6,6,file,lib/arm/arm_env.ml,,,,0
min,2,total_halstead_length,Total Halstead Length/File,a81fc79f-6ea8-409c-8690-f034ab9400d8,BinaryAnalysisPlatform__bap (sample analysis: 10 samples),Ocaml,976f9520-4bd6-47d1-94b2-1bbad18f22e0,6,6,file,lib/arm/arm_lifter.ml,,,,0
min,3,total_halstead_length,Total Halstead Length/File,a81fc79f-6ea8-409c-8690-f034ab9400d8,BinaryAnalysisPlatform__bap (sample analysis: 10 samples),Ocaml,976f9520-4bd6-47d1-94b2-1bbad18f22e0,6,6,file,lib/arm/arm_target.ml,,,,0
min,4,total_halstead_length,Total Halstead Length/File,a81fc79f-6ea8-409c-8690-f034ab9400d8,BinaryAnalysisPlatform__bap (sample analysis: 10 samples),Ocaml,976f9520-4bd6-47d1-94b2-1bbad18f22e0,6,6,file,lib/bap/bap_init_toplevel.mli,,,,0
min,5,total_halstead_length,Total Halstead Length/File,a81fc79f-6ea8-409c-8690-f034ab9400d8,BinaryAnalysisPlatform__bap (sample analysis: 10 samples),Ocaml,976f9520-4bd6-47d1-94b2-1bbad18f22e0,6,6,file,lib/bap_api/bap_api_attr.ml,,,,0
max,1,total_halstead_length,Total Halstead Length/File,729d4ded-b025-47be-ae9b-ed0561b8f9e6,bcpierce00__unison (sample analysis: 10 samples),Ocaml,a40edbea-3913-406d-8390-477ade7c4062,6,6,file,src/uigtk2.ml,,,,18165
max,2,total_halstead_length,Total Halstead Length/File,e749ce64-7ffd-4d8c-a44a-47ef93013510,airbus-seclab__bincat (sample analysis: 10 samples),Ocaml,b206de20-be6e-4585-b11c-1336ffeae0ed,6,6,file,ocaml/src/disassembly/core_x86.ml,,,,17165
max,3,total_halstead_length,Total Halstead Length/File,a81fc79f-6ea8-409c-8690-f034ab9400d8,BinaryAnalysisPlatform__bap (sample analysis: 10 samples),Ocaml,976f9520-4bd6-47d1-94b2-1bbad18f22e0,6,6,file,lib/bap/bap.mli,,,,16775
max,4,total_halstead_length,Total Halstead Length/File,729d4ded-b025-47be-ae9b-ed0561b8f9e6,bcpierce00__unison (sample analysis: 10 samples),Ocaml,a40edbea-3913-406d-8390-477ade7c4062,6,6,file,unicode_utils/unicode_build.ml,,,,12839
max,5,total_halstead_length,Total Halstead Length/File,e9d92337-e257-41dd-9d58-bc6f84121654,astrada__google-drive-ocamlfuse (sample analysis: 10 samples),Ocaml,ed2fdbb1-5153-4e0f-b6de-f44e3bb30533,6,6,file,src/drive.ml,,,,10768
min,1,total_halstead_vocabulary,Total Halstead Vocabulary/File,a81fc79f-6ea8-409c-8690-f034ab9400d8,BinaryAnalysisPlatform__bap (sample analysis: 10 samples),Ocaml,976f9520-4bd6-47d1-94b2-1bbad18f22e0,6,6,file,lib/arm/arm_env.ml,,,,0
min,2,total_halstead_vocabulary,Total Halstead Vocabulary/File,a81fc79f-6ea8-409c-8690-f034ab9400d8,BinaryAnalysisPlatform__bap (sample analysis: 10 samples),Ocaml,976f9520-4bd6-47d1-94b2-1bbad18f22e0,6,6,file,lib/arm/arm_lifter.ml,,,,0
min,3,total_halstead_vocabulary,Total Halstead Vocabulary/File,a81fc79f-6ea8-409c-8690-f034ab9400d8,BinaryAnalysisPlatform__bap (sample analysis: 10 samples),Ocaml,976f9520-4bd6-47d1-94b2-1bbad18f22e0,6,6,file,lib/arm/arm_target.ml,,,,0
min,4,total_halstead_vocabulary,Total Halstead Vocabulary/File,a81fc79f-6ea8-409c-8690-f034ab9400d8,BinaryAnalysisPlatform__bap (sample analysis: 10 samples),Ocaml,976f9520-4bd6-47d1-94b2-1bbad18f22e0,6,6,file,lib/bap/bap_init_toplevel.mli,,,,0
min,5,total_halstead_vocabulary,Total Halstead Vocabulary/File,a81fc79f-6ea8-409c-8690-f034ab9400d8,BinaryAnalysisPlatform__bap (sample analysis: 10 samples),Ocaml,976f9520-4bd6-47d1-94b2-1bbad18f22e0,6,6,file,lib/bap_api/bap_api_attr.ml,,,,0
max,1,total_halstead_vocabulary,Total Halstead Vocabulary/File,729d4ded-b025-47be-ae9b-ed0561b8f9e6,bcpierce00__unison (sample analysis: 10 samples),Ocaml,a40edbea-3913-406d-8390-477ade7c4062,6,6,file,unicode_utils/unicode_build.ml,,,,4565
max,2,total_halstead_vocabulary,Total Halstead Vocabulary/File,729d4ded-b025-47be-ae9b-ed0561b8f9e6,bcpierce00__unison (sample analysis: 10 samples),Ocaml,a40edbea-3913-406d-8390-477ade7c4062,6,6,file,src/uigtk2.ml,,,,2025
max,3,total_halstead_vocabulary,Total Halstead Vocabulary/File,e9d92337-e257-41dd-9d58-bc6f84121654,astrada__google-drive-ocamlfuse (sample analysis: 10 samples),Ocaml,ed2fdbb1-5153-4e0f-b6de-f44e3bb30533,6,6,file,src/mime.ml,,,,1775
max,4,total_halstead_vocabulary,Total Halstead Vocabulary/File,729d4ded-b025-47be-ae9b-ed0561b8f9e6,bcpierce00__unison (sample analysis: 10 samples),Ocaml,a40edbea-3913-406d-8390-477ade7c4062,6,6,file,src/unicode.ml,,,,1588
max,5,total_halstead_vocabulary,Total Halstead Vocabulary/File,a81fc79f-6ea8-409c-8690-f034ab9400d8,BinaryAnalysisPlatform__bap (sample analysis: 10 samples),Ocaml,976f9520-4bd6-47d1-94b2-1bbad18f22e0,6,6,file,lib/bap/bap.mli,,,,1501
min,1,total_halstead_calculated_length,Total Halstead Calculated Length/File,069ad96b-3762-4b18-b863-c8f40f8d0442,AlistGo__alist (sample analysis: 10 samples),Golang,55dc5845-f9b7-4910-ba7c-5458166ed243,6,6,file,drivers/alias/types.go,,,,0
min,2,total_halstead_calculated_length,Total Halstead Calculated Length/File,069ad96b-3762-4b18-b863-c8f40f8d0442,AlistGo__alist (sample analysis: 10 samples),Golang,55dc5845-f9b7-4910-ba7c-5458166ed243,6,6,file,drivers/alist_v2/util.go,,,,0
min,3,total_halstead_calculated_length,Total Halstead Calculated Length/File,069ad96b-3762-4b18-b863-c8f40f8d0442,AlistGo__alist (sample analysis: 10 samples),Golang,55dc5845-f9b7-4910-ba7c-5458166ed243,6,6,file,drivers/baidu_share/types.go,,,,0
min,4,total_halstead_calculated_length,Total Halstead Calculated Length/File,069ad96b-3762-4b18-b863-c8f40f8d0442,AlistGo__alist (sample analysis: 10 samples),Golang,55dc5845-f9b7-4910-ba7c-5458166ed243,6,6,file,drivers/baidu_share/util.go,,,,0
min,5,total_halstead_calculated_length,Total Halstead Calculated Length/File,069ad96b-3762-4b18-b863-c8f40f8d0442,AlistGo__alist (sample analysis: 10 samples),Golang,55dc5845-f9b7-4910-ba7c-5458166ed243,6,6,file,drivers/base/util.go,,,,0
max,1,total_halstead_calculated_length,Total Halstead Calculated Length/File,729d4ded-b025-47be-ae9b-ed0561b8f9e6,bcpierce00__unison (sample analysis: 10 samples),Ocaml,a40edbea-3913-406d-8390-477ade7c4062,6,6,file,unicode_utils/unicode_build.ml,,,,55096.59668923125
max,2,total_halstead_calculated_length,Total Halstead Calculated Length/File,729d4ded-b025-47be-ae9b-ed0561b8f9e6,bcpierce00__unison (sample analysis: 10 samples),Ocaml,a40edbea-3913-406d-8390-477ade7c4062,6,6,file,src/uigtk2.ml,,,,21783.92576920675
max,3,total_halstead_calculated_length,Total Halstead Calculated Length/File,e9d92337-e257-41dd-9d58-bc6f84121654,astrada__google-drive-ocamlfuse (sample analysis: 10 samples),Ocaml,ed2fdbb1-5153-4e0f-b6de-f44e3bb30533,6,6,file,src/mime.ml,,,,19069.5428872487
max,4,total_halstead_calculated_length,Total Halstead Calculated Length/File,729d4ded-b025-47be-ae9b-ed0561b8f9e6,bcpierce00__unison (sample analysis: 10 samples),Ocaml,a40edbea-3913-406d-8390-477ade7c4062,6,6,file,src/unicode.ml,,,,16648.125541788093
max,5,total_halstead_calculated_length,Total Halstead Calculated Length/File,a81fc79f-6ea8-409c-8690-f034ab9400d8,BinaryAnalysisPlatform__bap (sample analysis: 10 samples),Ocaml,976f9520-4bd6-47d1-94b2-1bbad18f22e0,6,6,file,lib/bap/bap.mli,,,,15488.489389632465
min,1,total_halstead_volume,Total Halstead Volume/File,a81fc79f-6ea8-409c-8690-f034ab9400d8,BinaryAnalysisPlatform__bap (sample analysis: 10 samples),Ocaml,976f9520-4bd6-47d1-94b2-1bbad18f22e0,6,6,file,lib/arm/arm_env.ml,,,,0
min,2,total_halstead_volume,Total Halstead Volume/File,a81fc79f-6ea8-409c-8690-f034ab9400d8,BinaryAnalysisPlatform__bap (sample analysis: 10 samples),Ocaml,976f9520-4bd6-47d1-94b2-1bbad18f22e0,6,6,file,lib/arm/arm_lifter.ml,,,,0
min,3,total_halstead_volume,Total Halstead Volume/File,a81fc79f-6ea8-409c-8690-f034ab9400d8,BinaryAnalysisPlatform__bap (sample analysis: 10 samples),Ocaml,976f9520-4bd6-47d1-94b2-1bbad18f22e0,6,6,file,lib/arm/arm_target.ml,,,,0
min,4,total_halstead_volume,Total Halstead Volume/File,a81fc79f-6ea8-409c-8690-f034ab9400d8,BinaryAnalysisPlatform__bap (sample analysis: 10 samples),Ocaml,976f9520-4bd6-47d1-94b2-1bbad18f22e0,6,6,file,lib/bap/bap_init_toplevel.mli,,,,0
min,5,total_halstead_volume,Total Halstead Volume/File,a81fc79f-6ea8-409c-8690-f034ab9400d8,BinaryAnalysisPlatform__bap (sample analysis: 10 samples),Ocaml,976f9520-4bd6-47d1-94b2-1bbad18f22e0,6,6,file,lib/bap_api/bap_api_attr.ml,,,,0
max,1,total_halstead_volume,Total Halstead Volume/File,729d4ded-b025-47be-ae9b-ed0561b8f9e6,bcpierce00__unison (sample analysis: 10 samples),Ocaml,a40edbea-3913-406d-8390-477ade7c4062,6,6,file,src/uigtk2.ml,,,,199519.0229896571
max,2,total_halstead_volume,Total Halstead Volume/File,a81fc79f-6ea8-409c-8690-f034ab9400d8,BinaryAnalysisPlatform__bap (sample analysis: 10 samples),Ocaml,976f9520-4bd6-47d1-94b2-1bbad18f22e0,6,6,file,lib/bap/bap.mli,,,,177004.90608868707
max,3,total_halstead_volume,Total Halstead Volume/File,e749ce64-7ffd-4d8c-a44a-47ef93013510,airbus-seclab__bincat (sample analysis: 10 samples),Ocaml,b206de20-be6e-4585-b11c-1336ffeae0ed,6,6,file,ocaml/src/disassembly/core_x86.ml,,,,175864.91220287877
max,4,total_halstead_volume,Total Halstead Volume/File,729d4ded-b025-47be-ae9b-ed0561b8f9e6,bcpierce00__unison (sample analysis: 10 samples),Ocaml,a40edbea-3913-406d-8390-477ade7c4062,6,6,file,unicode_utils/unicode_build.ml,,,,156076.00862100627
max,5,total_halstead_volume,Total Halstead Volume/File,e9d92337-e257-41dd-9d58-bc6f84121654,astrada__google-drive-ocamlfuse (sample analysis: 10 samples),Ocaml,ed2fdbb1-5153-4e0f-b6de-f44e3bb30533,6,6,file,src/drive.ml,,,,108435.06233012643
min,1,total_halstead_difficulty,Total Halstead Difficulty/File,a81fc79f-6ea8-409c-8690-f034ab9400d8,BinaryAnalysisPlatform__bap (sample analysis: 10 samples),Ocaml,976f9520-4bd6-47d1-94b2-1bbad18f22e0,6,6,file,lib/arm/arm_env.ml,,,,0
min,2,total_halstead_difficulty,Total Halstead Difficulty/File,a81fc79f-6ea8-409c-8690-f034ab9400d8,BinaryAnalysisPlatform__bap (sample analysis: 10 samples),Ocaml,976f9520-4bd6-47d1-94b2-1bbad18f22e0,6,6,file,lib/arm/arm_lifter.ml,,,,0
min,3,total_halstead_difficulty,Total Halstead Difficulty/File,a81fc79f-6ea8-409c-8690-f034ab9400d8,BinaryAnalysisPlatform__bap (sample analysis: 10 samples),Ocaml,976f9520-4bd6-47d1-94b2-1bbad18f22e0,6,6,file,lib/arm/arm_target.ml,,,,0
min,4,total_halstead_difficulty,Total Halstead Difficulty/File,a81fc79f-6ea8-409c-8690-f034ab9400d8,BinaryAnalysisPlatform__bap (sample analysis: 10 samples),Ocaml,976f9520-4bd6-47d1-94b2-1bbad18f22e0,6,6,file,lib/bap/bap_init_toplevel.mli,,,,0
min,5,total_halstead_difficulty,Total Halstead Difficulty/File,a81fc79f-6ea8-409c-8690-f034ab9400d8,BinaryAnalysisPlatform__bap (sample analysis: 10 samples),Ocaml,976f9520-4bd6-47d1-94b2-1bbad18f22e0,6,6,file,lib/bap_api/bap_api_attr.ml,,,,0
max,1,total_halstead_difficulty,Total Halstead Difficulty/File,a81fc79f-6ea8-409c-8690-f034ab9400d8,BinaryAnalysisPlatform__bap (sample analysis: 10 samples),Ocaml,976f9520-4bd6-47d1-94b2-1bbad18f22e0,6,6,file,lib/monads/monads_monad.ml,,,,463.5207612456747
max,2,total_halstead_difficulty,Total Halstead Difficulty/File,a81fc79f-6ea8-409c-8690-f034ab9400d8,BinaryAnalysisPlatform__bap (sample analysis: 10 samples),Ocaml,976f9520-4bd6-47d1-94b2-1bbad18f22e0,6,6,file,lib/monads/monads.mli,,,,304.33522727272725
max,3,total_halstead_difficulty,Total Halstead Difficulty/File,e749ce64-7ffd-4d8c-a44a-47ef93013510,airbus-seclab__bincat (sample analysis: 10 samples),Ocaml,b206de20-be6e-4585-b11c-1336ffeae0ed,6,6,file,ocaml/src/disassembly/core_x86.ml,,,,291.8938740293356
max,4,total_halstead_difficulty,Total Halstead Difficulty/File,a81fc79f-6ea8-409c-8690-f034ab9400d8,BinaryAnalysisPlatform__bap (sample analysis: 10 samples),Ocaml,976f9520-4bd6-47d1-94b2-1bbad18f22e0,6,6,file,lib/graphlib/graphlib_graph.ml,,,,274.6536964980545
max,5,total_halstead_difficulty,Total Halstead Difficulty/File,a81fc79f-6ea8-409c-8690-f034ab9400d8,BinaryAnalysisPlatform__bap (sample analysis: 10 samples),Ocaml,976f9520-4bd6-47d1-94b2-1bbad18f22e0,6,6,file,lib/bitvec/bitvec.ml,,,,271.96089385474863
min,1,total_halstead_effort,Total Halstead Effort/File,a81fc79f-6ea8-409c-8690-f034ab9400d8,BinaryAnalysisPlatform__bap (sample analysis: 10 samples),Ocaml,976f9520-4bd6-47d1-94b2-1bbad18f22e0,6,6,file,lib/arm/arm_env.ml,,,,0
min,2,total_halstead_effort,Total Halstead Effort/File,a81fc79f-6ea8-409c-8690-f034ab9400d8,BinaryAnalysisPlatform__bap (sample analysis: 10 samples),Ocaml,976f9520-4bd6-47d1-94b2-1bbad18f22e0,6,6,file,lib/arm/arm_lifter.ml,,,,0
min,3,total_halstead_effort,Total Halstead Effort/File,a81fc79f-6ea8-409c-8690-f034ab9400d8,BinaryAnalysisPlatform__bap (sample analysis: 10 samples),Ocaml,976f9520-4bd6-47d1-94b2-1bbad18f22e0,6,6,file,lib/arm/arm_target.ml,,,,0
min,4,total_halstead_effort,Total Halstead Effort/File,a81fc79f-6ea8-409c-8690-f034ab9400d8,BinaryAnalysisPlatform__bap (sample analysis: 10 samples),Ocaml,976f9520-4bd6-47d1-94b2-1bbad18f22e0,6,6,file,lib/bap/bap_init_toplevel.mli,,,,0
min,5,total_halstead_effort,Total Halstead Effort/File,a81fc79f-6ea8-409c-8690-f034ab9400d8,BinaryAnalysisPlatform__bap (sample analysis: 10 samples),Ocaml,976f9520-4bd6-47d1-94b2-1bbad18f22e0,6,6,file,lib/bap_api/bap_api_attr.ml,,,,0
max,1,total_halstead_effort,Total Halstead Effort/File,e749ce64-7ffd-4d8c-a44a-47ef93013510,airbus-seclab__bincat (sample analysis: 10 samples),Ocaml,b206de20-be6e-4585-b11c-1336ffeae0ed,6,6,file,ocaml/src/disassembly/core_x86.ml,,,,51333890.52872726
max,2,total_halstead_effort,Total Halstead Effort/File,729d4ded-b025-47be-ae9b-ed0561b8f9e6,bcpierce00__unison (sample analysis: 10 samples),Ocaml,a40edbea-3913-406d-8390-477ade7c4062,6,6,file,src/uigtk2.ml,,,,44822955.82491681
max,3,total_halstead_effort,Total Halstead Effort/File,a81fc79f-6ea8-409c-8690-f034ab9400d8,BinaryAnalysisPlatform__bap (sample analysis: 10 samples),Ocaml,976f9520-4bd6-47d1-94b2-1bbad18f22e0,6,6,file,lib/bap/bap.mli,,,,36608573.89940826
max,4,total_halstead_effort,Total Halstead Effort/File,a81fc79f-6ea8-409c-8690-f034ab9400d8,BinaryAnalysisPlatform__bap (sample analysis: 10 samples),Ocaml,976f9520-4bd6-47d1-94b2-1bbad18f22e0,6,6,file,lib/monads/monads_monad.ml,,,,31546452.44551889
max,5,total_halstead_effort,Total Halstead Effort/File,e749ce64-7ffd-4d8c-a44a-47ef93013510,airbus-seclab__bincat (sample analysis: 10 samples),Ocaml,b206de20-be6e-4585-b11c-1336ffeae0ed,6,6,file,ocaml/src/disassembly/armv7.ml,,,,24383148.25421231
min,1,total_halstead_time_seconds,Total Halstead Time Seconds/File,a81fc79f-6ea8-409c-8690-f034ab9400d8,BinaryAnalysisPlatform__bap (sample analysis: 10 samples),Ocaml,976f9520-4bd6-47d1-94b2-1bbad18f22e0,6,6,file,lib/arm/arm_env.ml,,,,0
min,2,total_halstead_time_seconds,Total Halstead Time Seconds/File,a81fc79f-6ea8-409c-8690-f034ab9400d8,BinaryAnalysisPlatform__bap (sample analysis: 10 samples),Ocaml,976f9520-4bd6-47d1-94b2-1bbad18f22e0,6,6,file,lib/arm/arm_lifter.ml,,,,0
min,3,total_halstead_time_seconds,Total Halstead Time Seconds/File,a81fc79f-6ea8-409c-8690-f034ab9400d8,BinaryAnalysisPlatform__bap (sample analysis: 10 samples),Ocaml,976f9520-4bd6-47d1-94b2-1bbad18f22e0,6,6,file,lib/arm/arm_target.ml,,,,0
min,4,total_halstead_time_seconds,Total Halstead Time Seconds/File,a81fc79f-6ea8-409c-8690-f034ab9400d8,BinaryAnalysisPlatform__bap (sample analysis: 10 samples),Ocaml,976f9520-4bd6-47d1-94b2-1bbad18f22e0,6,6,file,lib/bap/bap_init_toplevel.mli,,,,0
min,5,total_halstead_time_seconds,Total Halstead Time Seconds/File,a81fc79f-6ea8-409c-8690-f034ab9400d8,BinaryAnalysisPlatform__bap (sample analysis: 10 samples),Ocaml,976f9520-4bd6-47d1-94b2-1bbad18f22e0,6,6,file,lib/bap_api/bap_api_attr.ml,,,,0
max,1,total_halstead_time_seconds,Total Halstead Time Seconds/File,e749ce64-7ffd-4d8c-a44a-47ef93013510,airbus-seclab__bincat (sample analysis: 10 samples),Ocaml,b206de20-be6e-4585-b11c-1336ffeae0ed,6,6,file,ocaml/src/disassembly/core_x86.ml,,,,2851882.8071515146
max,2,total_halstead_time_seconds,Total Halstead Time Seconds/File,729d4ded-b025-47be-ae9b-ed0561b8f9e6,bcpierce00__unison (sample analysis: 10 samples),Ocaml,a40edbea-3913-406d-8390-477ade7c4062,6,6,file,src/uigtk2.ml,,,,2490164.212495378
max,3,total_halstead_time_seconds,Total Halstead Time Seconds/File,a81fc79f-6ea8-409c-8690-f034ab9400d8,BinaryAnalysisPlatform__bap (sample analysis: 10 samples),Ocaml,976f9520-4bd6-47d1-94b2-1bbad18f22e0,6,6,file,lib/bap/bap.mli,,,,2033809.6610782365
max,4,total_halstead_time_seconds,Total Halstead Time Seconds/File,a81fc79f-6ea8-409c-8690-f034ab9400d8,BinaryAnalysisPlatform__bap (sample analysis: 10 samples),Ocaml,976f9520-4bd6-47d1-94b2-1bbad18f22e0,6,6,file,lib/monads/monads_monad.ml,,,,1752580.691417716
max,5,total_halstead_time_seconds,Total Halstead Time Seconds/File,e749ce64-7ffd-4d8c-a44a-47ef93013510,airbus-seclab__bincat (sample analysis: 10 samples),Ocaml,b206de20-be6e-4585-b11c-1336ffeae0ed,6,6,file,ocaml/src/disassembly/armv7.ml,,,,1354619.3474562394
min,1,total_halstead_bugs,Total Halstead Bugs/File,a81fc79f-6ea8-409c-8690-f034ab9400d8,BinaryAnalysisPlatform__bap (sample analysis: 10 samples),Ocaml,976f9520-4bd6-47d1-94b2-1bbad18f22e0,6,6,file,lib/arm/arm_env.ml,,,,0
min,2,total_halstead_bugs,Total Halstead Bugs/File,a81fc79f-6ea8-409c-8690-f034ab9400d8,BinaryAnalysisPlatform__bap (sample analysis: 10 samples),Ocaml,976f9520-4bd6-47d1-94b2-1bbad18f22e0,6,6,file,lib/arm/arm_lifter.ml,,,,0
min,3,total_halstead_bugs,Total Halstead Bugs/File,a81fc79f-6ea8-409c-8690-f034ab9400d8,BinaryAnalysisPlatform__bap (sample analysis: 10 samples),Ocaml,976f9520-4bd6-47d1-94b2-1bbad18f22e0,6,6,file,lib/arm/arm_target.ml,,,,0
min,4,total_halstead_bugs,Total Halstead Bugs/File,a81fc79f-6ea8-409c-8690-f034ab9400d8,BinaryAnalysisPlatform__bap (sample analysis: 10 samples),Ocaml,976f9520-4bd6-47d1-94b2-1bbad18f22e0,6,6,file,lib/bap/bap_init_toplevel.mli,,,,0
min,5,total_halstead_bugs,Total Halstead Bugs/File,a81fc79f-6ea8-409c-8690-f034ab9400d8,BinaryAnalysisPlatform__bap (sample analysis: 10 samples),Ocaml,976f9520-4bd6-47d1-94b2-1bbad18f22e0,6,6,file,lib/bap_api/bap_api_attr.ml,,,,0
max,1,total_halstead_bugs,Total Halstead Bugs/File,729d4ded-b025-47be-ae9b-ed0561b8f9e6,bcpierce00__unison (sample analysis: 10 samples),Ocaml,a40edbea-3913-406d-8390-477ade7c4062,6,6,file,src/uigtk2.ml,,,,66.50634099655237
max,2,total_halstead_bugs,Total Halstead Bugs/File,a81fc79f-6ea8-409c-8690-f034ab9400d8,BinaryAnalysisPlatform__bap (sample analysis: 10 samples),Ocaml,976f9520-4bd6-47d1-94b2-1bbad18f22e0,6,6,file,lib/bap/bap.mli,,,,59.00163536289569
max,3,total_halstead_bugs,Total Halstead Bugs/File,e749ce64-7ffd-4d8c-a44a-47ef93013510,airbus-seclab__bincat (sample analysis: 10 samples),Ocaml,b206de20-be6e-4585-b11c-1336ffeae0ed,6,6,file,ocaml/src/disassembly/core_x86.ml,,,,58.62163740095959
max,4,total_halstead_bugs,Total Halstead Bugs/File,729d4ded-b025-47be-ae9b-ed0561b8f9e6,bcpierce00__unison (sample analysis: 10 samples),Ocaml,a40edbea-3913-406d-8390-477ade7c4062,6,6,file,unicode_utils/unicode_build.ml,,,,52.02533620700209
max,5,total_halstead_bugs,Total Halstead Bugs/File,e9d92337-e257-41dd-9d58-bc6f84121654,astrada__google-drive-ocamlfuse (sample analysis: 10 samples),Ocaml,ed2fdbb1-5153-4e0f-b6de-f44e3bb30533,6,6,file,src/drive.ml,,,,36.14502077670881
min,1,mean_outdegree_per_file,Mean Outdegree/File,069ad96b-3762-4b18-b863-c8f40f8d0442,AlistGo__alist (sample analysis: 10 samples),Golang,55dc5845-f9b7-4910-ba7c-5458166ed243,6,6,file,cmd/flags/config.go,,,,0
min,2,mean_outdegree_per_file,Mean Outdegree/File,069ad96b-3762-4b18-b863-c8f40f8d0442,AlistGo__alist (sample analysis: 10 samples),Golang,55dc5845-f9b7-4910-ba7c-5458166ed243,6,6,file,drivers/139/types.go,,,,0
min,3,mean_outdegree_per_file,Mean Outdegree/File,069ad96b-3762-4b18-b863-c8f40f8d0442,AlistGo__alist (sample analysis: 10 samples),Golang,55dc5845-f9b7-4910-ba7c-5458166ed243,6,6,file,drivers/189/types.go,,,,0
min,4,mean_outdegree_per_file,Mean Outdegree/File,069ad96b-3762-4b18-b863-c8f40f8d0442,AlistGo__alist (sample analysis: 10 samples),Golang,55dc5845-f9b7-4910-ba7c-5458166ed243,6,6,file,drivers/alias/types.go,,,,0
min,5,mean_outdegree_per_file,Mean Outdegree/File,069ad96b-3762-4b18-b863-c8f40f8d0442,AlistGo__alist (sample analysis: 10 samples),Golang,55dc5845-f9b7-4910-ba7c-5458166ed243,6,6,file,drivers/alist_v2/types.go,,,,0
max,1,mean_outdegree_per_file,Mean Outdegree/File,24cc32f1-80f1-40da-9ad5-e2285210d73d,router-for-me__CLIProxyAPI (sample analysis: 10 samples),Golang,1258784b-1595-4968-9fbd-a76c1be826bf,6,6,file,internal/translator/gemini/openai/responses/gemini_openai-responses_request.go,,,,103
max,2,mean_outdegree_per_file,Mean Outdegree/File,24cc32f1-80f1-40da-9ad5-e2285210d73d,router-for-me__CLIProxyAPI (sample analysis: 10 samples),Golang,1258784b-1595-4968-9fbd-a76c1be826bf,6,6,file,internal/translator/claude/gemini/claude_gemini_request.go,,,,102
max,3,mean_outdegree_per_file,Mean Outdegree/File,24cc32f1-80f1-40da-9ad5-e2285210d73d,router-for-me__CLIProxyAPI (sample analysis: 10 samples),Golang,1258784b-1595-4968-9fbd-a76c1be826bf,6,6,file,internal/translator/claude/openai/responses/claude_openai-responses_request.go,,,,84
max,4,mean_outdegree_per_file,Mean Outdegree/File,24cc32f1-80f1-40da-9ad5-e2285210d73d,router-for-me__CLIProxyAPI (sample analysis: 10 samples),Golang,1258784b-1595-4968-9fbd-a76c1be826bf,6,6,file,internal/translator/openai/gemini/openai_gemini_request.go,,,,82
max,5,mean_outdegree_per_file,Mean Outdegree/File,24cc32f1-80f1-40da-9ad5-e2285210d73d,router-for-me__CLIProxyAPI (sample analysis: 10 samples),Golang,1258784b-1595-4968-9fbd-a76c1be826bf,6,6,file,internal/translator/claude/openai/chat-completions/claude_openai_request.go,,,,82
min,1,mean_indegree_per_file,Mean Indegree/File,069ad96b-3762-4b18-b863-c8f40f8d0442,AlistGo__alist (sample analysis: 10 samples),Golang,55dc5845-f9b7-4910-ba7c-5458166ed243,6,6,file,cmd/admin.go,,,,0
min,2,mean_indegree_per_file,Mean Indegree/File,069ad96b-3762-4b18-b863-c8f40f8d0442,AlistGo__alist (sample analysis: 10 samples),Golang,55dc5845-f9b7-4910-ba7c-5458166ed243,6,6,file,cmd/cancel2FA.go,,,,0
min,3,mean_indegree_per_file,Mean Indegree/File,069ad96b-3762-4b18-b863-c8f40f8d0442,AlistGo__alist (sample analysis: 10 samples),Golang,55dc5845-f9b7-4910-ba7c-5458166ed243,6,6,file,cmd/common.go,,,,0
min,4,mean_indegree_per_file,Mean Indegree/File,069ad96b-3762-4b18-b863-c8f40f8d0442,AlistGo__alist (sample analysis: 10 samples),Golang,55dc5845-f9b7-4910-ba7c-5458166ed243,6,6,file,cmd/flags/config.go,,,,0
min,5,mean_indegree_per_file,Mean Indegree/File,069ad96b-3762-4b18-b863-c8f40f8d0442,AlistGo__alist (sample analysis: 10 samples),Golang,55dc5845-f9b7-4910-ba7c-5458166ed243,6,6,file,cmd/restart.go,,,,0
max,1,mean_indegree_per_file,Mean Indegree/File,a81fc79f-6ea8-409c-8690-f034ab9400d8,BinaryAnalysisPlatform__bap (sample analysis: 10 samples),Ocaml,976f9520-4bd6-47d1-94b2-1bbad18f22e0,6,6,file,lib/bap_core_theory/bap_core_theory_parser.ml,,,,3.5783132530120483
max,2,mean_indegree_per_file,Mean Indegree/File,a81fc79f-6ea8-409c-8690-f034ab9400d8,BinaryAnalysisPlatform__bap (sample analysis: 10 samples),Ocaml,976f9520-4bd6-47d1-94b2-1bbad18f22e0,6,6,file,lib/bap_future/bap_future.ml,,,,3.4722222222222223
max,3,mean_indegree_per_file,Mean Indegree/File,e749ce64-7ffd-4d8c-a44a-47ef93013510,airbus-seclab__bincat (sample analysis: 10 samples),Ocaml,b206de20-be6e-4585-b11c-1336ffeae0ed,6,6,file,ocaml/src/disassembly/powerpc.ml,,,,3.4
max,4,mean_indegree_per_file,Mean Indegree/File,729d4ded-b025-47be-ae9b-ed0561b8f9e6,bcpierce00__unison (sample analysis: 10 samples),Ocaml,a40edbea-3913-406d-8390-477ade7c4062,6,6,file,src/unicode.ml,,,,3.388888888888889
max,5,mean_indegree_per_file,Mean Indegree/File,e749ce64-7ffd-4d8c-a44a-47ef93013510,airbus-seclab__bincat (sample analysis: 10 samples),Ocaml,b206de20-be6e-4585-b11c-1336ffeae0ed,6,6,file,ocaml/src/disassembly/core_x86.ml,,,,2.8585858585858586
min,1,mean_cyclomatic_per_function_per_file,Mean Function Cyclomatic/File,069ad96b-3762-4b18-b863-c8f40f8d0442,AlistGo__alist (sample analysis: 10 samples),Golang,55dc5845-f9b7-4910-ba7c-5458166ed243,6,6,file,cmd/flags/config.go,,,,0
min,2,mean_cyclomatic_per_function_per_file,Mean Function Cyclomatic/File,069ad96b-3762-4b18-b863-c8f40f8d0442,AlistGo__alist (sample analysis: 10 samples),Golang,55dc5845-f9b7-4910-ba7c-5458166ed243,6,6,file,drivers/139/types.go,,,,0
min,3,mean_cyclomatic_per_function_per_file,Mean Function Cyclomatic/File,069ad96b-3762-4b18-b863-c8f40f8d0442,AlistGo__alist (sample analysis: 10 samples),Golang,55dc5845-f9b7-4910-ba7c-5458166ed243,6,6,file,drivers/189/types.go,,,,0
min,4,mean_cyclomatic_per_function_per_file,Mean Function Cyclomatic/File,069ad96b-3762-4b18-b863-c8f40f8d0442,AlistGo__alist (sample analysis: 10 samples),Golang,55dc5845-f9b7-4910-ba7c-5458166ed243,6,6,file,drivers/alias/types.go,,,,0
min,5,mean_cyclomatic_per_function_per_file,Mean Function Cyclomatic/File,069ad96b-3762-4b18-b863-c8f40f8d0442,AlistGo__alist (sample analysis: 10 samples),Golang,55dc5845-f9b7-4910-ba7c-5458166ed243,6,6,file,drivers/alist_v2/types.go,,,,0
max,1,mean_cyclomatic_per_function_per_file,Mean Function Cyclomatic/File,e9d92337-e257-41dd-9d58-bc6f84121654,astrada__google-drive-ocamlfuse (sample analysis: 10 samples),Ocaml,ed2fdbb1-5153-4e0f-b6de-f44e3bb30533,6,6,file,src/mime.ml,,,,772
max,2,mean_cyclomatic_per_function_per_file,Mean Function Cyclomatic/File,9539fa79-4e99-4b7c-8679-62b23d3abedd,go-gorm__gorm (sample analysis: 10 samples),Golang,d456e794-5a37-42ac-8c73-54d80d3a5938,6,6,file,schema/field.go,,,,129.5
max,3,mean_cyclomatic_per_function_per_file,Mean Function Cyclomatic/File,24cc32f1-80f1-40da-9ad5-e2285210d73d,router-for-me__CLIProxyAPI (sample analysis: 10 samples),Golang,1258784b-1595-4968-9fbd-a76c1be826bf,6,6,file,internal/translator/gemini/openai/responses/gemini_openai-responses_request.go,,,,101
max,4,mean_cyclomatic_per_function_per_file,Mean Function Cyclomatic/File,24cc32f1-80f1-40da-9ad5-e2285210d73d,router-for-me__CLIProxyAPI (sample analysis: 10 samples),Golang,1258784b-1595-4968-9fbd-a76c1be826bf,6,6,file,internal/translator/claude/openai/responses/claude_openai-responses_request.go,,,,81
max,5,mean_cyclomatic_per_function_per_file,Mean Function Cyclomatic/File,24cc32f1-80f1-40da-9ad5-e2285210d73d,router-for-me__CLIProxyAPI (sample analysis: 10 samples),Golang,1258784b-1595-4968-9fbd-a76c1be826bf,6,6,file,internal/translator/claude/gemini/claude_gemini_request.go,,,,66
min,1,function_length,Function Length,069ad96b-3762-4b18-b863-c8f40f8d0442,AlistGo__alist (sample analysis: 10 samples),Golang,55dc5845-f9b7-4910-ba7c-5458166ed243,6,6,function,cmd/storage.go,Init:58:16,58,58,0
min,2,function_length,Function Length,069ad96b-3762-4b18-b863-c8f40f8d0442,AlistGo__alist (sample analysis: 10 samples),Golang,55dc5845-f9b7-4910-ba7c-5458166ed243,6,6,function,drivers/189pc/help.go,UnmarshalJSON:89:16,89,89,0
min,3,function_length,Function Length,069ad96b-3762-4b18-b863-c8f40f8d0442,AlistGo__alist (sample analysis: 10 samples),Golang,55dc5845-f9b7-4910-ba7c-5458166ed243,6,6,function,drivers/189pc/help.go,UnmarshalJSON:118:18,118,118,0
min,4,function_length,Function Length,069ad96b-3762-4b18-b863-c8f40f8d0442,AlistGo__alist (sample analysis: 10 samples),Golang,55dc5845-f9b7-4910-ba7c-5458166ed243,6,6,function,drivers/189pc/types.go,GetSize:188:24,188,188,0
min,5,function_length,Function Length,069ad96b-3762-4b18-b863-c8f40f8d0442,AlistGo__alist (sample analysis: 10 samples),Golang,55dc5845-f9b7-4910-ba7c-5458166ed243,6,6,function,drivers/189pc/types.go,GetName:189:24,189,189,0
max,1,function_length,Function Length,729d4ded-b025-47be-ae9b-ed0561b8f9e6,bcpierce00__unison (sample analysis: 10 samples),Ocaml,a40edbea-3913-406d-8390-477ade7c4062,6,6,function,src/uigtk2.ml,createToplevelWindow:2647:5,2647,4238,1591
max,2,function_length,Function Length,a81fc79f-6ea8-409c-8690-f034ab9400d8,BinaryAnalysisPlatform__bap (sample analysis: 10 samples),Ocaml,976f9520-4bd6-47d1-94b2-1bbad18f22e0,6,6,function,plugins/x86/x86_lifter.ml,to_ir:276:11,276,1572,1296
max,3,function_length,Function Length,a81fc79f-6ea8-409c-8690-f034ab9400d8,BinaryAnalysisPlatform__bap (sample analysis: 10 samples),Ocaml,976f9520-4bd6-47d1-94b2-1bbad18f22e0,6,6,function,plugins/x86/x86_disasm.ml,parse_instr:25:5,25,1249,1224
max,4,function_length,Function Length,e749ce64-7ffd-4d8c-a44a-47ef93013510,airbus-seclab__bincat (sample analysis: 10 samples),Ocaml,b206de20-be6e-4585-b11c-1336ffeae0ed,6,6,function,ocaml/src/npk/c2newspeak/typedC2Cir.ml,translate:125:5,125,1318,1193
max,5,function_length,Function Length,08fc41ef-3162-4883-934f-1f96a9db7b1a,fastpack__fastpack (sample analysis: 10 samples),Ocaml,7c5ce3c7-954c-4afd-a097-50dd47b44c37,6,6,function,FastpackUtil/Printer.ml,print:277:5,277,1384,1107
min,1,cyclomatic,Function Cyclomatic,069ad96b-3762-4b18-b863-c8f40f8d0442,AlistGo__alist (sample analysis: 10 samples),Golang,55dc5845-f9b7-4910-ba7c-5458166ed243,6,6,function,cmd/admin.go,init:86:6,86,100,1
min,2,cyclomatic,Function Cyclomatic,069ad96b-3762-4b18-b863-c8f40f8d0442,AlistGo__alist (sample analysis: 10 samples),Golang,55dc5845-f9b7-4910-ba7c-5458166ed243,6,6,function,cmd/cancel2FA.go,init:34:6,34,46,1
min,3,cyclomatic,Function Cyclomatic,069ad96b-3762-4b18-b863-c8f40f8d0442,AlistGo__alist (sample analysis: 10 samples),Golang,55dc5845-f9b7-4910-ba7c-5458166ed243,6,6,function,cmd/common.go,Init:15:6,15,21,1
min,4,cyclomatic,Function Cyclomatic,069ad96b-3762-4b18-b863-c8f40f8d0442,AlistGo__alist (sample analysis: 10 samples),Golang,55dc5845-f9b7-4910-ba7c-5458166ed243,6,6,function,cmd/common.go,Release:23:6,23,25,1
min,5,cyclomatic,Function Cyclomatic,069ad96b-3762-4b18-b863-c8f40f8d0442,AlistGo__alist (sample analysis: 10 samples),Golang,55dc5845-f9b7-4910-ba7c-5458166ed243,6,6,function,cmd/lang.go,convert:34:6,34,38,1
max,1,cyclomatic,Function Cyclomatic,e9d92337-e257-41dd-9d58-bc6f84121654,astrada__google-drive-ocamlfuse (sample analysis: 10 samples),Ocaml,ed2fdbb1-5153-4e0f-b6de-f44e3bb30533,6,6,function,src/mime.ml,map_filename_to_mime_type:3:5,3,778,772
max,2,cyclomatic,Function Cyclomatic,a81fc79f-6ea8-409c-8690-f034ab9400d8,BinaryAnalysisPlatform__bap (sample analysis: 10 samples),Ocaml,976f9520-4bd6-47d1-94b2-1bbad18f22e0,6,6,function,plugins/x86/x86_disasm.ml,get_opcode:420:7,420,1178,412
max,3,cyclomatic,Function Cyclomatic,3e629e34-e52d-445d-9487-cfbcb29d77e8,junegunn__fzf (sample analysis: 10 samples),Golang,ebcafa6a-8828-4ea2-a23d-a295b89f90ea,6,6,function,src/terminal.go,Loop:1726:20,1726,2504,243
max,4,cyclomatic,Function Cyclomatic,a81fc79f-6ea8-409c-8690-f034ab9400d8,BinaryAnalysisPlatform__bap (sample analysis: 10 samples),Ocaml,976f9520-4bd6-47d1-94b2-1bbad18f22e0,6,6,function,plugins/x86/x86_lifter.ml,to_ir:276:11,276,1572,235
max,5,cyclomatic,Function Cyclomatic,e749ce64-7ffd-4d8c-a44a-47ef93013510,airbus-seclab__bincat (sample analysis: 10 samples),Ocaml,b206de20-be6e-4585-b11c-1336ffeae0ed,6,6,function,ocaml/src/disassembly/core_x86.ml,decode:2607:13,2607,2882,215
min,1,cyclomatic_match_as_single_branch,Function Cyclomatic Match As Single Branch,069ad96b-3762-4b18-b863-c8f40f8d0442,AlistGo__alist (sample analysis: 10 samples),Golang,55dc5845-f9b7-4910-ba7c-5458166ed243,6,6,function,cmd/admin.go,init:86:6,86,100,1
min,2,cyclomatic_match_as_single_branch,Function Cyclomatic Match As Single Branch,069ad96b-3762-4b18-b863-c8f40f8d0442,AlistGo__alist (sample analysis: 10 samples),Golang,55dc5845-f9b7-4910-ba7c-5458166ed243,6,6,function,cmd/cancel2FA.go,init:34:6,34,46,1
min,3,cyclomatic_match_as_single_branch,Function Cyclomatic Match As Single Branch,069ad96b-3762-4b18-b863-c8f40f8d0442,AlistGo__alist (sample analysis: 10 samples),Golang,55dc5845-f9b7-4910-ba7c-5458166ed243,6,6,function,cmd/common.go,Init:15:6,15,21,1
min,4,cyclomatic_match_as_single_branch,Function Cyclomatic Match As Single Branch,069ad96b-3762-4b18-b863-c8f40f8d0442,AlistGo__alist (sample analysis: 10 samples),Golang,55dc5845-f9b7-4910-ba7c-5458166ed243,6,6,function,cmd/common.go,Release:23:6,23,25,1
min,5,cyclomatic_match_as_single_branch,Function Cyclomatic Match As Single Branch,069ad96b-3762-4b18-b863-c8f40f8d0442,AlistGo__alist (sample analysis: 10 samples),Golang,55dc5845-f9b7-4910-ba7c-5458166ed243,6,6,function,cmd/lang.go,convert:34:6,34,38,1
max,1,cyclomatic_match_as_single_branch,Function Cyclomatic Match As Single Branch,3e629e34-e52d-445d-9487-cfbcb29d77e8,junegunn__fzf (sample analysis: 10 samples),Golang,ebcafa6a-8828-4ea2-a23d-a295b89f90ea,6,6,function,src/terminal.go,Loop:1726:20,1726,2504,163
max,2,cyclomatic_match_as_single_branch,Function Cyclomatic Match As Single Branch,24cc32f1-80f1-40da-9ad5-e2285210d73d,router-for-me__CLIProxyAPI (sample analysis: 10 samples),Golang,1258784b-1595-4968-9fbd-a76c1be826bf,6,6,function,internal/translator/antigravity/openai/chat-completions/antigravity_openai_request.go,ConvertOpenAIRequestToAntigravity:30:6,30,410,115
max,3,cyclomatic_match_as_single_branch,Function Cyclomatic Match As Single Branch,24cc32f1-80f1-40da-9ad5-e2285210d73d,router-for-me__CLIProxyAPI (sample analysis: 10 samples),Golang,1258784b-1595-4968-9fbd-a76c1be826bf,6,6,function,internal/translator/openai/openai/responses/openai_openai-responses_response.go,ConvertOpenAIChatCompletionsResponseToOpenAIResponses:54:6,54,570,107
max,4,cyclomatic_match_as_single_branch,Function Cyclomatic Match As Single Branch,9539fa79-4e99-4b7c-8679-62b23d3abedd,go-gorm__gorm (sample analysis: 10 samples),Golang,d456e794-5a37-42ac-8c73-54d80d3a5938,6,6,function,schema/field.go,ParseField:74:23,74,380,103
max,5,cyclomatic_match_as_single_branch,Function Cyclomatic Match As Single Branch,24cc32f1-80f1-40da-9ad5-e2285210d73d,router-for-me__CLIProxyAPI (sample analysis: 10 samples),Golang,1258784b-1595-4968-9fbd-a76c1be826bf,6,6,function,internal/translator/gemini/openai/chat-completions/gemini_openai_request.go,ConvertOpenAIRequestToGemini:30:6,30,385,102
min,1,indegree,Function Indegree,069ad96b-3762-4b18-b863-c8f40f8d0442,AlistGo__alist (sample analysis: 10 samples),Golang,55dc5845-f9b7-4910-ba7c-5458166ed243,6,6,function,cmd/admin.go,setAdminPassword:67:6,67,84,0
min,2,indegree,Function Indegree,069ad96b-3762-4b18-b863-c8f40f8d0442,AlistGo__alist (sample analysis: 10 samples),Golang,55dc5845-f9b7-4910-ba7c-5458166ed243,6,6,function,cmd/admin.go,init:86:6,86,100,0
min,3,indegree,Function Indegree,069ad96b-3762-4b18-b863-c8f40f8d0442,AlistGo__alist (sample analysis: 10 samples),Golang,55dc5845-f9b7-4910-ba7c-5458166ed243,6,6,function,cmd/cancel2FA.go,init:34:6,34,46,0
min,4,indegree,Function Indegree,069ad96b-3762-4b18-b863-c8f40f8d0442,AlistGo__alist (sample analysis: 10 samples),Golang,55dc5845-f9b7-4910-ba7c-5458166ed243,6,6,function,cmd/common.go,Init:15:6,15,21,0
min,5,indegree,Function Indegree,069ad96b-3762-4b18-b863-c8f40f8d0442,AlistGo__alist (sample analysis: 10 samples),Golang,55dc5845-f9b7-4910-ba7c-5458166ed243,6,6,function,cmd/common.go,Release:23:6,23,25,0
max,1,indegree,Function Indegree,a81fc79f-6ea8-409c-8690-f034ab9400d8,BinaryAnalysisPlatform__bap (sample analysis: 10 samples),Ocaml,976f9520-4bd6-47d1-94b2-1bbad18f22e0,6,6,function,lib/bap_core_theory/bap_core_theory_empty.ml,sort:10:5,10,10,75
max,2,indegree,Function Indegree,24e65021-62fe-4607-8cfb-8f06e8e5257f,spf13__cobra (sample analysis: 10 samples),Golang,888226b8-42d3-4967-82fd-ee9bdbc34515,6,6,function,command_test.go,executeCommand:17:6,17,20,63
max,3,indegree,Function Indegree,a81fc79f-6ea8-409c-8690-f034ab9400d8,BinaryAnalysisPlatform__bap (sample analysis: 10 samples),Ocaml,976f9520-4bd6-47d1-94b2-1bbad18f22e0,6,6,function,lib/bap_core_theory/bap_core_theory_manager.ml,join2:95:5,95,99,60
max,4,indegree,Function Indegree,e749ce64-7ffd-4d8c-a44a-47ef93013510,airbus-seclab__bincat (sample analysis: 10 samples),Ocaml,b206de20-be6e-4585-b11c-1336ffeae0ed,6,6,function,ocaml/src/disassembly/core_x86.ml,return:849:7,849,857,53
max,5,indegree,Function Indegree,a81fc79f-6ea8-409c-8690-f034ab9400d8,BinaryAnalysisPlatform__bap (sample analysis: 10 samples),Ocaml,976f9520-4bd6-47d1-94b2-1bbad18f22e0,6,6,function,lib/monads/monads_monad.ml,f:211:15,211,213,51
min,1,outdegree,Function Outdegree,069ad96b-3762-4b18-b863-c8f40f8d0442,AlistGo__alist (sample analysis: 10 samples),Golang,55dc5845-f9b7-4910-ba7c-5458166ed243,6,6,function,cmd/storage.go,Init:58:16,58,58,0
min,2,outdegree,Function Outdegree,069ad96b-3762-4b18-b863-c8f40f8d0442,AlistGo__alist (sample analysis: 10 samples),Golang,55dc5845-f9b7-4910-ba7c-5458166ed243,6,6,function,drivers/115/driver.go,Config:23:18,23,25,0
min,3,outdegree,Function Outdegree,069ad96b-3762-4b18-b863-c8f40f8d0442,AlistGo__alist (sample analysis: 10 samples),Golang,55dc5845-f9b7-4910-ba7c-5458166ed243,6,6,function,drivers/115/driver.go,GetAddition:27:18,27,29,0
min,4,outdegree,Function Outdegree,069ad96b-3762-4b18-b863-c8f40f8d0442,AlistGo__alist (sample analysis: 10 samples),Golang,55dc5845-f9b7-4910-ba7c-5458166ed243,6,6,function,drivers/115/driver.go,Drop:45:18,45,47,0
min,5,outdegree,Function Outdegree,069ad96b-3762-4b18-b863-c8f40f8d0442,AlistGo__alist (sample analysis: 10 samples),Golang,55dc5845-f9b7-4910-ba7c-5458166ed243,6,6,function,drivers/115/types.go,CreateTime:16:19,16,18,0
max,1,outdegree,Function Outdegree,a81fc79f-6ea8-409c-8690-f034ab9400d8,BinaryAnalysisPlatform__bap (sample analysis: 10 samples),Ocaml,976f9520-4bd6-47d1-94b2-1bbad18f22e0,6,6,function,plugins/x86/x86_lifter.ml,to_ir:276:11,276,1572,139
max,2,outdegree,Function Outdegree,a81fc79f-6ea8-409c-8690-f034ab9400d8,BinaryAnalysisPlatform__bap (sample analysis: 10 samples),Ocaml,976f9520-4bd6-47d1-94b2-1bbad18f22e0,6,6,function,plugins/x86/x86_disasm.ml,get_opcode:420:7,420,1178,128
max,3,outdegree,Function Outdegree,3e629e34-e52d-445d-9487-cfbcb29d77e8,junegunn__fzf (sample analysis: 10 samples),Golang,ebcafa6a-8828-4ea2-a23d-a295b89f90ea,6,6,function,src/terminal.go,Loop:1726:20,1726,2504,112
max,4,outdegree,Function Outdegree,729d4ded-b025-47be-ae9b-ed0561b8f9e6,bcpierce00__unison (sample analysis: 10 samples),Ocaml,a40edbea-3913-406d-8390-477ade7c4062,6,6,function,src/uigtk2.ml,createToplevelWindow:2647:5,2647,4238,105
max,5,outdegree,Function Outdegree,24cc32f1-80f1-40da-9ad5-e2285210d73d,router-for-me__CLIProxyAPI (sample analysis: 10 samples),Golang,1258784b-1595-4968-9fbd-a76c1be826bf,6,6,function,internal/translator/gemini/openai/responses/gemini_openai-responses_request.go,ConvertOpenAIResponsesRequestToGemini:15:6,15,423,103
min,1,halstead_unique_operators,Function Halstead Unique Operators,069ad96b-3762-4b18-b863-c8f40f8d0442,AlistGo__alist (sample analysis: 10 samples),Golang,55dc5845-f9b7-4910-ba7c-5458166ed243,6,6,function,cmd/admin.go,init:86:6,86,100,1
min,2,halstead_unique_operators,Function Halstead Unique Operators,069ad96b-3762-4b18-b863-c8f40f8d0442,AlistGo__alist (sample analysis: 10 samples),Golang,55dc5845-f9b7-4910-ba7c-5458166ed243,6,6,function,cmd/cancel2FA.go,init:34:6,34,46,1
min,3,halstead_unique_operators,Function Halstead Unique Operators,069ad96b-3762-4b18-b863-c8f40f8d0442,AlistGo__alist (sample analysis: 10 samples),Golang,55dc5845-f9b7-4910-ba7c-5458166ed243,6,6,function,cmd/common.go,Init:15:6,15,21,1
min,4,halstead_unique_operators,Function Halstead Unique Operators,069ad96b-3762-4b18-b863-c8f40f8d0442,AlistGo__alist (sample analysis: 10 samples),Golang,55dc5845-f9b7-4910-ba7c-5458166ed243,6,6,function,cmd/common.go,Release:23:6,23,25,1
min,5,halstead_unique_operators,Function Halstead Unique Operators,069ad96b-3762-4b18-b863-c8f40f8d0442,AlistGo__alist (sample analysis: 10 samples),Golang,55dc5845-f9b7-4910-ba7c-5458166ed243,6,6,function,cmd/lang.go,init:149:6,149,161,1
max,1,halstead_unique_operators,Function Halstead Unique Operators,a81fc79f-6ea8-409c-8690-f034ab9400d8,BinaryAnalysisPlatform__bap (sample analysis: 10 samples),Ocaml,976f9520-4bd6-47d1-94b2-1bbad18f22e0,6,6,function,plugins/x86/x86_lifter.ml,to_ir:276:11,276,1572,53
max,2,halstead_unique_operators,Function Halstead Unique Operators,729d4ded-b025-47be-ae9b-ed0561b8f9e6,bcpierce00__unison (sample analysis: 10 samples),Ocaml,a40edbea-3913-406d-8390-477ade7c4062,6,6,function,src/uigtk2.ml,createToplevelWindow:2647:5,2647,4238,50
max,3,halstead_unique_operators,Function Halstead Unique Operators,a81fc79f-6ea8-409c-8690-f034ab9400d8,BinaryAnalysisPlatform__bap (sample analysis: 10 samples),Ocaml,976f9520-4bd6-47d1-94b2-1bbad18f22e0,6,6,function,plugins/x86/x86_disasm.ml,parse_instr:25:5,25,1249,44
max,4,halstead_unique_operators,Function Halstead Unique Operators,e749ce64-7ffd-4d8c-a44a-47ef93013510,airbus-seclab__bincat (sample analysis: 10 samples),Ocaml,b206de20-be6e-4585-b11c-1336ffeae0ed,6,6,function,ocaml/src/npk/c2newspeak/typedC2Cir.ml,translate:883:13,883,914,42
max,5,halstead_unique_operators,Function Halstead Unique Operators,e749ce64-7ffd-4d8c-a44a-47ef93013510,airbus-seclab__bincat (sample analysis: 10 samples),Ocaml,b206de20-be6e-4585-b11c-1336ffeae0ed,6,6,function,ocaml/src/npk/c2newspeak/typedC2Cir.ml,translate:771:9,771,776,42
min,1,halstead_unique_operands,Function Halstead Unique Operands,069ad96b-3762-4b18-b863-c8f40f8d0442,AlistGo__alist (sample analysis: 10 samples),Golang,55dc5845-f9b7-4910-ba7c-5458166ed243,6,6,function,drivers/all.go,All:62:6,62,64,1
min,2,halstead_unique_operands,Function Halstead Unique Operands,e8c37d0d-f999-4ab0-9696-770ba31bbe18,gin-gonic__gin (sample analysis: 10 samples),Golang,58c53752-e561-4e0c-9dc3-2ddafc3f3050,6,6,function,utils_test.go,somefunction:92:6,92,94,1
min,3,halstead_unique_operands,Function Halstead Unique Operands,3e629e34-e52d-445d-9487-cfbcb29d77e8,junegunn__fzf (sample analysis: 10 samples),Golang,ebcafa6a-8828-4ea2-a23d-a295b89f90ea,6,6,function,src/protector/protector.go,Protect:6:6,6,8,1
min,4,halstead_unique_operands,Function Halstead Unique Operands,a81fc79f-6ea8-409c-8690-f034ab9400d8,BinaryAnalysisPlatform__bap (sample analysis: 10 samples),Ocaml,976f9520-4bd6-47d1-94b2-1bbad18f22e0,6,6,function,lib/bap/bap_project.ml,state:367:5,367,367,1
min,5,halstead_unique_operands,Function Halstead Unique Operands,a81fc79f-6ea8-409c-8690-f034ab9400d8,BinaryAnalysisPlatform__bap (sample analysis: 10 samples),Ocaml,976f9520-4bd6-47d1-94b2-1bbad18f22e0,6,6,function,lib/bap/bap_project.ml,extra:709:7,709,709,1
max,1,halstead_unique_operands,Function Halstead Unique Operands,e9d92337-e257-41dd-9d58-bc6f84121654,astrada__google-drive-ocamlfuse (sample analysis: 10 samples),Ocaml,ed2fdbb1-5153-4e0f-b6de-f44e3bb30533,6,6,function,src/mime.ml,map_filename_to_mime_type:3:5,3,778,1764
max,2,halstead_unique_operands,Function Halstead Unique Operands,729d4ded-b025-47be-ae9b-ed0561b8f9e6,bcpierce00__unison (sample analysis: 10 samples),Ocaml,a40edbea-3913-406d-8390-477ade7c4062,6,6,function,src/uigtk2.ml,createToplevelWindow:2647:5,2647,4238,843
max,3,halstead_unique_operands,Function Halstead Unique Operands,a81fc79f-6ea8-409c-8690-f034ab9400d8,BinaryAnalysisPlatform__bap (sample analysis: 10 samples),Ocaml,976f9520-4bd6-47d1-94b2-1bbad18f22e0,6,6,function,plugins/x86/x86_disasm.ml,parse_instr:25:5,25,1249,726
max,4,halstead_unique_operands,Function Halstead Unique Operands,a81fc79f-6ea8-409c-8690-f034ab9400d8,BinaryAnalysisPlatform__bap (sample analysis: 10 samples),Ocaml,976f9520-4bd6-47d1-94b2-1bbad18f22e0,6,6,function,plugins/x86/x86_lifter.ml,to_ir:276:11,276,1572,718
max,5,halstead_unique_operands,Function Halstead Unique Operands,08fc41ef-3162-4883-934f-1f96a9db7b1a,fastpack__fastpack (sample analysis: 10 samples),Ocaml,7c5ce3c7-954c-4afd-a097-50dd47b44c37,6,6,function,FastpackUtil/Printer.ml,print:277:5,277,1384,598
min,1,halstead_operators,Function Halstead Operators,069ad96b-3762-4b18-b863-c8f40f8d0442,AlistGo__alist (sample analysis: 10 samples),Golang,55dc5845-f9b7-4910-ba7c-5458166ed243,6,6,function,cmd/admin.go,init:86:6,86,100,1
min,2,halstead_operators,Function Halstead Operators,069ad96b-3762-4b18-b863-c8f40f8d0442,AlistGo__alist (sample analysis: 10 samples),Golang,55dc5845-f9b7-4910-ba7c-5458166ed243,6,6,function,cmd/cancel2FA.go,init:34:6,34,46,1
min,3,halstead_operators,Function Halstead Operators,069ad96b-3762-4b18-b863-c8f40f8d0442,AlistGo__alist (sample analysis: 10 samples),Golang,55dc5845-f9b7-4910-ba7c-5458166ed243,6,6,function,cmd/common.go,Init:15:6,15,21,1
min,4,halstead_operators,Function Halstead Operators,069ad96b-3762-4b18-b863-c8f40f8d0442,AlistGo__alist (sample analysis: 10 samples),Golang,55dc5845-f9b7-4910-ba7c-5458166ed243,6,6,function,cmd/common.go,Release:23:6,23,25,1
min,5,halstead_operators,Function Halstead Operators,069ad96b-3762-4b18-b863-c8f40f8d0442,AlistGo__alist (sample analysis: 10 samples),Golang,55dc5845-f9b7-4910-ba7c-5458166ed243,6,6,function,cmd/lang.go,init:149:6,149,161,1
max,1,halstead_operators,Function Halstead Operators,a81fc79f-6ea8-409c-8690-f034ab9400d8,BinaryAnalysisPlatform__bap (sample analysis: 10 samples),Ocaml,976f9520-4bd6-47d1-94b2-1bbad18f22e0,6,6,function,plugins/x86/x86_disasm.ml,parse_instr:25:5,25,1249,2809
max,2,halstead_operators,Function Halstead Operators,a81fc79f-6ea8-409c-8690-f034ab9400d8,BinaryAnalysisPlatform__bap (sample analysis: 10 samples),Ocaml,976f9520-4bd6-47d1-94b2-1bbad18f22e0,6,6,function,plugins/x86/x86_lifter.ml,to_ir:276:11,276,1572,2436
max,3,halstead_operators,Function Halstead Operators,729d4ded-b025-47be-ae9b-ed0561b8f9e6,bcpierce00__unison (sample analysis: 10 samples),Ocaml,a40edbea-3913-406d-8390-477ade7c4062,6,6,function,src/uigtk2.ml,createToplevelWindow:2647:5,2647,4238,2131
max,4,halstead_operators,Function Halstead Operators,e749ce64-7ffd-4d8c-a44a-47ef93013510,airbus-seclab__bincat (sample analysis: 10 samples),Ocaml,b206de20-be6e-4585-b11c-1336ffeae0ed,6,6,function,ocaml/src/npk/c2newspeak/typedC2Cir.ml,translate:883:13,883,914,1970
max,5,halstead_operators,Function Halstead Operators,e749ce64-7ffd-4d8c-a44a-47ef93013510,airbus-seclab__bincat (sample analysis: 10 samples),Ocaml,b206de20-be6e-4585-b11c-1336ffeae0ed,6,6,function,ocaml/src/npk/c2newspeak/typedC2Cir.ml,translate:771:9,771,776,1970
min,1,halstead_operands,Function Halstead Operands,069ad96b-3762-4b18-b863-c8f40f8d0442,AlistGo__alist (sample analysis: 10 samples),Golang,55dc5845-f9b7-4910-ba7c-5458166ed243,6,6,function,drivers/all.go,All:62:6,62,64,1
min,2,halstead_operands,Function Halstead Operands,e8c37d0d-f999-4ab0-9696-770ba31bbe18,gin-gonic__gin (sample analysis: 10 samples),Golang,58c53752-e561-4e0c-9dc3-2ddafc3f3050,6,6,function,utils_test.go,somefunction:92:6,92,94,1
min,3,halstead_operands,Function Halstead Operands,3e629e34-e52d-445d-9487-cfbcb29d77e8,junegunn__fzf (sample analysis: 10 samples),Golang,ebcafa6a-8828-4ea2-a23d-a295b89f90ea,6,6,function,src/protector/protector.go,Protect:6:6,6,8,1
min,4,halstead_operands,Function Halstead Operands,a81fc79f-6ea8-409c-8690-f034ab9400d8,BinaryAnalysisPlatform__bap (sample analysis: 10 samples),Ocaml,976f9520-4bd6-47d1-94b2-1bbad18f22e0,6,6,function,lib/monads/monads_monad.ml,zero:247:13,247,247,1
min,5,halstead_operands,Function Halstead Operands,a81fc79f-6ea8-409c-8690-f034ab9400d8,BinaryAnalysisPlatform__bap (sample analysis: 10 samples),Ocaml,976f9520-4bd6-47d1-94b2-1bbad18f22e0,6,6,function,lib/monads/monads_monad.ml,zero:257:13,257,257,1
max,1,halstead_operands,Function Halstead Operands,a81fc79f-6ea8-409c-8690-f034ab9400d8,BinaryAnalysisPlatform__bap (sample analysis: 10 samples),Ocaml,976f9520-4bd6-47d1-94b2-1bbad18f22e0,6,6,function,plugins/x86/x86_lifter.ml,to_ir:276:11,276,1572,4894
max,2,halstead_operands,Function Halstead Operands,a81fc79f-6ea8-409c-8690-f034ab9400d8,BinaryAnalysisPlatform__bap (sample analysis: 10 samples),Ocaml,976f9520-4bd6-47d1-94b2-1bbad18f22e0,6,6,function,plugins/x86/x86_disasm.ml,parse_instr:25:5,25,1249,4757
max,3,halstead_operands,Function Halstead Operands,e749ce64-7ffd-4d8c-a44a-47ef93013510,airbus-seclab__bincat (sample analysis: 10 samples),Ocaml,b206de20-be6e-4585-b11c-1336ffeae0ed,6,6,function,ocaml/src/npk/c2newspeak/typedC2Cir.ml,translate:883:13,883,914,3654
max,4,halstead_operands,Function Halstead Operands,e749ce64-7ffd-4d8c-a44a-47ef93013510,airbus-seclab__bincat (sample analysis: 10 samples),Ocaml,b206de20-be6e-4585-b11c-1336ffeae0ed,6,6,function,ocaml/src/npk/c2newspeak/typedC2Cir.ml,translate:771:9,771,776,3654
max,5,halstead_operands,Function Halstead Operands,e749ce64-7ffd-4d8c-a44a-47ef93013510,airbus-seclab__bincat (sample analysis: 10 samples),Ocaml,b206de20-be6e-4585-b11c-1336ffeae0ed,6,6,function,ocaml/src/npk/c2newspeak/typedC2Cir.ml,translate:735:9,735,762,3654
min,1,halstead_length,Function Halstead Length,069ad96b-3762-4b18-b863-c8f40f8d0442,AlistGo__alist (sample analysis: 10 samples),Golang,55dc5845-f9b7-4910-ba7c-5458166ed243,6,6,function,drivers/all.go,All:62:6,62,64,2
min,2,halstead_length,Function Halstead Length,e8c37d0d-f999-4ab0-9696-770ba31bbe18,gin-gonic__gin (sample analysis: 10 samples),Golang,58c53752-e561-4e0c-9dc3-2ddafc3f3050,6,6,function,utils_test.go,somefunction:92:6,92,94,2
min,3,halstead_length,Function Halstead Length,a81fc79f-6ea8-409c-8690-f034ab9400d8,BinaryAnalysisPlatform__bap (sample analysis: 10 samples),Ocaml,976f9520-4bd6-47d1-94b2-1bbad18f22e0,6,6,function,lib/monads/monads_monad.ml,zero:247:13,247,247,2
min,4,halstead_length,Function Halstead Length,a81fc79f-6ea8-409c-8690-f034ab9400d8,BinaryAnalysisPlatform__bap (sample analysis: 10 samples),Ocaml,976f9520-4bd6-47d1-94b2-1bbad18f22e0,6,6,function,lib/monads/monads_monad.ml,zero:257:13,257,257,2
min,5,halstead_length,Function Halstead Length,a81fc79f-6ea8-409c-8690-f034ab9400d8,BinaryAnalysisPlatform__bap (sample analysis: 10 samples),Ocaml,976f9520-4bd6-47d1-94b2-1bbad18f22e0,6,6,function,lib/monads/monads_monad.ml,zero:408:13,408,408,2
max,1,halstead_length,Function Halstead Length,a81fc79f-6ea8-409c-8690-f034ab9400d8,BinaryAnalysisPlatform__bap (sample analysis: 10 samples),Ocaml,976f9520-4bd6-47d1-94b2-1bbad18f22e0,6,6,function,plugins/x86/x86_disasm.ml,parse_instr:25:5,25,1249,7566
max,2,halstead_length,Function Halstead Length,a81fc79f-6ea8-409c-8690-f034ab9400d8,BinaryAnalysisPlatform__bap (sample analysis: 10 samples),Ocaml,976f9520-4bd6-47d1-94b2-1bbad18f22e0,6,6,function,plugins/x86/x86_lifter.ml,to_ir:276:11,276,1572,7330
max,3,halstead_length,Function Halstead Length,729d4ded-b025-47be-ae9b-ed0561b8f9e6,bcpierce00__unison (sample analysis: 10 samples),Ocaml,a40edbea-3913-406d-8390-477ade7c4062,6,6,function,src/uigtk2.ml,createToplevelWindow:2647:5,2647,4238,5717
max,4,halstead_length,Function Halstead Length,e749ce64-7ffd-4d8c-a44a-47ef93013510,airbus-seclab__bincat (sample analysis: 10 samples),Ocaml,b206de20-be6e-4585-b11c-1336ffeae0ed,6,6,function,ocaml/src/npk/c2newspeak/typedC2Cir.ml,translate:883:13,883,914,5624
max,5,halstead_length,Function Halstead Length,e749ce64-7ffd-4d8c-a44a-47ef93013510,airbus-seclab__bincat (sample analysis: 10 samples),Ocaml,b206de20-be6e-4585-b11c-1336ffeae0ed,6,6,function,ocaml/src/npk/c2newspeak/typedC2Cir.ml,translate:771:9,771,776,5624
min,1,halstead_vocabulary,Function Halstead Vocabulary,069ad96b-3762-4b18-b863-c8f40f8d0442,AlistGo__alist (sample analysis: 10 samples),Golang,55dc5845-f9b7-4910-ba7c-5458166ed243,6,6,function,drivers/all.go,All:62:6,62,64,2
min,2,halstead_vocabulary,Function Halstead Vocabulary,e8c37d0d-f999-4ab0-9696-770ba31bbe18,gin-gonic__gin (sample analysis: 10 samples),Golang,58c53752-e561-4e0c-9dc3-2ddafc3f3050,6,6,function,utils_test.go,somefunction:92:6,92,94,2
min,3,halstead_vocabulary,Function Halstead Vocabulary,a81fc79f-6ea8-409c-8690-f034ab9400d8,BinaryAnalysisPlatform__bap (sample analysis: 10 samples),Ocaml,976f9520-4bd6-47d1-94b2-1bbad18f22e0,6,6,function,lib/bap/bap_project.ml,state:367:5,367,367,2
min,4,halstead_vocabulary,Function Halstead Vocabulary,a81fc79f-6ea8-409c-8690-f034ab9400d8,BinaryAnalysisPlatform__bap (sample analysis: 10 samples),Ocaml,976f9520-4bd6-47d1-94b2-1bbad18f22e0,6,6,function,lib/bap/bap_project.ml,extra:709:7,709,709,2
min,5,halstead_vocabulary,Function Halstead Vocabulary,a81fc79f-6ea8-409c-8690-f034ab9400d8,BinaryAnalysisPlatform__bap (sample analysis: 10 samples),Ocaml,976f9520-4bd6-47d1-94b2-1bbad18f22e0,6,6,function,lib/bap_recipe/bap_recipe.ml,name:305:7,305,305,2
max,1,halstead_vocabulary,Function Halstead Vocabulary,e9d92337-e257-41dd-9d58-bc6f84121654,astrada__google-drive-ocamlfuse (sample analysis: 10 samples),Ocaml,ed2fdbb1-5153-4e0f-b6de-f44e3bb30533,6,6,function,src/mime.ml,map_filename_to_mime_type:3:5,3,778,1773
max,2,halstead_vocabulary,Function Halstead Vocabulary,729d4ded-b025-47be-ae9b-ed0561b8f9e6,bcpierce00__unison (sample analysis: 10 samples),Ocaml,a40edbea-3913-406d-8390-477ade7c4062,6,6,function,src/uigtk2.ml,createToplevelWindow:2647:5,2647,4238,893
max,3,halstead_vocabulary,Function Halstead Vocabulary,a81fc79f-6ea8-409c-8690-f034ab9400d8,BinaryAnalysisPlatform__bap (sample analysis: 10 samples),Ocaml,976f9520-4bd6-47d1-94b2-1bbad18f22e0,6,6,function,plugins/x86/x86_lifter.ml,to_ir:276:11,276,1572,771
max,4,halstead_vocabulary,Function Halstead Vocabulary,a81fc79f-6ea8-409c-8690-f034ab9400d8,BinaryAnalysisPlatform__bap (sample analysis: 10 samples),Ocaml,976f9520-4bd6-47d1-94b2-1bbad18f22e0,6,6,function,plugins/x86/x86_disasm.ml,parse_instr:25:5,25,1249,770
max,5,halstead_vocabulary,Function Halstead Vocabulary,08fc41ef-3162-4883-934f-1f96a9db7b1a,fastpack__fastpack (sample analysis: 10 samples),Ocaml,7c5ce3c7-954c-4afd-a097-50dd47b44c37,6,6,function,FastpackUtil/Printer.ml,print:277:5,277,1384,627
min,1,halstead_calculated_length,Function Halstead Calculated Length,069ad96b-3762-4b18-b863-c8f40f8d0442,AlistGo__alist (sample analysis: 10 samples),Golang,55dc5845-f9b7-4910-ba7c-5458166ed243,6,6,function,drivers/all.go,All:62:6,62,64,0
min,2,halstead_calculated_length,Function Halstead Calculated Length,e8c37d0d-f999-4ab0-9696-770ba31bbe18,gin-gonic__gin (sample analysis: 10 samples),Golang,58c53752-e561-4e0c-9dc3-2ddafc3f3050,6,6,function,utils_test.go,somefunction:92:6,92,94,0
min,3,halstead_calculated_length,Function Halstead Calculated Length,a81fc79f-6ea8-409c-8690-f034ab9400d8,BinaryAnalysisPlatform__bap (sample analysis: 10 samples),Ocaml,976f9520-4bd6-47d1-94b2-1bbad18f22e0,6,6,function,lib/bap/bap_project.ml,state:367:5,367,367,0
min,4,halstead_calculated_length,Function Halstead Calculated Length,a81fc79f-6ea8-409c-8690-f034ab9400d8,BinaryAnalysisPlatform__bap (sample analysis: 10 samples),Ocaml,976f9520-4bd6-47d1-94b2-1bbad18f22e0,6,6,function,lib/bap/bap_project.ml,extra:709:7,709,709,0
min,5,halstead_calculated_length,Function Halstead Calculated Length,a81fc79f-6ea8-409c-8690-f034ab9400d8,BinaryAnalysisPlatform__bap (sample analysis: 10 samples),Ocaml,976f9520-4bd6-47d1-94b2-1bbad18f22e0,6,6,function,lib/bap_recipe/bap_recipe.ml,name:305:7,305,305,0
max,1,halstead_calculated_length,Function Halstead Calculated Length,e9d92337-e257-41dd-9d58-bc6f84121654,astrada__google-drive-ocamlfuse (sample analysis: 10 samples),Ocaml,ed2fdbb1-5153-4e0f-b6de-f44e3bb30533,6,6,function,src/mime.ml,map_filename_to_mime_type:3:5,3,778,19052.625192576448
max,2,halstead_calculated_length,Function Halstead Calculated Length,729d4ded-b025-47be-ae9b-ed0561b8f9e6,bcpierce00__unison (sample analysis: 10 samples),Ocaml,a40edbea-3913-406d-8390-477ade7c4062,6,6,function,src/uigtk2.ml,createToplevelWindow:2647:5,2647,4238,8475.63758554291
max,3,halstead_calculated_length,Function Halstead Calculated Length,a81fc79f-6ea8-409c-8690-f034ab9400d8,BinaryAnalysisPlatform__bap (sample analysis: 10 samples),Ocaml,976f9520-4bd6-47d1-94b2-1bbad18f22e0,6,6,function,plugins/x86/x86_disasm.ml,parse_instr:25:5,25,1249,7139.9924770049565
max,4,halstead_calculated_length,Function Halstead Calculated Length,a81fc79f-6ea8-409c-8690-f034ab9400d8,BinaryAnalysisPlatform__bap (sample analysis: 10 samples),Ocaml,976f9520-4bd6-47d1-94b2-1bbad18f22e0,6,6,function,plugins/x86/x86_lifter.ml,to_ir:276:11,276,1572,7115.8489283768
max,5,halstead_calculated_length,Function Halstead Calculated Length,08fc41ef-3162-4883-934f-1f96a9db7b1a,fastpack__fastpack (sample analysis: 10 samples),Ocaml,7c5ce3c7-954c-4afd-a097-50dd47b44c37,6,6,function,FastpackUtil/Printer.ml,print:277:5,277,1384,5656.834450029166
min,1,halstead_volume,Function Halstead Volume,069ad96b-3762-4b18-b863-c8f40f8d0442,AlistGo__alist (sample analysis: 10 samples),Golang,55dc5845-f9b7-4910-ba7c-5458166ed243,6,6,function,drivers/all.go,All:62:6,62,64,2
min,2,halstead_volume,Function Halstead Volume,e8c37d0d-f999-4ab0-9696-770ba31bbe18,gin-gonic__gin (sample analysis: 10 samples),Golang,58c53752-e561-4e0c-9dc3-2ddafc3f3050,6,6,function,utils_test.go,somefunction:92:6,92,94,2
min,3,halstead_volume,Function Halstead Volume,a81fc79f-6ea8-409c-8690-f034ab9400d8,BinaryAnalysisPlatform__bap (sample analysis: 10 samples),Ocaml,976f9520-4bd6-47d1-94b2-1bbad18f22e0,6,6,function,lib/monads/monads_monad.ml,zero:247:13,247,247,2
min,4,halstead_volume,Function Halstead Volume,a81fc79f-6ea8-409c-8690-f034ab9400d8,BinaryAnalysisPlatform__bap (sample analysis: 10 samples),Ocaml,976f9520-4bd6-47d1-94b2-1bbad18f22e0,6,6,function,lib/monads/monads_monad.ml,zero:257:13,257,257,2
min,5,halstead_volume,Function Halstead Volume,a81fc79f-6ea8-409c-8690-f034ab9400d8,BinaryAnalysisPlatform__bap (sample analysis: 10 samples),Ocaml,976f9520-4bd6-47d1-94b2-1bbad18f22e0,6,6,function,lib/monads/monads_monad.ml,zero:408:13,408,408,2
max,1,halstead_volume,Function Halstead Volume,a81fc79f-6ea8-409c-8690-f034ab9400d8,BinaryAnalysisPlatform__bap (sample analysis: 10 samples),Ocaml,976f9520-4bd6-47d1-94b2-1bbad18f22e0,6,6,function,plugins/x86/x86_disasm.ml,parse_instr:25:5,25,1249,72548.2149328154
max,2,halstead_volume,Function Halstead Volume,a81fc79f-6ea8-409c-8690-f034ab9400d8,BinaryAnalysisPlatform__bap (sample analysis: 10 samples),Ocaml,976f9520-4bd6-47d1-94b2-1bbad18f22e0,6,6,function,plugins/x86/x86_lifter.ml,to_ir:276:11,276,1572,70299.0030758772
max,3,halstead_volume,Function Halstead Volume,729d4ded-b025-47be-ae9b-ed0561b8f9e6,bcpierce00__unison (sample analysis: 10 samples),Ocaml,a40edbea-3913-406d-8390-477ade7c4062,6,6,function,src/uigtk2.ml,createToplevelWindow:2647:5,2647,4238,56040.986059398034
max,4,halstead_volume,Function Halstead Volume,e749ce64-7ffd-4d8c-a44a-47ef93013510,airbus-seclab__bincat (sample analysis: 10 samples),Ocaml,b206de20-be6e-4585-b11c-1336ffeae0ed,6,6,function,ocaml/src/npk/c2newspeak/typedC2Cir.ml,translate:883:13,883,914,50504.30498464262
max,5,halstead_volume,Function Halstead Volume,e749ce64-7ffd-4d8c-a44a-47ef93013510,airbus-seclab__bincat (sample analysis: 10 samples),Ocaml,b206de20-be6e-4585-b11c-1336ffeae0ed,6,6,function,ocaml/src/npk/c2newspeak/typedC2Cir.ml,translate:771:9,771,776,50504.30498464262
min,1,halstead_difficulty,Function Halstead Difficulty,069ad96b-3762-4b18-b863-c8f40f8d0442,AlistGo__alist (sample analysis: 10 samples),Golang,55dc5845-f9b7-4910-ba7c-5458166ed243,6,6,function,cmd/cancel2FA.go,init:34:6,34,46,0.5
min,2,halstead_difficulty,Function Halstead Difficulty,069ad96b-3762-4b18-b863-c8f40f8d0442,AlistGo__alist (sample analysis: 10 samples),Golang,55dc5845-f9b7-4910-ba7c-5458166ed243,6,6,function,cmd/common.go,Release:23:6,23,25,0.5
min,3,halstead_difficulty,Function Halstead Difficulty,069ad96b-3762-4b18-b863-c8f40f8d0442,AlistGo__alist (sample analysis: 10 samples),Golang,55dc5845-f9b7-4910-ba7c-5458166ed243,6,6,function,cmd/lang.go,init:149:6,149,161,0.5
min,4,halstead_difficulty,Function Halstead Difficulty,069ad96b-3762-4b18-b863-c8f40f8d0442,AlistGo__alist (sample analysis: 10 samples),Golang,55dc5845-f9b7-4910-ba7c-5458166ed243,6,6,function,cmd/restart.go,init:20:6,20,32,0.5
min,5,halstead_difficulty,Function Halstead Difficulty,069ad96b-3762-4b18-b863-c8f40f8d0442,AlistGo__alist (sample analysis: 10 samples),Golang,55dc5845-f9b7-4910-ba7c-5458166ed243,6,6,function,cmd/server.go,init:160:6,160,172,0.5
max,1,halstead_difficulty,Function Halstead Difficulty,a81fc79f-6ea8-409c-8690-f034ab9400d8,BinaryAnalysisPlatform__bap (sample analysis: 10 samples),Ocaml,976f9520-4bd6-47d1-94b2-1bbad18f22e0,6,6,function,plugins/x86/x86_lifter.ml,to_ir:276:11,276,1572,180.62813370473538
max,2,halstead_difficulty,Function Halstead Difficulty,e749ce64-7ffd-4d8c-a44a-47ef93013510,airbus-seclab__bincat (sample analysis: 10 samples),Ocaml,b206de20-be6e-4585-b11c-1336ffeae0ed,6,6,function,ocaml/src/npk/c2newspeak/typedC2Cir.ml,translate:883:13,883,914,165.73218142548598
max,3,halstead_difficulty,Function Halstead Difficulty,e749ce64-7ffd-4d8c-a44a-47ef93013510,airbus-seclab__bincat (sample analysis: 10 samples),Ocaml,b206de20-be6e-4585-b11c-1336ffeae0ed,6,6,function,ocaml/src/npk/c2newspeak/typedC2Cir.ml,translate:771:9,771,776,165.73218142548598
max,4,halstead_difficulty,Function Halstead Difficulty,e749ce64-7ffd-4d8c-a44a-47ef93013510,airbus-seclab__bincat (sample analysis: 10 samples),Ocaml,b206de20-be6e-4585-b11c-1336ffeae0ed,6,6,function,ocaml/src/npk/c2newspeak/typedC2Cir.ml,translate:735:9,735,762,165.73218142548598
max,5,halstead_difficulty,Function Halstead Difficulty,e749ce64-7ffd-4d8c-a44a-47ef93013510,airbus-seclab__bincat (sample analysis: 10 samples),Ocaml,b206de20-be6e-4585-b11c-1336ffeae0ed,6,6,function,ocaml/src/npk/c2newspeak/typedC2Cir.ml,translate:554:11,554,563,165.73218142548598
min,1,halstead_effort,Function Halstead Effort,069ad96b-3762-4b18-b863-c8f40f8d0442,AlistGo__alist (sample analysis: 10 samples),Golang,55dc5845-f9b7-4910-ba7c-5458166ed243,6,6,function,drivers/all.go,All:62:6,62,64,1
min,2,halstead_effort,Function Halstead Effort,e8c37d0d-f999-4ab0-9696-770ba31bbe18,gin-gonic__gin (sample analysis: 10 samples),Golang,58c53752-e561-4e0c-9dc3-2ddafc3f3050,6,6,function,utils_test.go,somefunction:92:6,92,94,1
min,3,halstead_effort,Function Halstead Effort,a81fc79f-6ea8-409c-8690-f034ab9400d8,BinaryAnalysisPlatform__bap (sample analysis: 10 samples),Ocaml,976f9520-4bd6-47d1-94b2-1bbad18f22e0,6,6,function,lib/monads/monads_monad.ml,zero:247:13,247,247,1
min,4,halstead_effort,Function Halstead Effort,a81fc79f-6ea8-409c-8690-f034ab9400d8,BinaryAnalysisPlatform__bap (sample analysis: 10 samples),Ocaml,976f9520-4bd6-47d1-94b2-1bbad18f22e0,6,6,function,lib/monads/monads_monad.ml,zero:257:13,257,257,1
min,5,halstead_effort,Function Halstead Effort,a81fc79f-6ea8-409c-8690-f034ab9400d8,BinaryAnalysisPlatform__bap (sample analysis: 10 samples),Ocaml,976f9520-4bd6-47d1-94b2-1bbad18f22e0,6,6,function,lib/monads/monads_monad.ml,zero:408:13,408,408,1
max,1,halstead_effort,Function Halstead Effort,a81fc79f-6ea8-409c-8690-f034ab9400d8,BinaryAnalysisPlatform__bap (sample analysis: 10 samples),Ocaml,976f9520-4bd6-47d1-94b2-1bbad18f22e0,6,6,function,plugins/x86/x86_lifter.ml,to_ir:276:11,276,1572,12697977.72689915
max,2,halstead_effort,Function Halstead Effort,a81fc79f-6ea8-409c-8690-f034ab9400d8,BinaryAnalysisPlatform__bap (sample analysis: 10 samples),Ocaml,976f9520-4bd6-47d1-94b2-1bbad18f22e0,6,6,function,plugins/x86/x86_disasm.ml,parse_instr:25:5,25,1249,10457935.104103118
max,3,halstead_effort,Function Halstead Effort,e749ce64-7ffd-4d8c-a44a-47ef93013510,airbus-seclab__bincat (sample analysis: 10 samples),Ocaml,b206de20-be6e-4585-b11c-1336ffeae0ed,6,6,function,ocaml/src/npk/c2newspeak/typedC2Cir.ml,translate:883:13,883,914,8370188.6364828665
max,4,halstead_effort,Function Halstead Effort,e749ce64-7ffd-4d8c-a44a-47ef93013510,airbus-seclab__bincat (sample analysis: 10 samples),Ocaml,b206de20-be6e-4585-b11c-1336ffeae0ed,6,6,function,ocaml/src/npk/c2newspeak/typedC2Cir.ml,translate:771:9,771,776,8370188.6364828665
max,5,halstead_effort,Function Halstead Effort,e749ce64-7ffd-4d8c-a44a-47ef93013510,airbus-seclab__bincat (sample analysis: 10 samples),Ocaml,b206de20-be6e-4585-b11c-1336ffeae0ed,6,6,function,ocaml/src/npk/c2newspeak/typedC2Cir.ml,translate:735:9,735,762,8370188.6364828665
min,1,halstead_time_seconds,Function Halstead Time Seconds,069ad96b-3762-4b18-b863-c8f40f8d0442,AlistGo__alist (sample analysis: 10 samples),Golang,55dc5845-f9b7-4910-ba7c-5458166ed243,6,6,function,drivers/all.go,All:62:6,62,64,0.05555555555555555
min,2,halstead_time_seconds,Function Halstead Time Seconds,e8c37d0d-f999-4ab0-9696-770ba31bbe18,gin-gonic__gin (sample analysis: 10 samples),Golang,58c53752-e561-4e0c-9dc3-2ddafc3f3050,6,6,function,utils_test.go,somefunction:92:6,92,94,0.05555555555555555
min,3,halstead_time_seconds,Function Halstead Time Seconds,a81fc79f-6ea8-409c-8690-f034ab9400d8,BinaryAnalysisPlatform__bap (sample analysis: 10 samples),Ocaml,976f9520-4bd6-47d1-94b2-1bbad18f22e0,6,6,function,lib/monads/monads_monad.ml,zero:247:13,247,247,0.05555555555555555
min,4,halstead_time_seconds,Function Halstead Time Seconds,a81fc79f-6ea8-409c-8690-f034ab9400d8,BinaryAnalysisPlatform__bap (sample analysis: 10 samples),Ocaml,976f9520-4bd6-47d1-94b2-1bbad18f22e0,6,6,function,lib/monads/monads_monad.ml,zero:257:13,257,257,0.05555555555555555
min,5,halstead_time_seconds,Function Halstead Time Seconds,a81fc79f-6ea8-409c-8690-f034ab9400d8,BinaryAnalysisPlatform__bap (sample analysis: 10 samples),Ocaml,976f9520-4bd6-47d1-94b2-1bbad18f22e0,6,6,function,lib/monads/monads_monad.ml,zero:408:13,408,408,0.05555555555555555
max,1,halstead_time_seconds,Function Halstead Time Seconds,a81fc79f-6ea8-409c-8690-f034ab9400d8,BinaryAnalysisPlatform__bap (sample analysis: 10 samples),Ocaml,976f9520-4bd6-47d1-94b2-1bbad18f22e0,6,6,function,plugins/x86/x86_lifter.ml,to_ir:276:11,276,1572,705443.2070499528
max,2,halstead_time_seconds,Function Halstead Time Seconds,a81fc79f-6ea8-409c-8690-f034ab9400d8,BinaryAnalysisPlatform__bap (sample analysis: 10 samples),Ocaml,976f9520-4bd6-47d1-94b2-1bbad18f22e0,6,6,function,plugins/x86/x86_disasm.ml,parse_instr:25:5,25,1249,580996.3946723954
max,3,halstead_time_seconds,Function Halstead Time Seconds,e749ce64-7ffd-4d8c-a44a-47ef93013510,airbus-seclab__bincat (sample analysis: 10 samples),Ocaml,b206de20-be6e-4585-b11c-1336ffeae0ed,6,6,function,ocaml/src/npk/c2newspeak/typedC2Cir.ml,translate:883:13,883,914,465010.4798046037
max,4,halstead_time_seconds,Function Halstead Time Seconds,e749ce64-7ffd-4d8c-a44a-47ef93013510,airbus-seclab__bincat (sample analysis: 10 samples),Ocaml,b206de20-be6e-4585-b11c-1336ffeae0ed,6,6,function,ocaml/src/npk/c2newspeak/typedC2Cir.ml,translate:771:9,771,776,465010.4798046037
max,5,halstead_time_seconds,Function Halstead Time Seconds,e749ce64-7ffd-4d8c-a44a-47ef93013510,airbus-seclab__bincat (sample analysis: 10 samples),Ocaml,b206de20-be6e-4585-b11c-1336ffeae0ed,6,6,function,ocaml/src/npk/c2newspeak/typedC2Cir.ml,translate:735:9,735,762,465010.4798046037
min,1,halstead_bugs,Function Halstead Bugs,069ad96b-3762-4b18-b863-c8f40f8d0442,AlistGo__alist (sample analysis: 10 samples),Golang,55dc5845-f9b7-4910-ba7c-5458166ed243,6,6,function,drivers/all.go,All:62:6,62,64,0.0006666666666666666
min,2,halstead_bugs,Function Halstead Bugs,e8c37d0d-f999-4ab0-9696-770ba31bbe18,gin-gonic__gin (sample analysis: 10 samples),Golang,58c53752-e561-4e0c-9dc3-2ddafc3f3050,6,6,function,utils_test.go,somefunction:92:6,92,94,0.0006666666666666666
min,3,halstead_bugs,Function Halstead Bugs,a81fc79f-6ea8-409c-8690-f034ab9400d8,BinaryAnalysisPlatform__bap (sample analysis: 10 samples),Ocaml,976f9520-4bd6-47d1-94b2-1bbad18f22e0,6,6,function,lib/monads/monads_monad.ml,zero:247:13,247,247,0.0006666666666666666
min,4,halstead_bugs,Function Halstead Bugs,a81fc79f-6ea8-409c-8690-f034ab9400d8,BinaryAnalysisPlatform__bap (sample analysis: 10 samples),Ocaml,976f9520-4bd6-47d1-94b2-1bbad18f22e0,6,6,function,lib/monads/monads_monad.ml,zero:257:13,257,257,0.0006666666666666666
min,5,halstead_bugs,Function Halstead Bugs,a81fc79f-6ea8-409c-8690-f034ab9400d8,BinaryAnalysisPlatform__bap (sample analysis: 10 samples),Ocaml,976f9520-4bd6-47d1-94b2-1bbad18f22e0,6,6,function,lib/monads/monads_monad.ml,zero:408:13,408,408,0.0006666666666666666
max,1,halstead_bugs,Function Halstead Bugs,a81fc79f-6ea8-409c-8690-f034ab9400d8,BinaryAnalysisPlatform__bap (sample analysis: 10 samples),Ocaml,976f9520-4bd6-47d1-94b2-1bbad18f22e0,6,6,function,plugins/x86/x86_disasm.ml,parse_instr:25:5,25,1249,24.18273831093847
max,2,halstead_bugs,Function Halstead Bugs,a81fc79f-6ea8-409c-8690-f034ab9400d8,BinaryAnalysisPlatform__bap (sample analysis: 10 samples),Ocaml,976f9520-4bd6-47d1-94b2-1bbad18f22e0,6,6,function,plugins/x86/x86_lifter.ml,to_ir:276:11,276,1572,23.433001025292402
max,3,halstead_bugs,Function Halstead Bugs,729d4ded-b025-47be-ae9b-ed0561b8f9e6,bcpierce00__unison (sample analysis: 10 samples),Ocaml,a40edbea-3913-406d-8390-477ade7c4062,6,6,function,src/uigtk2.ml,createToplevelWindow:2647:5,2647,4238,18.680328686466012
max,4,halstead_bugs,Function Halstead Bugs,e749ce64-7ffd-4d8c-a44a-47ef93013510,airbus-seclab__bincat (sample analysis: 10 samples),Ocaml,b206de20-be6e-4585-b11c-1336ffeae0ed,6,6,function,ocaml/src/npk/c2newspeak/typedC2Cir.ml,translate:883:13,883,914,16.834768328214206
max,5,halstead_bugs,Function Halstead Bugs,e749ce64-7ffd-4d8c-a44a-47ef93013510,airbus-seclab__bincat (sample analysis: 10 samples),Ocaml,b206de20-be6e-4585-b11c-1336ffeae0ed,6,6,function,ocaml/src/npk/c2newspeak/typedC2Cir.ml,translate:771:9,771,776,16.834768328214206
