extreme,rank,metric_key,metric_label,codebase_id,codebase_name,programming_language,version_id,version_number,sample_number,metric_level,file_path,function_name,function_start_line,function_end_line,value
min,1,lines_of_code,Lines Of Code/File,a81fc79f-6ea8-409c-8690-f034ab9400d8,BinaryAnalysisPlatform__bap (sample analysis: 10 samples),Ocaml,e29426e0-5415-4dd3-a222-8d42b2fa69fe,5,5,file,lib/bap/bap_init_toplevel.mli,,,,0
min,2,lines_of_code,Lines Of Code/File,a81fc79f-6ea8-409c-8690-f034ab9400d8,BinaryAnalysisPlatform__bap (sample analysis: 10 samples),Ocaml,e29426e0-5415-4dd3-a222-8d42b2fa69fe,5,5,file,lib/bap_api/bap_api_attr.ml,,,,0
min,3,lines_of_code,Lines Of Code/File,a81fc79f-6ea8-409c-8690-f034ab9400d8,BinaryAnalysisPlatform__bap (sample analysis: 10 samples),Ocaml,e29426e0-5415-4dd3-a222-8d42b2fa69fe,5,5,file,lib/bap_api/bap_api_attr.mli,,,,0
min,4,lines_of_code,Lines Of Code/File,a81fc79f-6ea8-409c-8690-f034ab9400d8,BinaryAnalysisPlatform__bap (sample analysis: 10 samples),Ocaml,e29426e0-5415-4dd3-a222-8d42b2fa69fe,5,5,file,plugins/beagle/beagle_main.mli,,,,0
min,5,lines_of_code,Lines Of Code/File,a81fc79f-6ea8-409c-8690-f034ab9400d8,BinaryAnalysisPlatform__bap (sample analysis: 10 samples),Ocaml,e29426e0-5415-4dd3-a222-8d42b2fa69fe,5,5,file,plugins/cxxfilt/cxxfilt_main.mli,,,,0
max,1,lines_of_code,Lines Of Code/File,a81fc79f-6ea8-409c-8690-f034ab9400d8,BinaryAnalysisPlatform__bap (sample analysis: 10 samples),Ocaml,e29426e0-5415-4dd3-a222-8d42b2fa69fe,5,5,file,lib/bap/bap.mli,,,,9251
max,2,lines_of_code,Lines Of Code/File,729d4ded-b025-47be-ae9b-ed0561b8f9e6,bcpierce00__unison (sample analysis: 10 samples),Ocaml,ebd72262-10d0-4975-877c-e775f90f97c5,5,5,file,src/strings.ml,,,,4484
max,3,lines_of_code,Lines Of Code/File,729d4ded-b025-47be-ae9b-ed0561b8f9e6,bcpierce00__unison (sample analysis: 10 samples),Ocaml,ebd72262-10d0-4975-877c-e775f90f97c5,5,5,file,src/uigtk2.ml,,,,4312
max,4,lines_of_code,Lines Of Code/File,a81fc79f-6ea8-409c-8690-f034ab9400d8,BinaryAnalysisPlatform__bap (sample analysis: 10 samples),Ocaml,e29426e0-5415-4dd3-a222-8d42b2fa69fe,5,5,file,lib/bap_core_theory/bap_core_theory.mli,,,,3215
max,5,lines_of_code,Lines Of Code/File,e749ce64-7ffd-4d8c-a44a-47ef93013510,airbus-seclab__bincat (sample analysis: 10 samples),Ocaml,1f6ce7d6-c1f5-4741-b9d7-720340d1296d,5,5,file,ocaml/src/disassembly/core_x86.ml,,,,3073
min,1,effective_lines_of_code_with_brackets,Effective LOC With Brackets/File,e8c37d0d-f999-4ab0-9696-770ba31bbe18,gin-gonic__gin (sample analysis: 10 samples),Golang,254e980c-3a56-4027-98f0-4227ed4866aa,5,5,file,doc.go,,,,0
min,2,effective_lines_of_code_with_brackets,Effective LOC With Brackets/File,a81fc79f-6ea8-409c-8690-f034ab9400d8,BinaryAnalysisPlatform__bap (sample analysis: 10 samples),Ocaml,e29426e0-5415-4dd3-a222-8d42b2fa69fe,5,5,file,lib/bap/bap_init_toplevel.mli,,,,0
min,3,effective_lines_of_code_with_brackets,Effective LOC With Brackets/File,a81fc79f-6ea8-409c-8690-f034ab9400d8,BinaryAnalysisPlatform__bap (sample analysis: 10 samples),Ocaml,e29426e0-5415-4dd3-a222-8d42b2fa69fe,5,5,file,lib/bap_api/bap_api_attr.ml,,,,0
min,4,effective_lines_of_code_with_brackets,Effective LOC With Brackets/File,a81fc79f-6ea8-409c-8690-f034ab9400d8,BinaryAnalysisPlatform__bap (sample analysis: 10 samples),Ocaml,e29426e0-5415-4dd3-a222-8d42b2fa69fe,5,5,file,lib/bap_api/bap_api_attr.mli,,,,0
min,5,effective_lines_of_code_with_brackets,Effective LOC With Brackets/File,a81fc79f-6ea8-409c-8690-f034ab9400d8,BinaryAnalysisPlatform__bap (sample analysis: 10 samples),Ocaml,e29426e0-5415-4dd3-a222-8d42b2fa69fe,5,5,file,lib/bap_language/bap_language.mli,,,,0
max,1,effective_lines_of_code_with_brackets,Effective LOC With Brackets/File,729d4ded-b025-47be-ae9b-ed0561b8f9e6,bcpierce00__unison (sample analysis: 10 samples),Ocaml,ebd72262-10d0-4975-877c-e775f90f97c5,5,5,file,src/strings.ml,,,,4480
max,2,effective_lines_of_code_with_brackets,Effective LOC With Brackets/File,729d4ded-b025-47be-ae9b-ed0561b8f9e6,bcpierce00__unison (sample analysis: 10 samples),Ocaml,ebd72262-10d0-4975-877c-e775f90f97c5,5,5,file,src/uigtk2.ml,,,,3525
max,3,effective_lines_of_code_with_brackets,Effective LOC With Brackets/File,e9d92337-e257-41dd-9d58-bc6f84121654,astrada__google-drive-ocamlfuse (sample analysis: 10 samples),Ocaml,9758bb80-9a74-4ba7-a4f1-9d730eab79d6,5,5,file,src/drive.ml,,,,2400
max,4,effective_lines_of_code_with_brackets,Effective LOC With Brackets/File,e749ce64-7ffd-4d8c-a44a-47ef93013510,airbus-seclab__bincat (sample analysis: 10 samples),Ocaml,1f6ce7d6-c1f5-4741-b9d7-720340d1296d,5,5,file,ocaml/src/disassembly/core_x86.ml,,,,2384
max,5,effective_lines_of_code_with_brackets,Effective LOC With Brackets/File,a81fc79f-6ea8-409c-8690-f034ab9400d8,BinaryAnalysisPlatform__bap (sample analysis: 10 samples),Ocaml,e29426e0-5415-4dd3-a222-8d42b2fa69fe,5,5,file,lib/knowledge/bap_knowledge.ml,,,,2118
min,1,effective_lines_of_code,Effective LOC/File,e8c37d0d-f999-4ab0-9696-770ba31bbe18,gin-gonic__gin (sample analysis: 10 samples),Golang,254e980c-3a56-4027-98f0-4227ed4866aa,5,5,file,doc.go,,,,0
min,2,effective_lines_of_code,Effective LOC/File,a81fc79f-6ea8-409c-8690-f034ab9400d8,BinaryAnalysisPlatform__bap (sample analysis: 10 samples),Ocaml,e29426e0-5415-4dd3-a222-8d42b2fa69fe,5,5,file,lib/bap/bap_init_toplevel.mli,,,,0
min,3,effective_lines_of_code,Effective LOC/File,a81fc79f-6ea8-409c-8690-f034ab9400d8,BinaryAnalysisPlatform__bap (sample analysis: 10 samples),Ocaml,e29426e0-5415-4dd3-a222-8d42b2fa69fe,5,5,file,lib/bap_api/bap_api_attr.ml,,,,0
min,4,effective_lines_of_code,Effective LOC/File,a81fc79f-6ea8-409c-8690-f034ab9400d8,BinaryAnalysisPlatform__bap (sample analysis: 10 samples),Ocaml,e29426e0-5415-4dd3-a222-8d42b2fa69fe,5,5,file,lib/bap_api/bap_api_attr.mli,,,,0
min,5,effective_lines_of_code,Effective LOC/File,a81fc79f-6ea8-409c-8690-f034ab9400d8,BinaryAnalysisPlatform__bap (sample analysis: 10 samples),Ocaml,e29426e0-5415-4dd3-a222-8d42b2fa69fe,5,5,file,lib/bap_language/bap_language.mli,,,,0
max,1,effective_lines_of_code,Effective LOC/File,729d4ded-b025-47be-ae9b-ed0561b8f9e6,bcpierce00__unison (sample analysis: 10 samples),Ocaml,ebd72262-10d0-4975-877c-e775f90f97c5,5,5,file,src/strings.ml,,,,4480
max,2,effective_lines_of_code,Effective LOC/File,729d4ded-b025-47be-ae9b-ed0561b8f9e6,bcpierce00__unison (sample analysis: 10 samples),Ocaml,ebd72262-10d0-4975-877c-e775f90f97c5,5,5,file,src/uigtk2.ml,,,,3525
max,3,effective_lines_of_code,Effective LOC/File,e9d92337-e257-41dd-9d58-bc6f84121654,astrada__google-drive-ocamlfuse (sample analysis: 10 samples),Ocaml,9758bb80-9a74-4ba7-a4f1-9d730eab79d6,5,5,file,src/drive.ml,,,,2380
max,4,effective_lines_of_code,Effective LOC/File,e749ce64-7ffd-4d8c-a44a-47ef93013510,airbus-seclab__bincat (sample analysis: 10 samples),Ocaml,1f6ce7d6-c1f5-4741-b9d7-720340d1296d,5,5,file,ocaml/src/disassembly/core_x86.ml,,,,2340
max,5,effective_lines_of_code,Effective LOC/File,a81fc79f-6ea8-409c-8690-f034ab9400d8,BinaryAnalysisPlatform__bap (sample analysis: 10 samples),Ocaml,e29426e0-5415-4dd3-a222-8d42b2fa69fe,5,5,file,lib/knowledge/bap_knowledge.ml,,,,2078
min,1,comment_lines_of_code,Comment LOC/File,069ad96b-3762-4b18-b863-c8f40f8d0442,AlistGo__alist (sample analysis: 10 samples),Golang,8fbff1ed-ea25-4665-b0d2-e29807c1d1de,5,5,file,cmd/common.go,,,,0
min,2,comment_lines_of_code,Comment LOC/File,069ad96b-3762-4b18-b863-c8f40f8d0442,AlistGo__alist (sample analysis: 10 samples),Golang,8fbff1ed-ea25-4665-b0d2-e29807c1d1de,5,5,file,cmd/flags/config.go,,,,0
min,3,comment_lines_of_code,Comment LOC/File,069ad96b-3762-4b18-b863-c8f40f8d0442,AlistGo__alist (sample analysis: 10 samples),Golang,8fbff1ed-ea25-4665-b0d2-e29807c1d1de,5,5,file,cmd/root.go,,,,0
min,4,comment_lines_of_code,Comment LOC/File,069ad96b-3762-4b18-b863-c8f40f8d0442,AlistGo__alist (sample analysis: 10 samples),Golang,8fbff1ed-ea25-4665-b0d2-e29807c1d1de,5,5,file,cmd/user.go,,,,0
min,5,comment_lines_of_code,Comment LOC/File,069ad96b-3762-4b18-b863-c8f40f8d0442,AlistGo__alist (sample analysis: 10 samples),Golang,8fbff1ed-ea25-4665-b0d2-e29807c1d1de,5,5,file,drivers/115/types.go,,,,0
max,1,comment_lines_of_code,Comment LOC/File,a81fc79f-6ea8-409c-8690-f034ab9400d8,BinaryAnalysisPlatform__bap (sample analysis: 10 samples),Ocaml,e29426e0-5415-4dd3-a222-8d42b2fa69fe,5,5,file,lib/bap/bap.mli,,,,5313
max,2,comment_lines_of_code,Comment LOC/File,a81fc79f-6ea8-409c-8690-f034ab9400d8,BinaryAnalysisPlatform__bap (sample analysis: 10 samples),Ocaml,e29426e0-5415-4dd3-a222-8d42b2fa69fe,5,5,file,lib/bap_core_theory/bap_core_theory.mli,,,,1962
max,3,comment_lines_of_code,Comment LOC/File,a81fc79f-6ea8-409c-8690-f034ab9400d8,BinaryAnalysisPlatform__bap (sample analysis: 10 samples),Ocaml,e29426e0-5415-4dd3-a222-8d42b2fa69fe,5,5,file,lib/bap_primus/bap_primus.mli,,,,1761
max,4,comment_lines_of_code,Comment LOC/File,27c2b119-0bb1-44ad-8d53-458f0cca57e7,camlworks__dream (sample analysis: 10 samples),Ocaml,a6096713-4b20-41d3-99d3-2936b0d88243,5,5,file,src/dream.mli,,,,1719
max,5,comment_lines_of_code,Comment LOC/File,27c2b119-0bb1-44ad-8d53-458f0cca57e7,camlworks__dream (sample analysis: 10 samples),Ocaml,a6096713-4b20-41d3-99d3-2936b0d88243,5,5,file,src/mirage/mirage.mli,,,,1425
min,1,bracket_lines_of_code,Bracket LOC/File,069ad96b-3762-4b18-b863-c8f40f8d0442,AlistGo__alist (sample analysis: 10 samples),Golang,8fbff1ed-ea25-4665-b0d2-e29807c1d1de,5,5,file,drivers/alias/types.go,,,,0
min,2,bracket_lines_of_code,Bracket LOC/File,069ad96b-3762-4b18-b863-c8f40f8d0442,AlistGo__alist (sample analysis: 10 samples),Golang,8fbff1ed-ea25-4665-b0d2-e29807c1d1de,5,5,file,drivers/alist_v2/util.go,,,,0
min,3,bracket_lines_of_code,Bracket LOC/File,069ad96b-3762-4b18-b863-c8f40f8d0442,AlistGo__alist (sample analysis: 10 samples),Golang,8fbff1ed-ea25-4665-b0d2-e29807c1d1de,5,5,file,drivers/baidu_share/types.go,,,,0
min,4,bracket_lines_of_code,Bracket LOC/File,069ad96b-3762-4b18-b863-c8f40f8d0442,AlistGo__alist (sample analysis: 10 samples),Golang,8fbff1ed-ea25-4665-b0d2-e29807c1d1de,5,5,file,drivers/baidu_share/util.go,,,,0
min,5,bracket_lines_of_code,Bracket LOC/File,069ad96b-3762-4b18-b863-c8f40f8d0442,AlistGo__alist (sample analysis: 10 samples),Golang,8fbff1ed-ea25-4665-b0d2-e29807c1d1de,5,5,file,drivers/base/util.go,,,,0
max,1,bracket_lines_of_code,Bracket LOC/File,24cc32f1-80f1-40da-9ad5-e2285210d73d,router-for-me__CLIProxyAPI (sample analysis: 10 samples),Golang,64de7478-02d1-40eb-a840-f1cb456606c3,5,5,file,internal/api/handlers/management/auth_files.go,,,,381
max,2,bracket_lines_of_code,Bracket LOC/File,24cc32f1-80f1-40da-9ad5-e2285210d73d,router-for-me__CLIProxyAPI (sample analysis: 10 samples),Golang,64de7478-02d1-40eb-a840-f1cb456606c3,5,5,file,internal/watcher/watcher.go,,,,377
max,3,bracket_lines_of_code,Bracket LOC/File,3e629e34-e52d-445d-9487-cfbcb29d77e8,junegunn__fzf (sample analysis: 10 samples),Golang,7b60b226-3724-45ad-afe0-1b4607ddefd4,5,5,file,src/terminal.go,,,,335
max,4,bracket_lines_of_code,Bracket LOC/File,9539fa79-4e99-4b7c-8679-62b23d3abedd,go-gorm__gorm (sample analysis: 10 samples),Golang,14b3a778-51d7-49e5-9b43-34d6ebaece80,5,5,file,preload_test.go,,,,334
max,5,bracket_lines_of_code,Bracket LOC/File,24cc32f1-80f1-40da-9ad5-e2285210d73d,router-for-me__CLIProxyAPI (sample analysis: 10 samples),Golang,64de7478-02d1-40eb-a840-f1cb456606c3,5,5,file,sdk/cliproxy/auth/manager.go,,,,320
min,1,total_cyclomatic,Total Cyclomatic/File,069ad96b-3762-4b18-b863-c8f40f8d0442,AlistGo__alist (sample analysis: 10 samples),Golang,8fbff1ed-ea25-4665-b0d2-e29807c1d1de,5,5,file,cmd/flags/config.go,,,,0
min,2,total_cyclomatic,Total Cyclomatic/File,069ad96b-3762-4b18-b863-c8f40f8d0442,AlistGo__alist (sample analysis: 10 samples),Golang,8fbff1ed-ea25-4665-b0d2-e29807c1d1de,5,5,file,drivers/139/types.go,,,,0
min,3,total_cyclomatic,Total Cyclomatic/File,069ad96b-3762-4b18-b863-c8f40f8d0442,AlistGo__alist (sample analysis: 10 samples),Golang,8fbff1ed-ea25-4665-b0d2-e29807c1d1de,5,5,file,drivers/189/types.go,,,,0
min,4,total_cyclomatic,Total Cyclomatic/File,069ad96b-3762-4b18-b863-c8f40f8d0442,AlistGo__alist (sample analysis: 10 samples),Golang,8fbff1ed-ea25-4665-b0d2-e29807c1d1de,5,5,file,drivers/alias/types.go,,,,0
min,5,total_cyclomatic,Total Cyclomatic/File,069ad96b-3762-4b18-b863-c8f40f8d0442,AlistGo__alist (sample analysis: 10 samples),Golang,8fbff1ed-ea25-4665-b0d2-e29807c1d1de,5,5,file,drivers/alist_v2/types.go,,,,0
max,1,total_cyclomatic,Total Cyclomatic/File,e749ce64-7ffd-4d8c-a44a-47ef93013510,airbus-seclab__bincat (sample analysis: 10 samples),Ocaml,1f6ce7d6-c1f5-4741-b9d7-720340d1296d,5,5,file,ocaml/src/disassembly/core_x86.ml,,,,802
max,2,total_cyclomatic,Total Cyclomatic/File,e9d92337-e257-41dd-9d58-bc6f84121654,astrada__google-drive-ocamlfuse (sample analysis: 10 samples),Ocaml,9758bb80-9a74-4ba7-a4f1-9d730eab79d6,5,5,file,src/mime.ml,,,,771
max,3,total_cyclomatic,Total Cyclomatic/File,729d4ded-b025-47be-ae9b-ed0561b8f9e6,bcpierce00__unison (sample analysis: 10 samples),Ocaml,ebd72262-10d0-4975-877c-e775f90f97c5,5,5,file,src/uigtk2.ml,,,,653
max,4,total_cyclomatic,Total Cyclomatic/File,a81fc79f-6ea8-409c-8690-f034ab9400d8,BinaryAnalysisPlatform__bap (sample analysis: 10 samples),Ocaml,e29426e0-5415-4dd3-a222-8d42b2fa69fe,5,5,file,plugins/x86/x86_disasm.ml,,,,613
max,5,total_cyclomatic,Total Cyclomatic/File,e749ce64-7ffd-4d8c-a44a-47ef93013510,airbus-seclab__bincat (sample analysis: 10 samples),Ocaml,1f6ce7d6-c1f5-4741-b9d7-720340d1296d,5,5,file,ocaml/src/disassembly/armv7.ml,,,,586
min,1,maintainability_index_three_property,Maintainability Index Three Property,e749ce64-7ffd-4d8c-a44a-47ef93013510,airbus-seclab__bincat (sample analysis: 10 samples),Ocaml,1f6ce7d6-c1f5-4741-b9d7-720340d1296d,5,5,file,ocaml/src/disassembly/core_x86.ml,,,,-202.13174719459585
min,2,maintainability_index_three_property,Maintainability Index Three Property,729d4ded-b025-47be-ae9b-ed0561b8f9e6,bcpierce00__unison (sample analysis: 10 samples),Ocaml,ebd72262-10d0-4975-877c-e775f90f97c5,5,5,file,src/uigtk2.ml,,,,-174.9591609052173
min,3,maintainability_index_three_property,Maintainability Index Three Property,e9d92337-e257-41dd-9d58-bc6f84121654,astrada__google-drive-ocamlfuse (sample analysis: 10 samples),Ocaml,9758bb80-9a74-4ba7-a4f1-9d730eab79d6,5,5,file,src/mime.ml,,,,-168.98093199174266
min,4,maintainability_index_three_property,Maintainability Index Three Property,e9d92337-e257-41dd-9d58-bc6f84121654,astrada__google-drive-ocamlfuse (sample analysis: 10 samples),Ocaml,9758bb80-9a74-4ba7-a4f1-9d730eab79d6,5,5,function,src/mime.ml,map_filename_to_mime_type:3:5,3,777,-168.95336740886134
min,5,maintainability_index_three_property,Maintainability Index Three Property,a81fc79f-6ea8-409c-8690-f034ab9400d8,BinaryAnalysisPlatform__bap (sample analysis: 10 samples),Ocaml,e29426e0-5415-4dd3-a222-8d42b2fa69fe,5,5,file,plugins/x86/x86_disasm.ml,,,,-142.55339418845261
max,1,maintainability_index_three_property,Maintainability Index Three Property,729d4ded-b025-47be-ae9b-ed0561b8f9e6,bcpierce00__unison (sample analysis: 10 samples),Ocaml,ebd72262-10d0-4975-877c-e775f90f97c5,5,5,file,src/lwt/win/lwt_win.ml,,,,167.39563466108828
max,2,maintainability_index_three_property,Maintainability Index Three Property,729d4ded-b025-47be-ae9b-ed0561b8f9e6,bcpierce00__unison (sample analysis: 10 samples),Ocaml,ebd72262-10d0-4975-877c-e775f90f97c5,5,5,file,src/lwt/lwt_unix.ml,,,,167.39563466108828
max,3,maintainability_index_three_property,Maintainability Index Three Property,e8c37d0d-f999-4ab0-9696-770ba31bbe18,gin-gonic__gin (sample analysis: 10 samples),Golang,254e980c-3a56-4027-98f0-4227ed4866aa,5,5,file,doc.go,,,,167.39563466108828
max,4,maintainability_index_three_property,Maintainability Index Three Property,069ad96b-3762-4b18-b863-c8f40f8d0442,AlistGo__alist (sample analysis: 10 samples),Golang,8fbff1ed-ea25-4665-b0d2-e29807c1d1de,5,5,file,pkg/gowebdav/doc.go,,,,167.39563466108828
max,5,maintainability_index_three_property,Maintainability Index Three Property,069ad96b-3762-4b18-b863-c8f40f8d0442,AlistGo__alist (sample analysis: 10 samples),Golang,8fbff1ed-ea25-4665-b0d2-e29807c1d1de,5,5,file,internal/message/ws.go,,,,167.39563466108828
min,1,maintainability_index_four_property,Maintainability Index Four Property,729d4ded-b025-47be-ae9b-ed0561b8f9e6,bcpierce00__unison (sample analysis: 10 samples),Ocaml,ebd72262-10d0-4975-877c-e775f90f97c5,5,5,file,src/uigtk2.ml,,,,-206.66376907220481
min,2,maintainability_index_four_property,Maintainability Index Four Property,a81fc79f-6ea8-409c-8690-f034ab9400d8,BinaryAnalysisPlatform__bap (sample analysis: 10 samples),Ocaml,e29426e0-5415-4dd3-a222-8d42b2fa69fe,5,5,file,plugins/x86/x86_disasm.ml,,,,-184.0750441901796
min,3,maintainability_index_four_property,Maintainability Index Four Property,e9d92337-e257-41dd-9d58-bc6f84121654,astrada__google-drive-ocamlfuse (sample analysis: 10 samples),Ocaml,9758bb80-9a74-4ba7-a4f1-9d730eab79d6,5,5,file,src/mime.ml,,,,-168.98093199174266
min,4,maintainability_index_four_property,Maintainability Index Four Property,e9d92337-e257-41dd-9d58-bc6f84121654,astrada__google-drive-ocamlfuse (sample analysis: 10 samples),Ocaml,9758bb80-9a74-4ba7-a4f1-9d730eab79d6,5,5,function,src/mime.ml,map_filename_to_mime_type:3:5,3,777,-168.95336740886134
min,5,maintainability_index_four_property,Maintainability Index Four Property,e749ce64-7ffd-4d8c-a44a-47ef93013510,airbus-seclab__bincat (sample analysis: 10 samples),Ocaml,1f6ce7d6-c1f5-4741-b9d7-720340d1296d,5,5,file,ocaml/src/loaders/elf_core.ml,,,,-161.5417344202986
max,1,maintainability_index_four_property,Maintainability Index Four Property,729d4ded-b025-47be-ae9b-ed0561b8f9e6,bcpierce00__unison (sample analysis: 10 samples),Ocaml,ebd72262-10d0-4975-877c-e775f90f97c5,5,5,file,src/system.mli,,,,212.47506063933207
max,2,maintainability_index_four_property,Maintainability Index Four Property,729d4ded-b025-47be-ae9b-ed0561b8f9e6,bcpierce00__unison (sample analysis: 10 samples),Ocaml,ebd72262-10d0-4975-877c-e775f90f97c5,5,5,file,src/uigtk.mli,,,,209.7696644143026
max,3,maintainability_index_four_property,Maintainability Index Four Property,729d4ded-b025-47be-ae9b-ed0561b8f9e6,bcpierce00__unison (sample analysis: 10 samples),Ocaml,ebd72262-10d0-4975-877c-e775f90f97c5,5,5,file,src/test.mli,,,,208.6093179474687
max,4,maintainability_index_four_property,Maintainability Index Four Property,e749ce64-7ffd-4d8c-a44a-47ef93013510,airbus-seclab__bincat (sample analysis: 10 samples),Ocaml,1f6ce7d6-c1f5-4741-b9d7-720340d1296d,5,5,file,ocaml/src/npk/newspeak/npk2lpk.mli,,,,200.04418106024286
max,5,maintainability_index_four_property,Maintainability Index Four Property,e749ce64-7ffd-4d8c-a44a-47ef93013510,airbus-seclab__bincat (sample analysis: 10 samples),Ocaml,1f6ce7d6-c1f5-4741-b9d7-720340d1296d,5,5,file,ocaml/src/npk/c2newspeak/bare2C.mli,,,,200.04418106024286
min,1,maintainability_index_visual_studio,Maintainability Index Visual Studio,069ad96b-3762-4b18-b863-c8f40f8d0442,AlistGo__alist (sample analysis: 10 samples),Golang,8fbff1ed-ea25-4665-b0d2-e29807c1d1de,5,5,file,drivers/189pc/utils.go,,,,0
min,2,maintainability_index_visual_studio,Maintainability Index Visual Studio,069ad96b-3762-4b18-b863-c8f40f8d0442,AlistGo__alist (sample analysis: 10 samples),Golang,8fbff1ed-ea25-4665-b0d2-e29807c1d1de,5,5,file,internal/op/fs.go,,,,0
min,3,maintainability_index_visual_studio,Maintainability Index Visual Studio,069ad96b-3762-4b18-b863-c8f40f8d0442,AlistGo__alist (sample analysis: 10 samples),Golang,8fbff1ed-ea25-4665-b0d2-e29807c1d1de,5,5,file,server/webdav/internal/xml/marshal.go,,,,0
min,4,maintainability_index_visual_studio,Maintainability Index Visual Studio,069ad96b-3762-4b18-b863-c8f40f8d0442,AlistGo__alist (sample analysis: 10 samples),Golang,8fbff1ed-ea25-4665-b0d2-e29807c1d1de,5,5,file,server/webdav/internal/xml/marshal_test.go,,,,0
min,5,maintainability_index_visual_studio,Maintainability Index Visual Studio,069ad96b-3762-4b18-b863-c8f40f8d0442,AlistGo__alist (sample analysis: 10 samples),Golang,8fbff1ed-ea25-4665-b0d2-e29807c1d1de,5,5,file,server/webdav/internal/xml/read.go,,,,0
max,1,maintainability_index_visual_studio,Maintainability Index Visual Studio,729d4ded-b025-47be-ae9b-ed0561b8f9e6,bcpierce00__unison (sample analysis: 10 samples),Ocaml,ebd72262-10d0-4975-877c-e775f90f97c5,5,5,file,src/lwt/win/lwt_win.ml,,,,97.89218401233234
max,2,maintainability_index_visual_studio,Maintainability Index Visual Studio,729d4ded-b025-47be-ae9b-ed0561b8f9e6,bcpierce00__unison (sample analysis: 10 samples),Ocaml,ebd72262-10d0-4975-877c-e775f90f97c5,5,5,file,src/lwt/lwt_unix.ml,,,,97.89218401233234
max,3,maintainability_index_visual_studio,Maintainability Index Visual Studio,e8c37d0d-f999-4ab0-9696-770ba31bbe18,gin-gonic__gin (sample analysis: 10 samples),Golang,254e980c-3a56-4027-98f0-4227ed4866aa,5,5,file,doc.go,,,,97.89218401233234
max,4,maintainability_index_visual_studio,Maintainability Index Visual Studio,069ad96b-3762-4b18-b863-c8f40f8d0442,AlistGo__alist (sample analysis: 10 samples),Golang,8fbff1ed-ea25-4665-b0d2-e29807c1d1de,5,5,file,pkg/gowebdav/doc.go,,,,97.89218401233234
max,5,maintainability_index_visual_studio,Maintainability Index Visual Studio,069ad96b-3762-4b18-b863-c8f40f8d0442,AlistGo__alist (sample analysis: 10 samples),Golang,8fbff1ed-ea25-4665-b0d2-e29807c1d1de,5,5,file,internal/message/ws.go,,,,97.89218401233234
min,1,maintainability_index_comment_percentage,Maintainability Index Comment Percentage,069ad96b-3762-4b18-b863-c8f40f8d0442,AlistGo__alist (sample analysis: 10 samples),Golang,8fbff1ed-ea25-4665-b0d2-e29807c1d1de,5,5,function,cmd/admin.go,setAdminPassword:67:6,67,84,0
min,2,maintainability_index_comment_percentage,Maintainability Index Comment Percentage,069ad96b-3762-4b18-b863-c8f40f8d0442,AlistGo__alist (sample analysis: 10 samples),Golang,8fbff1ed-ea25-4665-b0d2-e29807c1d1de,5,5,file,cmd/common.go,,,,0
min,3,maintainability_index_comment_percentage,Maintainability Index Comment Percentage,069ad96b-3762-4b18-b863-c8f40f8d0442,AlistGo__alist (sample analysis: 10 samples),Golang,8fbff1ed-ea25-4665-b0d2-e29807c1d1de,5,5,function,cmd/common.go,Init:15:6,15,21,0
min,4,maintainability_index_comment_percentage,Maintainability Index Comment Percentage,069ad96b-3762-4b18-b863-c8f40f8d0442,AlistGo__alist (sample analysis: 10 samples),Golang,8fbff1ed-ea25-4665-b0d2-e29807c1d1de,5,5,function,cmd/common.go,Release:23:6,23,25,0
min,5,maintainability_index_comment_percentage,Maintainability Index Comment Percentage,069ad96b-3762-4b18-b863-c8f40f8d0442,AlistGo__alist (sample analysis: 10 samples),Golang,8fbff1ed-ea25-4665-b0d2-e29807c1d1de,5,5,function,cmd/common.go,initDaemon:30:6,30,49,0
max,1,maintainability_index_comment_percentage,Maintainability Index Comment Percentage,a81fc79f-6ea8-409c-8690-f034ab9400d8,BinaryAnalysisPlatform__bap (sample analysis: 10 samples),Ocaml,e29426e0-5415-4dd3-a222-8d42b2fa69fe,5,5,file,lib/bap_main/bap_main.mli,,,,119600
max,2,maintainability_index_comment_percentage,Maintainability Index Comment Percentage,a81fc79f-6ea8-409c-8690-f034ab9400d8,BinaryAnalysisPlatform__bap (sample analysis: 10 samples),Ocaml,e29426e0-5415-4dd3-a222-8d42b2fa69fe,5,5,file,lib/ogre/ogre.mli,,,,51300
max,3,maintainability_index_comment_percentage,Maintainability Index Comment Percentage,a81fc79f-6ea8-409c-8690-f034ab9400d8,BinaryAnalysisPlatform__bap (sample analysis: 10 samples),Ocaml,e29426e0-5415-4dd3-a222-8d42b2fa69fe,5,5,file,lib/bap_primus/bap_primus_lisp_context.mli,,,,26200
max,4,maintainability_index_comment_percentage,Maintainability Index Comment Percentage,a81fc79f-6ea8-409c-8690-f034ab9400d8,BinaryAnalysisPlatform__bap (sample analysis: 10 samples),Ocaml,e29426e0-5415-4dd3-a222-8d42b2fa69fe,5,5,file,lib/bap_lisp/bap_lisp__context.mli,,,,26100
max,5,maintainability_index_comment_percentage,Maintainability Index Comment Percentage,a81fc79f-6ea8-409c-8690-f034ab9400d8,BinaryAnalysisPlatform__bap (sample analysis: 10 samples),Ocaml,e29426e0-5415-4dd3-a222-8d42b2fa69fe,5,5,file,lib/bare/bare.mli,,,,21800
min,1,total_halstead_unique_operators,Total Halstead Unique Operators/File,a81fc79f-6ea8-409c-8690-f034ab9400d8,BinaryAnalysisPlatform__bap (sample analysis: 10 samples),Ocaml,e29426e0-5415-4dd3-a222-8d42b2fa69fe,5,5,file,lib/arm/arm_env.ml,,,,0
min,2,total_halstead_unique_operators,Total Halstead Unique Operators/File,a81fc79f-6ea8-409c-8690-f034ab9400d8,BinaryAnalysisPlatform__bap (sample analysis: 10 samples),Ocaml,e29426e0-5415-4dd3-a222-8d42b2fa69fe,5,5,file,lib/arm/arm_lifter.ml,,,,0
min,3,total_halstead_unique_operators,Total Halstead Unique Operators/File,a81fc79f-6ea8-409c-8690-f034ab9400d8,BinaryAnalysisPlatform__bap (sample analysis: 10 samples),Ocaml,e29426e0-5415-4dd3-a222-8d42b2fa69fe,5,5,file,lib/bap/bap_init_toplevel.mli,,,,0
min,4,total_halstead_unique_operators,Total Halstead Unique Operators/File,a81fc79f-6ea8-409c-8690-f034ab9400d8,BinaryAnalysisPlatform__bap (sample analysis: 10 samples),Ocaml,e29426e0-5415-4dd3-a222-8d42b2fa69fe,5,5,file,lib/bap_api/bap_api_attr.ml,,,,0
min,5,total_halstead_unique_operators,Total Halstead Unique Operators/File,a81fc79f-6ea8-409c-8690-f034ab9400d8,BinaryAnalysisPlatform__bap (sample analysis: 10 samples),Ocaml,e29426e0-5415-4dd3-a222-8d42b2fa69fe,5,5,file,lib/bap_api/bap_api_attr.mli,,,,0
max,1,total_halstead_unique_operators,Total Halstead Unique Operators/File,729d4ded-b025-47be-ae9b-ed0561b8f9e6,bcpierce00__unison (sample analysis: 10 samples),Ocaml,ebd72262-10d0-4975-877c-e775f90f97c5,5,5,file,src/uigtk2.ml,,,,74
max,2,total_halstead_unique_operators,Total Halstead Unique Operators/File,729d4ded-b025-47be-ae9b-ed0561b8f9e6,bcpierce00__unison (sample analysis: 10 samples),Ocaml,ebd72262-10d0-4975-877c-e775f90f97c5,5,5,file,src/uigtk.ml,,,,65
max,3,total_halstead_unique_operators,Total Halstead Unique Operators/File,a81fc79f-6ea8-409c-8690-f034ab9400d8,BinaryAnalysisPlatform__bap (sample analysis: 10 samples),Ocaml,e29426e0-5415-4dd3-a222-8d42b2fa69fe,5,5,file,lib/bap_types/bap_helpers.ml,,,,61
max,4,total_halstead_unique_operators,Total Halstead Unique Operators/File,a81fc79f-6ea8-409c-8690-f034ab9400d8,BinaryAnalysisPlatform__bap (sample analysis: 10 samples),Ocaml,e29426e0-5415-4dd3-a222-8d42b2fa69fe,5,5,file,plugins/mips/mips_rtl.ml,,,,60
max,5,total_halstead_unique_operators,Total Halstead Unique Operators/File,a81fc79f-6ea8-409c-8690-f034ab9400d8,BinaryAnalysisPlatform__bap (sample analysis: 10 samples),Ocaml,e29426e0-5415-4dd3-a222-8d42b2fa69fe,5,5,file,lib/graphlib/graphlib_graph.ml,,,,57
min,1,total_halstead_unique_operands,Total Halstead Unique Operands/File,a81fc79f-6ea8-409c-8690-f034ab9400d8,BinaryAnalysisPlatform__bap (sample analysis: 10 samples),Ocaml,e29426e0-5415-4dd3-a222-8d42b2fa69fe,5,5,file,lib/arm/arm_env.ml,,,,0
min,2,total_halstead_unique_operands,Total Halstead Unique Operands/File,a81fc79f-6ea8-409c-8690-f034ab9400d8,BinaryAnalysisPlatform__bap (sample analysis: 10 samples),Ocaml,e29426e0-5415-4dd3-a222-8d42b2fa69fe,5,5,file,lib/arm/arm_lifter.ml,,,,0
min,3,total_halstead_unique_operands,Total Halstead Unique Operands/File,a81fc79f-6ea8-409c-8690-f034ab9400d8,BinaryAnalysisPlatform__bap (sample analysis: 10 samples),Ocaml,e29426e0-5415-4dd3-a222-8d42b2fa69fe,5,5,file,lib/bap/bap_init_toplevel.mli,,,,0
min,4,total_halstead_unique_operands,Total Halstead Unique Operands/File,a81fc79f-6ea8-409c-8690-f034ab9400d8,BinaryAnalysisPlatform__bap (sample analysis: 10 samples),Ocaml,e29426e0-5415-4dd3-a222-8d42b2fa69fe,5,5,file,lib/bap_api/bap_api_attr.ml,,,,0
min,5,total_halstead_unique_operands,Total Halstead Unique Operands/File,a81fc79f-6ea8-409c-8690-f034ab9400d8,BinaryAnalysisPlatform__bap (sample analysis: 10 samples),Ocaml,e29426e0-5415-4dd3-a222-8d42b2fa69fe,5,5,file,lib/bap_api/bap_api_attr.mli,,,,0
max,1,total_halstead_unique_operands,Total Halstead Unique Operands/File,729d4ded-b025-47be-ae9b-ed0561b8f9e6,bcpierce00__unison (sample analysis: 10 samples),Ocaml,ebd72262-10d0-4975-877c-e775f90f97c5,5,5,file,unicode_utils/unicode_build.ml,,,,4514
max,2,total_halstead_unique_operands,Total Halstead Unique Operands/File,729d4ded-b025-47be-ae9b-ed0561b8f9e6,bcpierce00__unison (sample analysis: 10 samples),Ocaml,ebd72262-10d0-4975-877c-e775f90f97c5,5,5,file,src/uigtk2.ml,,,,1948
max,3,total_halstead_unique_operands,Total Halstead Unique Operands/File,e9d92337-e257-41dd-9d58-bc6f84121654,astrada__google-drive-ocamlfuse (sample analysis: 10 samples),Ocaml,9758bb80-9a74-4ba7-a4f1-9d730eab79d6,5,5,file,src/mime.ml,,,,1764
max,4,total_halstead_unique_operands,Total Halstead Unique Operands/File,729d4ded-b025-47be-ae9b-ed0561b8f9e6,bcpierce00__unison (sample analysis: 10 samples),Ocaml,ebd72262-10d0-4975-877c-e775f90f97c5,5,5,file,src/unicode.ml,,,,1553
max,5,total_halstead_unique_operands,Total Halstead Unique Operands/File,24cc32f1-80f1-40da-9ad5-e2285210d73d,router-for-me__CLIProxyAPI (sample analysis: 10 samples),Golang,64de7478-02d1-40eb-a840-f1cb456606c3,5,5,file,internal/misc/mime-type.go,,,,1467
min,1,total_halstead_operators,Total Halstead Operators/File,a81fc79f-6ea8-409c-8690-f034ab9400d8,BinaryAnalysisPlatform__bap (sample analysis: 10 samples),Ocaml,e29426e0-5415-4dd3-a222-8d42b2fa69fe,5,5,file,lib/arm/arm_env.ml,,,,0
min,2,total_halstead_operators,Total Halstead Operators/File,a81fc79f-6ea8-409c-8690-f034ab9400d8,BinaryAnalysisPlatform__bap (sample analysis: 10 samples),Ocaml,e29426e0-5415-4dd3-a222-8d42b2fa69fe,5,5,file,lib/arm/arm_lifter.ml,,,,0
min,3,total_halstead_operators,Total Halstead Operators/File,a81fc79f-6ea8-409c-8690-f034ab9400d8,BinaryAnalysisPlatform__bap (sample analysis: 10 samples),Ocaml,e29426e0-5415-4dd3-a222-8d42b2fa69fe,5,5,file,lib/bap/bap_init_toplevel.mli,,,,0
min,4,total_halstead_operators,Total Halstead Operators/File,a81fc79f-6ea8-409c-8690-f034ab9400d8,BinaryAnalysisPlatform__bap (sample analysis: 10 samples),Ocaml,e29426e0-5415-4dd3-a222-8d42b2fa69fe,5,5,file,lib/bap_api/bap_api_attr.ml,,,,0
min,5,total_halstead_operators,Total Halstead Operators/File,a81fc79f-6ea8-409c-8690-f034ab9400d8,BinaryAnalysisPlatform__bap (sample analysis: 10 samples),Ocaml,e29426e0-5415-4dd3-a222-8d42b2fa69fe,5,5,file,lib/bap_api/bap_api_attr.mli,,,,0
max,1,total_halstead_operators,Total Halstead Operators/File,729d4ded-b025-47be-ae9b-ed0561b8f9e6,bcpierce00__unison (sample analysis: 10 samples),Ocaml,ebd72262-10d0-4975-877c-e775f90f97c5,5,5,file,src/uigtk2.ml,,,,6315
max,2,total_halstead_operators,Total Halstead Operators/File,a81fc79f-6ea8-409c-8690-f034ab9400d8,BinaryAnalysisPlatform__bap (sample analysis: 10 samples),Ocaml,e29426e0-5415-4dd3-a222-8d42b2fa69fe,5,5,file,lib/bap/bap.mli,,,,5731
max,3,total_halstead_operators,Total Halstead Operators/File,e749ce64-7ffd-4d8c-a44a-47ef93013510,airbus-seclab__bincat (sample analysis: 10 samples),Ocaml,1f6ce7d6-c1f5-4741-b9d7-720340d1296d,5,5,file,ocaml/src/disassembly/core_x86.ml,,,,4817
max,4,total_halstead_operators,Total Halstead Operators/File,729d4ded-b025-47be-ae9b-ed0561b8f9e6,bcpierce00__unison (sample analysis: 10 samples),Ocaml,ebd72262-10d0-4975-877c-e775f90f97c5,5,5,file,src/uigtk.ml,,,,3187
max,5,total_halstead_operators,Total Halstead Operators/File,e749ce64-7ffd-4d8c-a44a-47ef93013510,airbus-seclab__bincat (sample analysis: 10 samples),Ocaml,1f6ce7d6-c1f5-4741-b9d7-720340d1296d,5,5,file,ocaml/src/disassembly/armv7.ml,,,,3162
min,1,total_halstead_operands,Total Halstead Operands/File,a81fc79f-6ea8-409c-8690-f034ab9400d8,BinaryAnalysisPlatform__bap (sample analysis: 10 samples),Ocaml,e29426e0-5415-4dd3-a222-8d42b2fa69fe,5,5,file,lib/arm/arm_env.ml,,,,0
min,2,total_halstead_operands,Total Halstead Operands/File,a81fc79f-6ea8-409c-8690-f034ab9400d8,BinaryAnalysisPlatform__bap (sample analysis: 10 samples),Ocaml,e29426e0-5415-4dd3-a222-8d42b2fa69fe,5,5,file,lib/arm/arm_lifter.ml,,,,0
min,3,total_halstead_operands,Total Halstead Operands/File,a81fc79f-6ea8-409c-8690-f034ab9400d8,BinaryAnalysisPlatform__bap (sample analysis: 10 samples),Ocaml,e29426e0-5415-4dd3-a222-8d42b2fa69fe,5,5,file,lib/bap/bap_init_toplevel.mli,,,,0
min,4,total_halstead_operands,Total Halstead Operands/File,a81fc79f-6ea8-409c-8690-f034ab9400d8,BinaryAnalysisPlatform__bap (sample analysis: 10 samples),Ocaml,e29426e0-5415-4dd3-a222-8d42b2fa69fe,5,5,file,lib/bap_api/bap_api_attr.ml,,,,0
min,5,total_halstead_operands,Total Halstead Operands/File,a81fc79f-6ea8-409c-8690-f034ab9400d8,BinaryAnalysisPlatform__bap (sample analysis: 10 samples),Ocaml,e29426e0-5415-4dd3-a222-8d42b2fa69fe,5,5,file,lib/bap_api/bap_api_attr.mli,,,,0
max,1,total_halstead_operands,Total Halstead Operands/File,e749ce64-7ffd-4d8c-a44a-47ef93013510,airbus-seclab__bincat (sample analysis: 10 samples),Ocaml,1f6ce7d6-c1f5-4741-b9d7-720340d1296d,5,5,file,ocaml/src/disassembly/core_x86.ml,,,,12019
max,2,total_halstead_operands,Total Halstead Operands/File,729d4ded-b025-47be-ae9b-ed0561b8f9e6,bcpierce00__unison (sample analysis: 10 samples),Ocaml,ebd72262-10d0-4975-877c-e775f90f97c5,5,5,file,unicode_utils/unicode_build.ml,,,,11918
max,3,total_halstead_operands,Total Halstead Operands/File,729d4ded-b025-47be-ae9b-ed0561b8f9e6,bcpierce00__unison (sample analysis: 10 samples),Ocaml,ebd72262-10d0-4975-877c-e775f90f97c5,5,5,file,src/uigtk2.ml,,,,11834
max,4,total_halstead_operands,Total Halstead Operands/File,a81fc79f-6ea8-409c-8690-f034ab9400d8,BinaryAnalysisPlatform__bap (sample analysis: 10 samples),Ocaml,e29426e0-5415-4dd3-a222-8d42b2fa69fe,5,5,file,lib/bap/bap.mli,,,,9462
max,5,total_halstead_operands,Total Halstead Operands/File,e749ce64-7ffd-4d8c-a44a-47ef93013510,airbus-seclab__bincat (sample analysis: 10 samples),Ocaml,1f6ce7d6-c1f5-4741-b9d7-720340d1296d,5,5,file,ocaml/src/disassembly/armv7.ml,,,,6793
min,1,total_halstead_length,Total Halstead Length/File,a81fc79f-6ea8-409c-8690-f034ab9400d8,BinaryAnalysisPlatform__bap (sample analysis: 10 samples),Ocaml,e29426e0-5415-4dd3-a222-8d42b2fa69fe,5,5,file,lib/arm/arm_env.ml,,,,0
min,2,total_halstead_length,Total Halstead Length/File,a81fc79f-6ea8-409c-8690-f034ab9400d8,BinaryAnalysisPlatform__bap (sample analysis: 10 samples),Ocaml,e29426e0-5415-4dd3-a222-8d42b2fa69fe,5,5,file,lib/arm/arm_lifter.ml,,,,0
min,3,total_halstead_length,Total Halstead Length/File,a81fc79f-6ea8-409c-8690-f034ab9400d8,BinaryAnalysisPlatform__bap (sample analysis: 10 samples),Ocaml,e29426e0-5415-4dd3-a222-8d42b2fa69fe,5,5,file,lib/bap/bap_init_toplevel.mli,,,,0
min,4,total_halstead_length,Total Halstead Length/File,a81fc79f-6ea8-409c-8690-f034ab9400d8,BinaryAnalysisPlatform__bap (sample analysis: 10 samples),Ocaml,e29426e0-5415-4dd3-a222-8d42b2fa69fe,5,5,file,lib/bap_api/bap_api_attr.ml,,,,0
min,5,total_halstead_length,Total Halstead Length/File,a81fc79f-6ea8-409c-8690-f034ab9400d8,BinaryAnalysisPlatform__bap (sample analysis: 10 samples),Ocaml,e29426e0-5415-4dd3-a222-8d42b2fa69fe,5,5,file,lib/bap_api/bap_api_attr.mli,,,,0
max,1,total_halstead_length,Total Halstead Length/File,729d4ded-b025-47be-ae9b-ed0561b8f9e6,bcpierce00__unison (sample analysis: 10 samples),Ocaml,ebd72262-10d0-4975-877c-e775f90f97c5,5,5,file,src/uigtk2.ml,,,,18149
max,2,total_halstead_length,Total Halstead Length/File,e749ce64-7ffd-4d8c-a44a-47ef93013510,airbus-seclab__bincat (sample analysis: 10 samples),Ocaml,1f6ce7d6-c1f5-4741-b9d7-720340d1296d,5,5,file,ocaml/src/disassembly/core_x86.ml,,,,16836
max,3,total_halstead_length,Total Halstead Length/File,a81fc79f-6ea8-409c-8690-f034ab9400d8,BinaryAnalysisPlatform__bap (sample analysis: 10 samples),Ocaml,e29426e0-5415-4dd3-a222-8d42b2fa69fe,5,5,file,lib/bap/bap.mli,,,,15193
max,4,total_halstead_length,Total Halstead Length/File,729d4ded-b025-47be-ae9b-ed0561b8f9e6,bcpierce00__unison (sample analysis: 10 samples),Ocaml,ebd72262-10d0-4975-877c-e775f90f97c5,5,5,file,unicode_utils/unicode_build.ml,,,,12839
max,5,total_halstead_length,Total Halstead Length/File,e749ce64-7ffd-4d8c-a44a-47ef93013510,airbus-seclab__bincat (sample analysis: 10 samples),Ocaml,1f6ce7d6-c1f5-4741-b9d7-720340d1296d,5,5,file,ocaml/src/disassembly/armv7.ml,,,,9955
min,1,total_halstead_vocabulary,Total Halstead Vocabulary/File,a81fc79f-6ea8-409c-8690-f034ab9400d8,BinaryAnalysisPlatform__bap (sample analysis: 10 samples),Ocaml,e29426e0-5415-4dd3-a222-8d42b2fa69fe,5,5,file,lib/arm/arm_env.ml,,,,0
min,2,total_halstead_vocabulary,Total Halstead Vocabulary/File,a81fc79f-6ea8-409c-8690-f034ab9400d8,BinaryAnalysisPlatform__bap (sample analysis: 10 samples),Ocaml,e29426e0-5415-4dd3-a222-8d42b2fa69fe,5,5,file,lib/arm/arm_lifter.ml,,,,0
min,3,total_halstead_vocabulary,Total Halstead Vocabulary/File,a81fc79f-6ea8-409c-8690-f034ab9400d8,BinaryAnalysisPlatform__bap (sample analysis: 10 samples),Ocaml,e29426e0-5415-4dd3-a222-8d42b2fa69fe,5,5,file,lib/bap/bap_init_toplevel.mli,,,,0
min,4,total_halstead_vocabulary,Total Halstead Vocabulary/File,a81fc79f-6ea8-409c-8690-f034ab9400d8,BinaryAnalysisPlatform__bap (sample analysis: 10 samples),Ocaml,e29426e0-5415-4dd3-a222-8d42b2fa69fe,5,5,file,lib/bap_api/bap_api_attr.ml,,,,0
min,5,total_halstead_vocabulary,Total Halstead Vocabulary/File,a81fc79f-6ea8-409c-8690-f034ab9400d8,BinaryAnalysisPlatform__bap (sample analysis: 10 samples),Ocaml,e29426e0-5415-4dd3-a222-8d42b2fa69fe,5,5,file,lib/bap_api/bap_api_attr.mli,,,,0
max,1,total_halstead_vocabulary,Total Halstead Vocabulary/File,729d4ded-b025-47be-ae9b-ed0561b8f9e6,bcpierce00__unison (sample analysis: 10 samples),Ocaml,ebd72262-10d0-4975-877c-e775f90f97c5,5,5,file,unicode_utils/unicode_build.ml,,,,4564
max,2,total_halstead_vocabulary,Total Halstead Vocabulary/File,729d4ded-b025-47be-ae9b-ed0561b8f9e6,bcpierce00__unison (sample analysis: 10 samples),Ocaml,ebd72262-10d0-4975-877c-e775f90f97c5,5,5,file,src/uigtk2.ml,,,,2022
max,3,total_halstead_vocabulary,Total Halstead Vocabulary/File,e9d92337-e257-41dd-9d58-bc6f84121654,astrada__google-drive-ocamlfuse (sample analysis: 10 samples),Ocaml,9758bb80-9a74-4ba7-a4f1-9d730eab79d6,5,5,file,src/mime.ml,,,,1774
max,4,total_halstead_vocabulary,Total Halstead Vocabulary/File,729d4ded-b025-47be-ae9b-ed0561b8f9e6,bcpierce00__unison (sample analysis: 10 samples),Ocaml,ebd72262-10d0-4975-877c-e775f90f97c5,5,5,file,src/unicode.ml,,,,1587
max,5,total_halstead_vocabulary,Total Halstead Vocabulary/File,24cc32f1-80f1-40da-9ad5-e2285210d73d,router-for-me__CLIProxyAPI (sample analysis: 10 samples),Golang,64de7478-02d1-40eb-a840-f1cb456606c3,5,5,file,internal/misc/mime-type.go,,,,1471
min,1,total_halstead_calculated_length,Total Halstead Calculated Length/File,069ad96b-3762-4b18-b863-c8f40f8d0442,AlistGo__alist (sample analysis: 10 samples),Golang,8fbff1ed-ea25-4665-b0d2-e29807c1d1de,5,5,file,drivers/alias/types.go,,,,0
min,2,total_halstead_calculated_length,Total Halstead Calculated Length/File,069ad96b-3762-4b18-b863-c8f40f8d0442,AlistGo__alist (sample analysis: 10 samples),Golang,8fbff1ed-ea25-4665-b0d2-e29807c1d1de,5,5,file,drivers/alist_v2/util.go,,,,0
min,3,total_halstead_calculated_length,Total Halstead Calculated Length/File,069ad96b-3762-4b18-b863-c8f40f8d0442,AlistGo__alist (sample analysis: 10 samples),Golang,8fbff1ed-ea25-4665-b0d2-e29807c1d1de,5,5,file,drivers/baidu_share/types.go,,,,0
min,4,total_halstead_calculated_length,Total Halstead Calculated Length/File,069ad96b-3762-4b18-b863-c8f40f8d0442,AlistGo__alist (sample analysis: 10 samples),Golang,8fbff1ed-ea25-4665-b0d2-e29807c1d1de,5,5,file,drivers/baidu_share/util.go,,,,0
min,5,total_halstead_calculated_length,Total Halstead Calculated Length/File,069ad96b-3762-4b18-b863-c8f40f8d0442,AlistGo__alist (sample analysis: 10 samples),Golang,8fbff1ed-ea25-4665-b0d2-e29807c1d1de,5,5,file,drivers/base/util.go,,,,0
max,1,total_halstead_calculated_length,Total Halstead Calculated Length/File,729d4ded-b025-47be-ae9b-ed0561b8f9e6,bcpierce00__unison (sample analysis: 10 samples),Ocaml,ebd72262-10d0-4975-877c-e775f90f97c5,5,5,file,unicode_utils/unicode_build.ml,,,,55083.01364369668
max,2,total_halstead_calculated_length,Total Halstead Calculated Length/File,729d4ded-b025-47be-ae9b-ed0561b8f9e6,bcpierce00__unison (sample analysis: 10 samples),Ocaml,ebd72262-10d0-4975-877c-e775f90f97c5,5,5,file,src/uigtk2.ml,,,,21746.811019192945
max,3,total_halstead_calculated_length,Total Halstead Calculated Length/File,e9d92337-e257-41dd-9d58-bc6f84121654,astrada__google-drive-ocamlfuse (sample analysis: 10 samples),Ocaml,9758bb80-9a74-4ba7-a4f1-9d730eab79d6,5,5,file,src/mime.ml,,,,19057.31514851234
max,4,total_halstead_calculated_length,Total Halstead Calculated Length/File,729d4ded-b025-47be-ae9b-ed0561b8f9e6,bcpierce00__unison (sample analysis: 10 samples),Ocaml,ebd72262-10d0-4975-877c-e775f90f97c5,5,5,file,src/unicode.ml,,,,16636.081540245992
max,5,total_halstead_calculated_length,Total Halstead Calculated Length/File,24cc32f1-80f1-40da-9ad5-e2285210d73d,router-for-me__CLIProxyAPI (sample analysis: 10 samples),Golang,64de7478-02d1-40eb-a840-f1cb456606c3,5,5,file,internal/misc/mime-type.go,,,,15438.864179372862
min,1,total_halstead_volume,Total Halstead Volume/File,a81fc79f-6ea8-409c-8690-f034ab9400d8,BinaryAnalysisPlatform__bap (sample analysis: 10 samples),Ocaml,e29426e0-5415-4dd3-a222-8d42b2fa69fe,5,5,file,lib/arm/arm_env.ml,,,,0
min,2,total_halstead_volume,Total Halstead Volume/File,a81fc79f-6ea8-409c-8690-f034ab9400d8,BinaryAnalysisPlatform__bap (sample analysis: 10 samples),Ocaml,e29426e0-5415-4dd3-a222-8d42b2fa69fe,5,5,file,lib/arm/arm_lifter.ml,,,,0
min,3,total_halstead_volume,Total Halstead Volume/File,a81fc79f-6ea8-409c-8690-f034ab9400d8,BinaryAnalysisPlatform__bap (sample analysis: 10 samples),Ocaml,e29426e0-5415-4dd3-a222-8d42b2fa69fe,5,5,file,lib/bap/bap_init_toplevel.mli,,,,0
min,4,total_halstead_volume,Total Halstead Volume/File,a81fc79f-6ea8-409c-8690-f034ab9400d8,BinaryAnalysisPlatform__bap (sample analysis: 10 samples),Ocaml,e29426e0-5415-4dd3-a222-8d42b2fa69fe,5,5,file,lib/bap_api/bap_api_attr.ml,,,,0
min,5,total_halstead_volume,Total Halstead Volume/File,a81fc79f-6ea8-409c-8690-f034ab9400d8,BinaryAnalysisPlatform__bap (sample analysis: 10 samples),Ocaml,e29426e0-5415-4dd3-a222-8d42b2fa69fe,5,5,file,lib/bap_api/bap_api_attr.mli,,,,0
max,1,total_halstead_volume,Total Halstead Volume/File,729d4ded-b025-47be-ae9b-ed0561b8f9e6,bcpierce00__unison (sample analysis: 10 samples),Ocaml,ebd72262-10d0-4975-877c-e775f90f97c5,5,5,file,src/uigtk2.ml,,,,199304.46459925783
max,2,total_halstead_volume,Total Halstead Volume/File,e749ce64-7ffd-4d8c-a44a-47ef93013510,airbus-seclab__bincat (sample analysis: 10 samples),Ocaml,1f6ce7d6-c1f5-4741-b9d7-720340d1296d,5,5,file,ocaml/src/disassembly/core_x86.ml,,,,172151.5924083808
max,3,total_halstead_volume,Total Halstead Volume/File,a81fc79f-6ea8-409c-8690-f034ab9400d8,BinaryAnalysisPlatform__bap (sample analysis: 10 samples),Ocaml,e29426e0-5415-4dd3-a222-8d42b2fa69fe,5,5,file,lib/bap/bap.mli,,,,158438.0761038963
max,4,total_halstead_volume,Total Halstead Volume/File,729d4ded-b025-47be-ae9b-ed0561b8f9e6,bcpierce00__unison (sample analysis: 10 samples),Ocaml,ebd72262-10d0-4975-877c-e775f90f97c5,5,5,file,unicode_utils/unicode_build.ml,,,,156071.95061647036
max,5,total_halstead_volume,Total Halstead Volume/File,e749ce64-7ffd-4d8c-a44a-47ef93013510,airbus-seclab__bincat (sample analysis: 10 samples),Ocaml,1f6ce7d6-c1f5-4741-b9d7-720340d1296d,5,5,file,ocaml/src/disassembly/armv7.ml,,,,95805.74023308398
min,1,total_halstead_difficulty,Total Halstead Difficulty/File,a81fc79f-6ea8-409c-8690-f034ab9400d8,BinaryAnalysisPlatform__bap (sample analysis: 10 samples),Ocaml,e29426e0-5415-4dd3-a222-8d42b2fa69fe,5,5,file,lib/arm/arm_env.ml,,,,0
min,2,total_halstead_difficulty,Total Halstead Difficulty/File,a81fc79f-6ea8-409c-8690-f034ab9400d8,BinaryAnalysisPlatform__bap (sample analysis: 10 samples),Ocaml,e29426e0-5415-4dd3-a222-8d42b2fa69fe,5,5,file,lib/arm/arm_lifter.ml,,,,0
min,3,total_halstead_difficulty,Total Halstead Difficulty/File,a81fc79f-6ea8-409c-8690-f034ab9400d8,BinaryAnalysisPlatform__bap (sample analysis: 10 samples),Ocaml,e29426e0-5415-4dd3-a222-8d42b2fa69fe,5,5,file,lib/bap/bap_init_toplevel.mli,,,,0
min,4,total_halstead_difficulty,Total Halstead Difficulty/File,a81fc79f-6ea8-409c-8690-f034ab9400d8,BinaryAnalysisPlatform__bap (sample analysis: 10 samples),Ocaml,e29426e0-5415-4dd3-a222-8d42b2fa69fe,5,5,file,lib/bap_api/bap_api_attr.ml,,,,0
min,5,total_halstead_difficulty,Total Halstead Difficulty/File,a81fc79f-6ea8-409c-8690-f034ab9400d8,BinaryAnalysisPlatform__bap (sample analysis: 10 samples),Ocaml,e29426e0-5415-4dd3-a222-8d42b2fa69fe,5,5,file,lib/bap_api/bap_api_attr.mli,,,,0
max,1,total_halstead_difficulty,Total Halstead Difficulty/File,a81fc79f-6ea8-409c-8690-f034ab9400d8,BinaryAnalysisPlatform__bap (sample analysis: 10 samples),Ocaml,e29426e0-5415-4dd3-a222-8d42b2fa69fe,5,5,file,lib/monads/monads_monad.ml,,,,428.23958333333337
max,2,total_halstead_difficulty,Total Halstead Difficulty/File,e749ce64-7ffd-4d8c-a44a-47ef93013510,airbus-seclab__bincat (sample analysis: 10 samples),Ocaml,1f6ce7d6-c1f5-4741-b9d7-720340d1296d,5,5,file,ocaml/src/disassembly/core_x86.ml,,,,289.4242556917688
max,3,total_halstead_difficulty,Total Halstead Difficulty/File,a81fc79f-6ea8-409c-8690-f034ab9400d8,BinaryAnalysisPlatform__bap (sample analysis: 10 samples),Ocaml,e29426e0-5415-4dd3-a222-8d42b2fa69fe,5,5,file,lib/bitvec/bitvec.ml,,,,281.25
max,4,total_halstead_difficulty,Total Halstead Difficulty/File,a81fc79f-6ea8-409c-8690-f034ab9400d8,BinaryAnalysisPlatform__bap (sample analysis: 10 samples),Ocaml,e29426e0-5415-4dd3-a222-8d42b2fa69fe,5,5,file,lib/graphlib/graphlib_graph.ml,,,,273.0266272189349
max,5,total_halstead_difficulty,Total Halstead Difficulty/File,a81fc79f-6ea8-409c-8690-f034ab9400d8,BinaryAnalysisPlatform__bap (sample analysis: 10 samples),Ocaml,e29426e0-5415-4dd3-a222-8d42b2fa69fe,5,5,file,lib/bap_types/bap_helpers.ml,,,,258.30111111111114
min,1,total_halstead_effort,Total Halstead Effort/File,a81fc79f-6ea8-409c-8690-f034ab9400d8,BinaryAnalysisPlatform__bap (sample analysis: 10 samples),Ocaml,e29426e0-5415-4dd3-a222-8d42b2fa69fe,5,5,file,lib/arm/arm_env.ml,,,,0
min,2,total_halstead_effort,Total Halstead Effort/File,a81fc79f-6ea8-409c-8690-f034ab9400d8,BinaryAnalysisPlatform__bap (sample analysis: 10 samples),Ocaml,e29426e0-5415-4dd3-a222-8d42b2fa69fe,5,5,file,lib/arm/arm_lifter.ml,,,,0
min,3,total_halstead_effort,Total Halstead Effort/File,a81fc79f-6ea8-409c-8690-f034ab9400d8,BinaryAnalysisPlatform__bap (sample analysis: 10 samples),Ocaml,e29426e0-5415-4dd3-a222-8d42b2fa69fe,5,5,file,lib/bap/bap_init_toplevel.mli,,,,0
min,4,total_halstead_effort,Total Halstead Effort/File,a81fc79f-6ea8-409c-8690-f034ab9400d8,BinaryAnalysisPlatform__bap (sample analysis: 10 samples),Ocaml,e29426e0-5415-4dd3-a222-8d42b2fa69fe,5,5,file,lib/bap_api/bap_api_attr.ml,,,,0
min,5,total_halstead_effort,Total Halstead Effort/File,a81fc79f-6ea8-409c-8690-f034ab9400d8,BinaryAnalysisPlatform__bap (sample analysis: 10 samples),Ocaml,e29426e0-5415-4dd3-a222-8d42b2fa69fe,5,5,file,lib/bap_api/bap_api_attr.mli,,,,0
max,1,total_halstead_effort,Total Halstead Effort/File,e749ce64-7ffd-4d8c-a44a-47ef93013510,airbus-seclab__bincat (sample analysis: 10 samples),Ocaml,1f6ce7d6-c1f5-4741-b9d7-720340d1296d,5,5,file,ocaml/src/disassembly/core_x86.ml,,,,49824846.498948365
max,2,total_halstead_effort,Total Halstead Effort/File,729d4ded-b025-47be-ae9b-ed0561b8f9e6,bcpierce00__unison (sample analysis: 10 samples),Ocaml,ebd72262-10d0-4975-877c-e775f90f97c5,5,5,file,src/uigtk2.ml,,,,44798282.474590264
max,3,total_halstead_effort,Total Halstead Effort/File,a81fc79f-6ea8-409c-8690-f034ab9400d8,BinaryAnalysisPlatform__bap (sample analysis: 10 samples),Ocaml,e29426e0-5415-4dd3-a222-8d42b2fa69fe,5,5,file,lib/bap/bap.mli,,,,31751853.351484016
max,4,total_halstead_effort,Total Halstead Effort/File,a81fc79f-6ea8-409c-8690-f034ab9400d8,BinaryAnalysisPlatform__bap (sample analysis: 10 samples),Ocaml,e29426e0-5415-4dd3-a222-8d42b2fa69fe,5,5,file,lib/monads/monads_monad.ml,,,,28805621.60712594
max,5,total_halstead_effort,Total Halstead Effort/File,e749ce64-7ffd-4d8c-a44a-47ef93013510,airbus-seclab__bincat (sample analysis: 10 samples),Ocaml,1f6ce7d6-c1f5-4741-b9d7-720340d1296d,5,5,file,ocaml/src/disassembly/armv7.ml,,,,24383148.25421231
min,1,total_halstead_time_seconds,Total Halstead Time Seconds/File,a81fc79f-6ea8-409c-8690-f034ab9400d8,BinaryAnalysisPlatform__bap (sample analysis: 10 samples),Ocaml,e29426e0-5415-4dd3-a222-8d42b2fa69fe,5,5,file,lib/arm/arm_env.ml,,,,0
min,2,total_halstead_time_seconds,Total Halstead Time Seconds/File,a81fc79f-6ea8-409c-8690-f034ab9400d8,BinaryAnalysisPlatform__bap (sample analysis: 10 samples),Ocaml,e29426e0-5415-4dd3-a222-8d42b2fa69fe,5,5,file,lib/arm/arm_lifter.ml,,,,0
min,3,total_halstead_time_seconds,Total Halstead Time Seconds/File,a81fc79f-6ea8-409c-8690-f034ab9400d8,BinaryAnalysisPlatform__bap (sample analysis: 10 samples),Ocaml,e29426e0-5415-4dd3-a222-8d42b2fa69fe,5,5,file,lib/bap/bap_init_toplevel.mli,,,,0
min,4,total_halstead_time_seconds,Total Halstead Time Seconds/File,a81fc79f-6ea8-409c-8690-f034ab9400d8,BinaryAnalysisPlatform__bap (sample analysis: 10 samples),Ocaml,e29426e0-5415-4dd3-a222-8d42b2fa69fe,5,5,file,lib/bap_api/bap_api_attr.ml,,,,0
min,5,total_halstead_time_seconds,Total Halstead Time Seconds/File,a81fc79f-6ea8-409c-8690-f034ab9400d8,BinaryAnalysisPlatform__bap (sample analysis: 10 samples),Ocaml,e29426e0-5415-4dd3-a222-8d42b2fa69fe,5,5,file,lib/bap_api/bap_api_attr.mli,,,,0
max,1,total_halstead_time_seconds,Total Halstead Time Seconds/File,e749ce64-7ffd-4d8c-a44a-47ef93013510,airbus-seclab__bincat (sample analysis: 10 samples),Ocaml,1f6ce7d6-c1f5-4741-b9d7-720340d1296d,5,5,file,ocaml/src/disassembly/core_x86.ml,,,,2768047.027719354
max,2,total_halstead_time_seconds,Total Halstead Time Seconds/File,729d4ded-b025-47be-ae9b-ed0561b8f9e6,bcpierce00__unison (sample analysis: 10 samples),Ocaml,ebd72262-10d0-4975-877c-e775f90f97c5,5,5,file,src/uigtk2.ml,,,,2488793.4708105703
max,3,total_halstead_time_seconds,Total Halstead Time Seconds/File,a81fc79f-6ea8-409c-8690-f034ab9400d8,BinaryAnalysisPlatform__bap (sample analysis: 10 samples),Ocaml,e29426e0-5415-4dd3-a222-8d42b2fa69fe,5,5,file,lib/bap/bap.mli,,,,1763991.852860223
max,4,total_halstead_time_seconds,Total Halstead Time Seconds/File,a81fc79f-6ea8-409c-8690-f034ab9400d8,BinaryAnalysisPlatform__bap (sample analysis: 10 samples),Ocaml,e29426e0-5415-4dd3-a222-8d42b2fa69fe,5,5,file,lib/monads/monads_monad.ml,,,,1600312.3115069969
max,5,total_halstead_time_seconds,Total Halstead Time Seconds/File,e749ce64-7ffd-4d8c-a44a-47ef93013510,airbus-seclab__bincat (sample analysis: 10 samples),Ocaml,1f6ce7d6-c1f5-4741-b9d7-720340d1296d,5,5,file,ocaml/src/disassembly/armv7.ml,,,,1354619.3474562394
min,1,total_halstead_bugs,Total Halstead Bugs/File,a81fc79f-6ea8-409c-8690-f034ab9400d8,BinaryAnalysisPlatform__bap (sample analysis: 10 samples),Ocaml,e29426e0-5415-4dd3-a222-8d42b2fa69fe,5,5,file,lib/arm/arm_env.ml,,,,0
min,2,total_halstead_bugs,Total Halstead Bugs/File,a81fc79f-6ea8-409c-8690-f034ab9400d8,BinaryAnalysisPlatform__bap (sample analysis: 10 samples),Ocaml,e29426e0-5415-4dd3-a222-8d42b2fa69fe,5,5,file,lib/arm/arm_lifter.ml,,,,0
min,3,total_halstead_bugs,Total Halstead Bugs/File,a81fc79f-6ea8-409c-8690-f034ab9400d8,BinaryAnalysisPlatform__bap (sample analysis: 10 samples),Ocaml,e29426e0-5415-4dd3-a222-8d42b2fa69fe,5,5,file,lib/bap/bap_init_toplevel.mli,,,,0
min,4,total_halstead_bugs,Total Halstead Bugs/File,a81fc79f-6ea8-409c-8690-f034ab9400d8,BinaryAnalysisPlatform__bap (sample analysis: 10 samples),Ocaml,e29426e0-5415-4dd3-a222-8d42b2fa69fe,5,5,file,lib/bap_api/bap_api_attr.ml,,,,0
min,5,total_halstead_bugs,Total Halstead Bugs/File,a81fc79f-6ea8-409c-8690-f034ab9400d8,BinaryAnalysisPlatform__bap (sample analysis: 10 samples),Ocaml,e29426e0-5415-4dd3-a222-8d42b2fa69fe,5,5,file,lib/bap_api/bap_api_attr.mli,,,,0
max,1,total_halstead_bugs,Total Halstead Bugs/File,729d4ded-b025-47be-ae9b-ed0561b8f9e6,bcpierce00__unison (sample analysis: 10 samples),Ocaml,ebd72262-10d0-4975-877c-e775f90f97c5,5,5,file,src/uigtk2.ml,,,,66.43482153308594
max,2,total_halstead_bugs,Total Halstead Bugs/File,e749ce64-7ffd-4d8c-a44a-47ef93013510,airbus-seclab__bincat (sample analysis: 10 samples),Ocaml,1f6ce7d6-c1f5-4741-b9d7-720340d1296d,5,5,file,ocaml/src/disassembly/core_x86.ml,,,,57.38386413612693
max,3,total_halstead_bugs,Total Halstead Bugs/File,a81fc79f-6ea8-409c-8690-f034ab9400d8,BinaryAnalysisPlatform__bap (sample analysis: 10 samples),Ocaml,e29426e0-5415-4dd3-a222-8d42b2fa69fe,5,5,file,lib/bap/bap.mli,,,,52.8126920346321
max,4,total_halstead_bugs,Total Halstead Bugs/File,729d4ded-b025-47be-ae9b-ed0561b8f9e6,bcpierce00__unison (sample analysis: 10 samples),Ocaml,ebd72262-10d0-4975-877c-e775f90f97c5,5,5,file,unicode_utils/unicode_build.ml,,,,52.02398353882345
max,5,total_halstead_bugs,Total Halstead Bugs/File,e749ce64-7ffd-4d8c-a44a-47ef93013510,airbus-seclab__bincat (sample analysis: 10 samples),Ocaml,1f6ce7d6-c1f5-4741-b9d7-720340d1296d,5,5,file,ocaml/src/disassembly/armv7.ml,,,,31.93524674436133
min,1,mean_outdegree_per_file,Mean Outdegree/File,069ad96b-3762-4b18-b863-c8f40f8d0442,AlistGo__alist (sample analysis: 10 samples),Golang,8fbff1ed-ea25-4665-b0d2-e29807c1d1de,5,5,file,cmd/flags/config.go,,,,0
min,2,mean_outdegree_per_file,Mean Outdegree/File,069ad96b-3762-4b18-b863-c8f40f8d0442,AlistGo__alist (sample analysis: 10 samples),Golang,8fbff1ed-ea25-4665-b0d2-e29807c1d1de,5,5,file,drivers/139/types.go,,,,0
min,3,mean_outdegree_per_file,Mean Outdegree/File,069ad96b-3762-4b18-b863-c8f40f8d0442,AlistGo__alist (sample analysis: 10 samples),Golang,8fbff1ed-ea25-4665-b0d2-e29807c1d1de,5,5,file,drivers/189/types.go,,,,0
min,4,mean_outdegree_per_file,Mean Outdegree/File,069ad96b-3762-4b18-b863-c8f40f8d0442,AlistGo__alist (sample analysis: 10 samples),Golang,8fbff1ed-ea25-4665-b0d2-e29807c1d1de,5,5,file,drivers/alias/types.go,,,,0
min,5,mean_outdegree_per_file,Mean Outdegree/File,069ad96b-3762-4b18-b863-c8f40f8d0442,AlistGo__alist (sample analysis: 10 samples),Golang,8fbff1ed-ea25-4665-b0d2-e29807c1d1de,5,5,file,drivers/alist_v2/types.go,,,,0
max,1,mean_outdegree_per_file,Mean Outdegree/File,24cc32f1-80f1-40da-9ad5-e2285210d73d,router-for-me__CLIProxyAPI (sample analysis: 10 samples),Golang,64de7478-02d1-40eb-a840-f1cb456606c3,5,5,file,internal/translator/gemini/openai/responses/gemini_openai-responses_request.go,,,,102
max,2,mean_outdegree_per_file,Mean Outdegree/File,24cc32f1-80f1-40da-9ad5-e2285210d73d,router-for-me__CLIProxyAPI (sample analysis: 10 samples),Golang,64de7478-02d1-40eb-a840-f1cb456606c3,5,5,file,internal/translator/claude/gemini/claude_gemini_request.go,,,,97
max,3,mean_outdegree_per_file,Mean Outdegree/File,24cc32f1-80f1-40da-9ad5-e2285210d73d,router-for-me__CLIProxyAPI (sample analysis: 10 samples),Golang,64de7478-02d1-40eb-a840-f1cb456606c3,5,5,file,internal/translator/openai/gemini/openai_gemini_request.go,,,,80
max,4,mean_outdegree_per_file,Mean Outdegree/File,24cc32f1-80f1-40da-9ad5-e2285210d73d,router-for-me__CLIProxyAPI (sample analysis: 10 samples),Golang,64de7478-02d1-40eb-a840-f1cb456606c3,5,5,file,internal/translator/claude/openai/responses/claude_openai-responses_request.go,,,,77
max,5,mean_outdegree_per_file,Mean Outdegree/File,24cc32f1-80f1-40da-9ad5-e2285210d73d,router-for-me__CLIProxyAPI (sample analysis: 10 samples),Golang,64de7478-02d1-40eb-a840-f1cb456606c3,5,5,file,internal/translator/claude/openai/chat-completions/claude_openai_request.go,,,,77
min,1,mean_indegree_per_file,Mean Indegree/File,069ad96b-3762-4b18-b863-c8f40f8d0442,AlistGo__alist (sample analysis: 10 samples),Golang,8fbff1ed-ea25-4665-b0d2-e29807c1d1de,5,5,file,cmd/admin.go,,,,0
min,2,mean_indegree_per_file,Mean Indegree/File,069ad96b-3762-4b18-b863-c8f40f8d0442,AlistGo__alist (sample analysis: 10 samples),Golang,8fbff1ed-ea25-4665-b0d2-e29807c1d1de,5,5,file,cmd/cancel2FA.go,,,,0
min,3,mean_indegree_per_file,Mean Indegree/File,069ad96b-3762-4b18-b863-c8f40f8d0442,AlistGo__alist (sample analysis: 10 samples),Golang,8fbff1ed-ea25-4665-b0d2-e29807c1d1de,5,5,file,cmd/common.go,,,,0
min,4,mean_indegree_per_file,Mean Indegree/File,069ad96b-3762-4b18-b863-c8f40f8d0442,AlistGo__alist (sample analysis: 10 samples),Golang,8fbff1ed-ea25-4665-b0d2-e29807c1d1de,5,5,file,cmd/flags/config.go,,,,0
min,5,mean_indegree_per_file,Mean Indegree/File,069ad96b-3762-4b18-b863-c8f40f8d0442,AlistGo__alist (sample analysis: 10 samples),Golang,8fbff1ed-ea25-4665-b0d2-e29807c1d1de,5,5,file,cmd/restart.go,,,,0
max,1,mean_indegree_per_file,Mean Indegree/File,a81fc79f-6ea8-409c-8690-f034ab9400d8,BinaryAnalysisPlatform__bap (sample analysis: 10 samples),Ocaml,e29426e0-5415-4dd3-a222-8d42b2fa69fe,5,5,file,lib/bap_core_theory/bap_core_theory_parser.ml,,,,3.5783132530120483
max,2,mean_indegree_per_file,Mean Indegree/File,a81fc79f-6ea8-409c-8690-f034ab9400d8,BinaryAnalysisPlatform__bap (sample analysis: 10 samples),Ocaml,e29426e0-5415-4dd3-a222-8d42b2fa69fe,5,5,file,lib/bap_future/bap_future.ml,,,,3.4857142857142858
max,3,mean_indegree_per_file,Mean Indegree/File,e749ce64-7ffd-4d8c-a44a-47ef93013510,airbus-seclab__bincat (sample analysis: 10 samples),Ocaml,1f6ce7d6-c1f5-4741-b9d7-720340d1296d,5,5,file,ocaml/src/disassembly/powerpc.ml,,,,3.4
max,4,mean_indegree_per_file,Mean Indegree/File,729d4ded-b025-47be-ae9b-ed0561b8f9e6,bcpierce00__unison (sample analysis: 10 samples),Ocaml,ebd72262-10d0-4975-877c-e775f90f97c5,5,5,file,src/unicode.ml,,,,3.388888888888889
max,5,mean_indegree_per_file,Mean Indegree/File,e749ce64-7ffd-4d8c-a44a-47ef93013510,airbus-seclab__bincat (sample analysis: 10 samples),Ocaml,1f6ce7d6-c1f5-4741-b9d7-720340d1296d,5,5,file,ocaml/src/disassembly/core_x86.ml,,,,2.8578680203045685
min,1,mean_cyclomatic_per_function_per_file,Mean Function Cyclomatic/File,069ad96b-3762-4b18-b863-c8f40f8d0442,AlistGo__alist (sample analysis: 10 samples),Golang,8fbff1ed-ea25-4665-b0d2-e29807c1d1de,5,5,file,cmd/flags/config.go,,,,0
min,2,mean_cyclomatic_per_function_per_file,Mean Function Cyclomatic/File,069ad96b-3762-4b18-b863-c8f40f8d0442,AlistGo__alist (sample analysis: 10 samples),Golang,8fbff1ed-ea25-4665-b0d2-e29807c1d1de,5,5,file,drivers/139/types.go,,,,0
min,3,mean_cyclomatic_per_function_per_file,Mean Function Cyclomatic/File,069ad96b-3762-4b18-b863-c8f40f8d0442,AlistGo__alist (sample analysis: 10 samples),Golang,8fbff1ed-ea25-4665-b0d2-e29807c1d1de,5,5,file,drivers/189/types.go,,,,0
min,4,mean_cyclomatic_per_function_per_file,Mean Function Cyclomatic/File,069ad96b-3762-4b18-b863-c8f40f8d0442,AlistGo__alist (sample analysis: 10 samples),Golang,8fbff1ed-ea25-4665-b0d2-e29807c1d1de,5,5,file,drivers/alias/types.go,,,,0
min,5,mean_cyclomatic_per_function_per_file,Mean Function Cyclomatic/File,069ad96b-3762-4b18-b863-c8f40f8d0442,AlistGo__alist (sample analysis: 10 samples),Golang,8fbff1ed-ea25-4665-b0d2-e29807c1d1de,5,5,file,drivers/alist_v2/types.go,,,,0
max,1,mean_cyclomatic_per_function_per_file,Mean Function Cyclomatic/File,e9d92337-e257-41dd-9d58-bc6f84121654,astrada__google-drive-ocamlfuse (sample analysis: 10 samples),Ocaml,9758bb80-9a74-4ba7-a4f1-9d730eab79d6,5,5,file,src/mime.ml,,,,771
max,2,mean_cyclomatic_per_function_per_file,Mean Function Cyclomatic/File,24cc32f1-80f1-40da-9ad5-e2285210d73d,router-for-me__CLIProxyAPI (sample analysis: 10 samples),Golang,64de7478-02d1-40eb-a840-f1cb456606c3,5,5,file,internal/translator/gemini/openai/responses/gemini_openai-responses_request.go,,,,108
max,3,mean_cyclomatic_per_function_per_file,Mean Function Cyclomatic/File,24cc32f1-80f1-40da-9ad5-e2285210d73d,router-for-me__CLIProxyAPI (sample analysis: 10 samples),Golang,64de7478-02d1-40eb-a840-f1cb456606c3,5,5,file,internal/translator/claude/openai/responses/claude_openai-responses_request.go,,,,75
max,4,mean_cyclomatic_per_function_per_file,Mean Function Cyclomatic/File,24cc32f1-80f1-40da-9ad5-e2285210d73d,router-for-me__CLIProxyAPI (sample analysis: 10 samples),Golang,64de7478-02d1-40eb-a840-f1cb456606c3,5,5,file,internal/translator/claude/gemini/claude_gemini_request.go,,,,62
max,5,mean_cyclomatic_per_function_per_file,Mean Function Cyclomatic/File,3e629e34-e52d-445d-9487-cfbcb29d77e8,junegunn__fzf (sample analysis: 10 samples),Golang,7b60b226-3724-45ad-afe0-1b4607ddefd4,5,5,file,src/core.go,,,,61
min,1,function_length,Function Length,069ad96b-3762-4b18-b863-c8f40f8d0442,AlistGo__alist (sample analysis: 10 samples),Golang,8fbff1ed-ea25-4665-b0d2-e29807c1d1de,5,5,function,cmd/storage.go,Init:58:16,58,58,0
min,2,function_length,Function Length,069ad96b-3762-4b18-b863-c8f40f8d0442,AlistGo__alist (sample analysis: 10 samples),Golang,8fbff1ed-ea25-4665-b0d2-e29807c1d1de,5,5,function,drivers/189pc/help.go,UnmarshalJSON:89:16,89,89,0
min,3,function_length,Function Length,069ad96b-3762-4b18-b863-c8f40f8d0442,AlistGo__alist (sample analysis: 10 samples),Golang,8fbff1ed-ea25-4665-b0d2-e29807c1d1de,5,5,function,drivers/189pc/help.go,UnmarshalJSON:118:18,118,118,0
min,4,function_length,Function Length,069ad96b-3762-4b18-b863-c8f40f8d0442,AlistGo__alist (sample analysis: 10 samples),Golang,8fbff1ed-ea25-4665-b0d2-e29807c1d1de,5,5,function,drivers/189pc/types.go,GetSize:187:24,187,187,0
min,5,function_length,Function Length,069ad96b-3762-4b18-b863-c8f40f8d0442,AlistGo__alist (sample analysis: 10 samples),Golang,8fbff1ed-ea25-4665-b0d2-e29807c1d1de,5,5,function,drivers/189pc/types.go,GetName:188:24,188,188,0
max,1,function_length,Function Length,729d4ded-b025-47be-ae9b-ed0561b8f9e6,bcpierce00__unison (sample analysis: 10 samples),Ocaml,ebd72262-10d0-4975-877c-e775f90f97c5,5,5,function,src/uigtk2.ml,createToplevelWindow:2647:5,2647,4236,1589
max,2,function_length,Function Length,a81fc79f-6ea8-409c-8690-f034ab9400d8,BinaryAnalysisPlatform__bap (sample analysis: 10 samples),Ocaml,e29426e0-5415-4dd3-a222-8d42b2fa69fe,5,5,function,plugins/x86/x86_lifter.ml,to_ir:272:11,272,1554,1282
max,3,function_length,Function Length,a81fc79f-6ea8-409c-8690-f034ab9400d8,BinaryAnalysisPlatform__bap (sample analysis: 10 samples),Ocaml,e29426e0-5415-4dd3-a222-8d42b2fa69fe,5,5,function,plugins/x86/x86_disasm.ml,parse_instr:25:5,25,1249,1224
max,4,function_length,Function Length,e749ce64-7ffd-4d8c-a44a-47ef93013510,airbus-seclab__bincat (sample analysis: 10 samples),Ocaml,1f6ce7d6-c1f5-4741-b9d7-720340d1296d,5,5,function,ocaml/src/npk/c2newspeak/typedC2Cir.ml,translate:125:5,125,1318,1193
max,5,function_length,Function Length,08fc41ef-3162-4883-934f-1f96a9db7b1a,fastpack__fastpack (sample analysis: 10 samples),Ocaml,feb0a38b-00ba-4c22-aba8-be967ce36146,5,5,function,FastpackUtil/Printer.ml,print:272:5,272,1369,1097
min,1,cyclomatic,Function Cyclomatic,069ad96b-3762-4b18-b863-c8f40f8d0442,AlistGo__alist (sample analysis: 10 samples),Golang,8fbff1ed-ea25-4665-b0d2-e29807c1d1de,5,5,function,cmd/admin.go,init:86:6,86,100,1
min,2,cyclomatic,Function Cyclomatic,069ad96b-3762-4b18-b863-c8f40f8d0442,AlistGo__alist (sample analysis: 10 samples),Golang,8fbff1ed-ea25-4665-b0d2-e29807c1d1de,5,5,function,cmd/cancel2FA.go,init:34:6,34,46,1
min,3,cyclomatic,Function Cyclomatic,069ad96b-3762-4b18-b863-c8f40f8d0442,AlistGo__alist (sample analysis: 10 samples),Golang,8fbff1ed-ea25-4665-b0d2-e29807c1d1de,5,5,function,cmd/common.go,Init:15:6,15,21,1
min,4,cyclomatic,Function Cyclomatic,069ad96b-3762-4b18-b863-c8f40f8d0442,AlistGo__alist (sample analysis: 10 samples),Golang,8fbff1ed-ea25-4665-b0d2-e29807c1d1de,5,5,function,cmd/common.go,Release:23:6,23,25,1
min,5,cyclomatic,Function Cyclomatic,069ad96b-3762-4b18-b863-c8f40f8d0442,AlistGo__alist (sample analysis: 10 samples),Golang,8fbff1ed-ea25-4665-b0d2-e29807c1d1de,5,5,function,cmd/lang.go,convert:34:6,34,38,1
max,1,cyclomatic,Function Cyclomatic,e9d92337-e257-41dd-9d58-bc6f84121654,astrada__google-drive-ocamlfuse (sample analysis: 10 samples),Ocaml,9758bb80-9a74-4ba7-a4f1-9d730eab79d6,5,5,function,src/mime.ml,map_filename_to_mime_type:3:5,3,777,771
max,2,cyclomatic,Function Cyclomatic,a81fc79f-6ea8-409c-8690-f034ab9400d8,BinaryAnalysisPlatform__bap (sample analysis: 10 samples),Ocaml,e29426e0-5415-4dd3-a222-8d42b2fa69fe,5,5,function,plugins/x86/x86_disasm.ml,get_opcode:420:7,420,1178,412
max,3,cyclomatic,Function Cyclomatic,a81fc79f-6ea8-409c-8690-f034ab9400d8,BinaryAnalysisPlatform__bap (sample analysis: 10 samples),Ocaml,e29426e0-5415-4dd3-a222-8d42b2fa69fe,5,5,function,plugins/x86/x86_lifter.ml,to_ir:272:11,272,1554,229
max,4,cyclomatic,Function Cyclomatic,e749ce64-7ffd-4d8c-a44a-47ef93013510,airbus-seclab__bincat (sample analysis: 10 samples),Ocaml,1f6ce7d6-c1f5-4741-b9d7-720340d1296d,5,5,function,ocaml/src/disassembly/core_x86.ml,decode:2576:13,2576,2849,215
max,5,cyclomatic,Function Cyclomatic,3e629e34-e52d-445d-9487-cfbcb29d77e8,junegunn__fzf (sample analysis: 10 samples),Golang,7b60b226-3724-45ad-afe0-1b4607ddefd4,5,5,function,src/terminal.go,Loop:1421:20,1421,2029,195
min,1,cyclomatic_match_as_single_branch,Function Cyclomatic Match As Single Branch,069ad96b-3762-4b18-b863-c8f40f8d0442,AlistGo__alist (sample analysis: 10 samples),Golang,8fbff1ed-ea25-4665-b0d2-e29807c1d1de,5,5,function,cmd/admin.go,init:86:6,86,100,1
min,2,cyclomatic_match_as_single_branch,Function Cyclomatic Match As Single Branch,069ad96b-3762-4b18-b863-c8f40f8d0442,AlistGo__alist (sample analysis: 10 samples),Golang,8fbff1ed-ea25-4665-b0d2-e29807c1d1de,5,5,function,cmd/cancel2FA.go,init:34:6,34,46,1
min,3,cyclomatic_match_as_single_branch,Function Cyclomatic Match As Single Branch,069ad96b-3762-4b18-b863-c8f40f8d0442,AlistGo__alist (sample analysis: 10 samples),Golang,8fbff1ed-ea25-4665-b0d2-e29807c1d1de,5,5,function,cmd/common.go,Init:15:6,15,21,1
min,4,cyclomatic_match_as_single_branch,Function Cyclomatic Match As Single Branch,069ad96b-3762-4b18-b863-c8f40f8d0442,AlistGo__alist (sample analysis: 10 samples),Golang,8fbff1ed-ea25-4665-b0d2-e29807c1d1de,5,5,function,cmd/common.go,Release:23:6,23,25,1
min,5,cyclomatic_match_as_single_branch,Function Cyclomatic Match As Single Branch,069ad96b-3762-4b18-b863-c8f40f8d0442,AlistGo__alist (sample analysis: 10 samples),Golang,8fbff1ed-ea25-4665-b0d2-e29807c1d1de,5,5,function,cmd/lang.go,convert:34:6,34,38,1
max,1,cyclomatic_match_as_single_branch,Function Cyclomatic Match As Single Branch,3e629e34-e52d-445d-9487-cfbcb29d77e8,junegunn__fzf (sample analysis: 10 samples),Golang,7b60b226-3724-45ad-afe0-1b4607ddefd4,5,5,function,src/terminal.go,Loop:1421:20,1421,2029,126
max,2,cyclomatic_match_as_single_branch,Function Cyclomatic Match As Single Branch,9539fa79-4e99-4b7c-8679-62b23d3abedd,go-gorm__gorm (sample analysis: 10 samples),Golang,14b3a778-51d7-49e5-9b43-34d6ebaece80,5,5,function,model_struct.go,GetModelStruct:150:21,150,631,112
max,3,cyclomatic_match_as_single_branch,Function Cyclomatic Match As Single Branch,24cc32f1-80f1-40da-9ad5-e2285210d73d,router-for-me__CLIProxyAPI (sample analysis: 10 samples),Golang,64de7478-02d1-40eb-a840-f1cb456606c3,5,5,function,internal/translator/openai/openai/responses/openai_openai-responses_response.go,ConvertOpenAIChatCompletionsResponseToOpenAIResponses:50:6,50,580,107
max,4,cyclomatic_match_as_single_branch,Function Cyclomatic Match As Single Branch,24cc32f1-80f1-40da-9ad5-e2285210d73d,router-for-me__CLIProxyAPI (sample analysis: 10 samples),Golang,64de7478-02d1-40eb-a840-f1cb456606c3,5,5,function,internal/translator/gemini/openai/responses/gemini_openai-responses_request.go,ConvertOpenAIResponsesRequestToGemini:15:6,15,451,98
max,5,cyclomatic_match_as_single_branch,Function Cyclomatic Match As Single Branch,a81fc79f-6ea8-409c-8690-f034ab9400d8,BinaryAnalysisPlatform__bap (sample analysis: 10 samples),Ocaml,e29426e0-5415-4dd3-a222-8d42b2fa69fe,5,5,function,plugins/x86/x86_disasm.ml,get_opcode:420:7,420,1178,97
min,1,indegree,Function Indegree,069ad96b-3762-4b18-b863-c8f40f8d0442,AlistGo__alist (sample analysis: 10 samples),Golang,8fbff1ed-ea25-4665-b0d2-e29807c1d1de,5,5,function,cmd/admin.go,setAdminPassword:67:6,67,84,0
min,2,indegree,Function Indegree,069ad96b-3762-4b18-b863-c8f40f8d0442,AlistGo__alist (sample analysis: 10 samples),Golang,8fbff1ed-ea25-4665-b0d2-e29807c1d1de,5,5,function,cmd/admin.go,init:86:6,86,100,0
min,3,indegree,Function Indegree,069ad96b-3762-4b18-b863-c8f40f8d0442,AlistGo__alist (sample analysis: 10 samples),Golang,8fbff1ed-ea25-4665-b0d2-e29807c1d1de,5,5,function,cmd/cancel2FA.go,init:34:6,34,46,0
min,4,indegree,Function Indegree,069ad96b-3762-4b18-b863-c8f40f8d0442,AlistGo__alist (sample analysis: 10 samples),Golang,8fbff1ed-ea25-4665-b0d2-e29807c1d1de,5,5,function,cmd/common.go,Init:15:6,15,21,0
min,5,indegree,Function Indegree,069ad96b-3762-4b18-b863-c8f40f8d0442,AlistGo__alist (sample analysis: 10 samples),Golang,8fbff1ed-ea25-4665-b0d2-e29807c1d1de,5,5,function,cmd/common.go,Release:23:6,23,25,0
max,1,indegree,Function Indegree,a81fc79f-6ea8-409c-8690-f034ab9400d8,BinaryAnalysisPlatform__bap (sample analysis: 10 samples),Ocaml,e29426e0-5415-4dd3-a222-8d42b2fa69fe,5,5,function,lib/bap_core_theory/bap_core_theory_empty.ml,sort:10:5,10,10,75
max,2,indegree,Function Indegree,a81fc79f-6ea8-409c-8690-f034ab9400d8,BinaryAnalysisPlatform__bap (sample analysis: 10 samples),Ocaml,e29426e0-5415-4dd3-a222-8d42b2fa69fe,5,5,function,lib/bap_core_theory/bap_core_theory_manager.ml,join2:95:5,95,99,60
max,3,indegree,Function Indegree,e749ce64-7ffd-4d8c-a44a-47ef93013510,airbus-seclab__bincat (sample analysis: 10 samples),Ocaml,1f6ce7d6-c1f5-4741-b9d7-720340d1296d,5,5,function,ocaml/src/disassembly/core_x86.ml,return:849:7,849,857,52
max,4,indegree,Function Indegree,a81fc79f-6ea8-409c-8690-f034ab9400d8,BinaryAnalysisPlatform__bap (sample analysis: 10 samples),Ocaml,e29426e0-5415-4dd3-a222-8d42b2fa69fe,5,5,function,lib/monads/monads_monad.ml,f:200:15,200,202,51
max,5,indegree,Function Indegree,24e65021-62fe-4607-8cfb-8f06e8e5257f,spf13__cobra (sample analysis: 10 samples),Golang,4c9a5e37-3216-4dd1-84a3-580162fd2e90,5,5,function,command_test.go,executeCommand:16:6,16,19,51
min,1,outdegree,Function Outdegree,069ad96b-3762-4b18-b863-c8f40f8d0442,AlistGo__alist (sample analysis: 10 samples),Golang,8fbff1ed-ea25-4665-b0d2-e29807c1d1de,5,5,function,cmd/storage.go,Init:58:16,58,58,0
min,2,outdegree,Function Outdegree,069ad96b-3762-4b18-b863-c8f40f8d0442,AlistGo__alist (sample analysis: 10 samples),Golang,8fbff1ed-ea25-4665-b0d2-e29807c1d1de,5,5,function,drivers/115/driver.go,Config:23:18,23,25,0
min,3,outdegree,Function Outdegree,069ad96b-3762-4b18-b863-c8f40f8d0442,AlistGo__alist (sample analysis: 10 samples),Golang,8fbff1ed-ea25-4665-b0d2-e29807c1d1de,5,5,function,drivers/115/driver.go,GetAddition:27:18,27,29,0
min,4,outdegree,Function Outdegree,069ad96b-3762-4b18-b863-c8f40f8d0442,AlistGo__alist (sample analysis: 10 samples),Golang,8fbff1ed-ea25-4665-b0d2-e29807c1d1de,5,5,function,drivers/115/driver.go,Drop:45:18,45,47,0
min,5,outdegree,Function Outdegree,069ad96b-3762-4b18-b863-c8f40f8d0442,AlistGo__alist (sample analysis: 10 samples),Golang,8fbff1ed-ea25-4665-b0d2-e29807c1d1de,5,5,function,drivers/115/types.go,CreateTime:16:19,16,18,0
max,1,outdegree,Function Outdegree,a81fc79f-6ea8-409c-8690-f034ab9400d8,BinaryAnalysisPlatform__bap (sample analysis: 10 samples),Ocaml,e29426e0-5415-4dd3-a222-8d42b2fa69fe,5,5,function,plugins/x86/x86_lifter.ml,to_ir:272:11,272,1554,130
max,2,outdegree,Function Outdegree,a81fc79f-6ea8-409c-8690-f034ab9400d8,BinaryAnalysisPlatform__bap (sample analysis: 10 samples),Ocaml,e29426e0-5415-4dd3-a222-8d42b2fa69fe,5,5,function,plugins/x86/x86_disasm.ml,get_opcode:420:7,420,1178,124
max,3,outdegree,Function Outdegree,729d4ded-b025-47be-ae9b-ed0561b8f9e6,bcpierce00__unison (sample analysis: 10 samples),Ocaml,ebd72262-10d0-4975-877c-e775f90f97c5,5,5,function,src/uigtk2.ml,createToplevelWindow:2647:5,2647,4236,105
max,4,outdegree,Function Outdegree,729d4ded-b025-47be-ae9b-ed0561b8f9e6,bcpierce00__unison (sample analysis: 10 samples),Ocaml,ebd72262-10d0-4975-877c-e775f90f97c5,5,5,function,src/uigtk.ml,createToplevelWindow:1022:9,1022,2089,105
max,5,outdegree,Function Outdegree,24cc32f1-80f1-40da-9ad5-e2285210d73d,router-for-me__CLIProxyAPI (sample analysis: 10 samples),Golang,64de7478-02d1-40eb-a840-f1cb456606c3,5,5,function,internal/translator/gemini/openai/responses/gemini_openai-responses_request.go,ConvertOpenAIResponsesRequestToGemini:15:6,15,451,102
min,1,halstead_unique_operators,Function Halstead Unique Operators,069ad96b-3762-4b18-b863-c8f40f8d0442,AlistGo__alist (sample analysis: 10 samples),Golang,8fbff1ed-ea25-4665-b0d2-e29807c1d1de,5,5,function,cmd/admin.go,init:86:6,86,100,1
min,2,halstead_unique_operators,Function Halstead Unique Operators,069ad96b-3762-4b18-b863-c8f40f8d0442,AlistGo__alist (sample analysis: 10 samples),Golang,8fbff1ed-ea25-4665-b0d2-e29807c1d1de,5,5,function,cmd/cancel2FA.go,init:34:6,34,46,1
min,3,halstead_unique_operators,Function Halstead Unique Operators,069ad96b-3762-4b18-b863-c8f40f8d0442,AlistGo__alist (sample analysis: 10 samples),Golang,8fbff1ed-ea25-4665-b0d2-e29807c1d1de,5,5,function,cmd/common.go,Init:15:6,15,21,1
min,4,halstead_unique_operators,Function Halstead Unique Operators,069ad96b-3762-4b18-b863-c8f40f8d0442,AlistGo__alist (sample analysis: 10 samples),Golang,8fbff1ed-ea25-4665-b0d2-e29807c1d1de,5,5,function,cmd/common.go,Release:23:6,23,25,1
min,5,halstead_unique_operators,Function Halstead Unique Operators,069ad96b-3762-4b18-b863-c8f40f8d0442,AlistGo__alist (sample analysis: 10 samples),Golang,8fbff1ed-ea25-4665-b0d2-e29807c1d1de,5,5,function,cmd/lang.go,init:149:6,149,161,1
max,1,halstead_unique_operators,Function Halstead Unique Operators,a81fc79f-6ea8-409c-8690-f034ab9400d8,BinaryAnalysisPlatform__bap (sample analysis: 10 samples),Ocaml,e29426e0-5415-4dd3-a222-8d42b2fa69fe,5,5,function,plugins/x86/x86_lifter.ml,to_ir:272:11,272,1554,53
max,2,halstead_unique_operators,Function Halstead Unique Operators,729d4ded-b025-47be-ae9b-ed0561b8f9e6,bcpierce00__unison (sample analysis: 10 samples),Ocaml,ebd72262-10d0-4975-877c-e775f90f97c5,5,5,function,src/uigtk2.ml,createToplevelWindow:2647:5,2647,4236,50
max,3,halstead_unique_operators,Function Halstead Unique Operators,a81fc79f-6ea8-409c-8690-f034ab9400d8,BinaryAnalysisPlatform__bap (sample analysis: 10 samples),Ocaml,e29426e0-5415-4dd3-a222-8d42b2fa69fe,5,5,function,plugins/x86/x86_disasm.ml,parse_instr:25:5,25,1249,45
max,4,halstead_unique_operators,Function Halstead Unique Operators,729d4ded-b025-47be-ae9b-ed0561b8f9e6,bcpierce00__unison (sample analysis: 10 samples),Ocaml,ebd72262-10d0-4975-877c-e775f90f97c5,5,5,function,src/uigtk.ml,createToplevelWindow:1022:9,1022,2089,44
max,5,halstead_unique_operators,Function Halstead Unique Operators,e749ce64-7ffd-4d8c-a44a-47ef93013510,airbus-seclab__bincat (sample analysis: 10 samples),Ocaml,1f6ce7d6-c1f5-4741-b9d7-720340d1296d,5,5,function,ocaml/src/npk/c2newspeak/typedC2Cir.ml,translate:883:13,883,914,42
min,1,halstead_unique_operands,Function Halstead Unique Operands,069ad96b-3762-4b18-b863-c8f40f8d0442,AlistGo__alist (sample analysis: 10 samples),Golang,8fbff1ed-ea25-4665-b0d2-e29807c1d1de,5,5,function,drivers/all.go,All:57:6,57,59,1
min,2,halstead_unique_operands,Function Halstead Unique Operands,e8c37d0d-f999-4ab0-9696-770ba31bbe18,gin-gonic__gin (sample analysis: 10 samples),Golang,254e980c-3a56-4027-98f0-4227ed4866aa,5,5,function,utils_test.go,somefunction:86:6,86,88,1
min,3,halstead_unique_operands,Function Halstead Unique Operands,a81fc79f-6ea8-409c-8690-f034ab9400d8,BinaryAnalysisPlatform__bap (sample analysis: 10 samples),Ocaml,e29426e0-5415-4dd3-a222-8d42b2fa69fe,5,5,function,lib/bap_recipe/bap_recipe.ml,name:305:7,305,305,1
min,4,halstead_unique_operands,Function Halstead Unique Operands,a81fc79f-6ea8-409c-8690-f034ab9400d8,BinaryAnalysisPlatform__bap (sample analysis: 10 samples),Ocaml,e29426e0-5415-4dd3-a222-8d42b2fa69fe,5,5,function,lib/monads/monads_monad.ml,zero:236:13,236,236,1
min,5,halstead_unique_operands,Function Halstead Unique Operands,a81fc79f-6ea8-409c-8690-f034ab9400d8,BinaryAnalysisPlatform__bap (sample analysis: 10 samples),Ocaml,e29426e0-5415-4dd3-a222-8d42b2fa69fe,5,5,function,lib/monads/monads_monad.ml,zero:246:13,246,246,1
max,1,halstead_unique_operands,Function Halstead Unique Operands,e9d92337-e257-41dd-9d58-bc6f84121654,astrada__google-drive-ocamlfuse (sample analysis: 10 samples),Ocaml,9758bb80-9a74-4ba7-a4f1-9d730eab79d6,5,5,function,src/mime.ml,map_filename_to_mime_type:3:5,3,777,1763
max,2,halstead_unique_operands,Function Halstead Unique Operands,729d4ded-b025-47be-ae9b-ed0561b8f9e6,bcpierce00__unison (sample analysis: 10 samples),Ocaml,ebd72262-10d0-4975-877c-e775f90f97c5,5,5,function,src/uigtk2.ml,createToplevelWindow:2647:5,2647,4236,841
max,3,halstead_unique_operands,Function Halstead Unique Operands,a81fc79f-6ea8-409c-8690-f034ab9400d8,BinaryAnalysisPlatform__bap (sample analysis: 10 samples),Ocaml,e29426e0-5415-4dd3-a222-8d42b2fa69fe,5,5,function,plugins/x86/x86_disasm.ml,parse_instr:25:5,25,1249,719
max,4,halstead_unique_operands,Function Halstead Unique Operands,a81fc79f-6ea8-409c-8690-f034ab9400d8,BinaryAnalysisPlatform__bap (sample analysis: 10 samples),Ocaml,e29426e0-5415-4dd3-a222-8d42b2fa69fe,5,5,function,plugins/x86/x86_lifter.ml,to_ir:272:11,272,1554,709
max,5,halstead_unique_operands,Function Halstead Unique Operands,729d4ded-b025-47be-ae9b-ed0561b8f9e6,bcpierce00__unison (sample analysis: 10 samples),Ocaml,ebd72262-10d0-4975-877c-e775f90f97c5,5,5,function,src/uigtk.ml,createToplevelWindow:1022:9,1022,2089,624
min,1,halstead_operators,Function Halstead Operators,069ad96b-3762-4b18-b863-c8f40f8d0442,AlistGo__alist (sample analysis: 10 samples),Golang,8fbff1ed-ea25-4665-b0d2-e29807c1d1de,5,5,function,cmd/admin.go,init:86:6,86,100,1
min,2,halstead_operators,Function Halstead Operators,069ad96b-3762-4b18-b863-c8f40f8d0442,AlistGo__alist (sample analysis: 10 samples),Golang,8fbff1ed-ea25-4665-b0d2-e29807c1d1de,5,5,function,cmd/cancel2FA.go,init:34:6,34,46,1
min,3,halstead_operators,Function Halstead Operators,069ad96b-3762-4b18-b863-c8f40f8d0442,AlistGo__alist (sample analysis: 10 samples),Golang,8fbff1ed-ea25-4665-b0d2-e29807c1d1de,5,5,function,cmd/common.go,Init:15:6,15,21,1
min,4,halstead_operators,Function Halstead Operators,069ad96b-3762-4b18-b863-c8f40f8d0442,AlistGo__alist (sample analysis: 10 samples),Golang,8fbff1ed-ea25-4665-b0d2-e29807c1d1de,5,5,function,cmd/common.go,Release:23:6,23,25,1
min,5,halstead_operators,Function Halstead Operators,069ad96b-3762-4b18-b863-c8f40f8d0442,AlistGo__alist (sample analysis: 10 samples),Golang,8fbff1ed-ea25-4665-b0d2-e29807c1d1de,5,5,function,cmd/lang.go,init:149:6,149,161,1
max,1,halstead_operators,Function Halstead Operators,a81fc79f-6ea8-409c-8690-f034ab9400d8,BinaryAnalysisPlatform__bap (sample analysis: 10 samples),Ocaml,e29426e0-5415-4dd3-a222-8d42b2fa69fe,5,5,function,plugins/x86/x86_disasm.ml,parse_instr:25:5,25,1249,2827
max,2,halstead_operators,Function Halstead Operators,a81fc79f-6ea8-409c-8690-f034ab9400d8,BinaryAnalysisPlatform__bap (sample analysis: 10 samples),Ocaml,e29426e0-5415-4dd3-a222-8d42b2fa69fe,5,5,function,plugins/x86/x86_lifter.ml,to_ir:272:11,272,1554,2419
max,3,halstead_operators,Function Halstead Operators,729d4ded-b025-47be-ae9b-ed0561b8f9e6,bcpierce00__unison (sample analysis: 10 samples),Ocaml,ebd72262-10d0-4975-877c-e775f90f97c5,5,5,function,src/uigtk2.ml,createToplevelWindow:2647:5,2647,4236,2127
max,4,halstead_operators,Function Halstead Operators,e749ce64-7ffd-4d8c-a44a-47ef93013510,airbus-seclab__bincat (sample analysis: 10 samples),Ocaml,1f6ce7d6-c1f5-4741-b9d7-720340d1296d,5,5,function,ocaml/src/npk/c2newspeak/typedC2Cir.ml,translate:883:13,883,914,1970
max,5,halstead_operators,Function Halstead Operators,e749ce64-7ffd-4d8c-a44a-47ef93013510,airbus-seclab__bincat (sample analysis: 10 samples),Ocaml,1f6ce7d6-c1f5-4741-b9d7-720340d1296d,5,5,function,ocaml/src/npk/c2newspeak/typedC2Cir.ml,translate:771:9,771,776,1970
min,1,halstead_operands,Function Halstead Operands,069ad96b-3762-4b18-b863-c8f40f8d0442,AlistGo__alist (sample analysis: 10 samples),Golang,8fbff1ed-ea25-4665-b0d2-e29807c1d1de,5,5,function,drivers/all.go,All:57:6,57,59,1
min,2,halstead_operands,Function Halstead Operands,e8c37d0d-f999-4ab0-9696-770ba31bbe18,gin-gonic__gin (sample analysis: 10 samples),Golang,254e980c-3a56-4027-98f0-4227ed4866aa,5,5,function,utils_test.go,somefunction:86:6,86,88,1
min,3,halstead_operands,Function Halstead Operands,a81fc79f-6ea8-409c-8690-f034ab9400d8,BinaryAnalysisPlatform__bap (sample analysis: 10 samples),Ocaml,e29426e0-5415-4dd3-a222-8d42b2fa69fe,5,5,function,lib/monads/monads_monad.ml,zero:236:13,236,236,1
min,4,halstead_operands,Function Halstead Operands,a81fc79f-6ea8-409c-8690-f034ab9400d8,BinaryAnalysisPlatform__bap (sample analysis: 10 samples),Ocaml,e29426e0-5415-4dd3-a222-8d42b2fa69fe,5,5,function,lib/monads/monads_monad.ml,zero:246:13,246,246,1
min,5,halstead_operands,Function Halstead Operands,a81fc79f-6ea8-409c-8690-f034ab9400d8,BinaryAnalysisPlatform__bap (sample analysis: 10 samples),Ocaml,e29426e0-5415-4dd3-a222-8d42b2fa69fe,5,5,function,lib/monads/monads_monad.ml,zero:396:13,396,396,1
max,1,halstead_operands,Function Halstead Operands,a81fc79f-6ea8-409c-8690-f034ab9400d8,BinaryAnalysisPlatform__bap (sample analysis: 10 samples),Ocaml,e29426e0-5415-4dd3-a222-8d42b2fa69fe,5,5,function,plugins/x86/x86_lifter.ml,to_ir:272:11,272,1554,4846
max,2,halstead_operands,Function Halstead Operands,a81fc79f-6ea8-409c-8690-f034ab9400d8,BinaryAnalysisPlatform__bap (sample analysis: 10 samples),Ocaml,e29426e0-5415-4dd3-a222-8d42b2fa69fe,5,5,function,plugins/x86/x86_disasm.ml,parse_instr:25:5,25,1249,4721
max,3,halstead_operands,Function Halstead Operands,e749ce64-7ffd-4d8c-a44a-47ef93013510,airbus-seclab__bincat (sample analysis: 10 samples),Ocaml,1f6ce7d6-c1f5-4741-b9d7-720340d1296d,5,5,function,ocaml/src/npk/c2newspeak/typedC2Cir.ml,translate:883:13,883,914,3654
max,4,halstead_operands,Function Halstead Operands,e749ce64-7ffd-4d8c-a44a-47ef93013510,airbus-seclab__bincat (sample analysis: 10 samples),Ocaml,1f6ce7d6-c1f5-4741-b9d7-720340d1296d,5,5,function,ocaml/src/npk/c2newspeak/typedC2Cir.ml,translate:771:9,771,776,3654
max,5,halstead_operands,Function Halstead Operands,e749ce64-7ffd-4d8c-a44a-47ef93013510,airbus-seclab__bincat (sample analysis: 10 samples),Ocaml,1f6ce7d6-c1f5-4741-b9d7-720340d1296d,5,5,function,ocaml/src/npk/c2newspeak/typedC2Cir.ml,translate:735:9,735,762,3654
min,1,halstead_length,Function Halstead Length,069ad96b-3762-4b18-b863-c8f40f8d0442,AlistGo__alist (sample analysis: 10 samples),Golang,8fbff1ed-ea25-4665-b0d2-e29807c1d1de,5,5,function,drivers/all.go,All:57:6,57,59,2
min,2,halstead_length,Function Halstead Length,e8c37d0d-f999-4ab0-9696-770ba31bbe18,gin-gonic__gin (sample analysis: 10 samples),Golang,254e980c-3a56-4027-98f0-4227ed4866aa,5,5,function,utils_test.go,somefunction:86:6,86,88,2
min,3,halstead_length,Function Halstead Length,a81fc79f-6ea8-409c-8690-f034ab9400d8,BinaryAnalysisPlatform__bap (sample analysis: 10 samples),Ocaml,e29426e0-5415-4dd3-a222-8d42b2fa69fe,5,5,function,lib/monads/monads_monad.ml,zero:236:13,236,236,2
min,4,halstead_length,Function Halstead Length,a81fc79f-6ea8-409c-8690-f034ab9400d8,BinaryAnalysisPlatform__bap (sample analysis: 10 samples),Ocaml,e29426e0-5415-4dd3-a222-8d42b2fa69fe,5,5,function,lib/monads/monads_monad.ml,zero:246:13,246,246,2
min,5,halstead_length,Function Halstead Length,a81fc79f-6ea8-409c-8690-f034ab9400d8,BinaryAnalysisPlatform__bap (sample analysis: 10 samples),Ocaml,e29426e0-5415-4dd3-a222-8d42b2fa69fe,5,5,function,lib/monads/monads_monad.ml,zero:396:13,396,396,2
max,1,halstead_length,Function Halstead Length,a81fc79f-6ea8-409c-8690-f034ab9400d8,BinaryAnalysisPlatform__bap (sample analysis: 10 samples),Ocaml,e29426e0-5415-4dd3-a222-8d42b2fa69fe,5,5,function,plugins/x86/x86_disasm.ml,parse_instr:25:5,25,1249,7548
max,2,halstead_length,Function Halstead Length,a81fc79f-6ea8-409c-8690-f034ab9400d8,BinaryAnalysisPlatform__bap (sample analysis: 10 samples),Ocaml,e29426e0-5415-4dd3-a222-8d42b2fa69fe,5,5,function,plugins/x86/x86_lifter.ml,to_ir:272:11,272,1554,7265
max,3,halstead_length,Function Halstead Length,729d4ded-b025-47be-ae9b-ed0561b8f9e6,bcpierce00__unison (sample analysis: 10 samples),Ocaml,ebd72262-10d0-4975-877c-e775f90f97c5,5,5,function,src/uigtk2.ml,createToplevelWindow:2647:5,2647,4236,5703
max,4,halstead_length,Function Halstead Length,e749ce64-7ffd-4d8c-a44a-47ef93013510,airbus-seclab__bincat (sample analysis: 10 samples),Ocaml,1f6ce7d6-c1f5-4741-b9d7-720340d1296d,5,5,function,ocaml/src/npk/c2newspeak/typedC2Cir.ml,translate:883:13,883,914,5624
max,5,halstead_length,Function Halstead Length,e749ce64-7ffd-4d8c-a44a-47ef93013510,airbus-seclab__bincat (sample analysis: 10 samples),Ocaml,1f6ce7d6-c1f5-4741-b9d7-720340d1296d,5,5,function,ocaml/src/npk/c2newspeak/typedC2Cir.ml,translate:771:9,771,776,5624
min,1,halstead_vocabulary,Function Halstead Vocabulary,069ad96b-3762-4b18-b863-c8f40f8d0442,AlistGo__alist (sample analysis: 10 samples),Golang,8fbff1ed-ea25-4665-b0d2-e29807c1d1de,5,5,function,drivers/all.go,All:57:6,57,59,2
min,2,halstead_vocabulary,Function Halstead Vocabulary,e8c37d0d-f999-4ab0-9696-770ba31bbe18,gin-gonic__gin (sample analysis: 10 samples),Golang,254e980c-3a56-4027-98f0-4227ed4866aa,5,5,function,utils_test.go,somefunction:86:6,86,88,2
min,3,halstead_vocabulary,Function Halstead Vocabulary,a81fc79f-6ea8-409c-8690-f034ab9400d8,BinaryAnalysisPlatform__bap (sample analysis: 10 samples),Ocaml,e29426e0-5415-4dd3-a222-8d42b2fa69fe,5,5,function,lib/bap_recipe/bap_recipe.ml,name:305:7,305,305,2
min,4,halstead_vocabulary,Function Halstead Vocabulary,a81fc79f-6ea8-409c-8690-f034ab9400d8,BinaryAnalysisPlatform__bap (sample analysis: 10 samples),Ocaml,e29426e0-5415-4dd3-a222-8d42b2fa69fe,5,5,function,lib/monads/monads_monad.ml,zero:236:13,236,236,2
min,5,halstead_vocabulary,Function Halstead Vocabulary,a81fc79f-6ea8-409c-8690-f034ab9400d8,BinaryAnalysisPlatform__bap (sample analysis: 10 samples),Ocaml,e29426e0-5415-4dd3-a222-8d42b2fa69fe,5,5,function,lib/monads/monads_monad.ml,zero:246:13,246,246,2
max,1,halstead_vocabulary,Function Halstead Vocabulary,e9d92337-e257-41dd-9d58-bc6f84121654,astrada__google-drive-ocamlfuse (sample analysis: 10 samples),Ocaml,9758bb80-9a74-4ba7-a4f1-9d730eab79d6,5,5,function,src/mime.ml,map_filename_to_mime_type:3:5,3,777,1772
max,2,halstead_vocabulary,Function Halstead Vocabulary,729d4ded-b025-47be-ae9b-ed0561b8f9e6,bcpierce00__unison (sample analysis: 10 samples),Ocaml,ebd72262-10d0-4975-877c-e775f90f97c5,5,5,function,src/uigtk2.ml,createToplevelWindow:2647:5,2647,4236,891
max,3,halstead_vocabulary,Function Halstead Vocabulary,a81fc79f-6ea8-409c-8690-f034ab9400d8,BinaryAnalysisPlatform__bap (sample analysis: 10 samples),Ocaml,e29426e0-5415-4dd3-a222-8d42b2fa69fe,5,5,function,plugins/x86/x86_disasm.ml,parse_instr:25:5,25,1249,764
max,4,halstead_vocabulary,Function Halstead Vocabulary,a81fc79f-6ea8-409c-8690-f034ab9400d8,BinaryAnalysisPlatform__bap (sample analysis: 10 samples),Ocaml,e29426e0-5415-4dd3-a222-8d42b2fa69fe,5,5,function,plugins/x86/x86_lifter.ml,to_ir:272:11,272,1554,762
max,5,halstead_vocabulary,Function Halstead Vocabulary,729d4ded-b025-47be-ae9b-ed0561b8f9e6,bcpierce00__unison (sample analysis: 10 samples),Ocaml,ebd72262-10d0-4975-877c-e775f90f97c5,5,5,function,src/uigtk.ml,createToplevelWindow:1022:9,1022,2089,668
min,1,halstead_calculated_length,Function Halstead Calculated Length,069ad96b-3762-4b18-b863-c8f40f8d0442,AlistGo__alist (sample analysis: 10 samples),Golang,8fbff1ed-ea25-4665-b0d2-e29807c1d1de,5,5,function,drivers/all.go,All:57:6,57,59,0
min,2,halstead_calculated_length,Function Halstead Calculated Length,e8c37d0d-f999-4ab0-9696-770ba31bbe18,gin-gonic__gin (sample analysis: 10 samples),Golang,254e980c-3a56-4027-98f0-4227ed4866aa,5,5,function,utils_test.go,somefunction:86:6,86,88,0
min,3,halstead_calculated_length,Function Halstead Calculated Length,a81fc79f-6ea8-409c-8690-f034ab9400d8,BinaryAnalysisPlatform__bap (sample analysis: 10 samples),Ocaml,e29426e0-5415-4dd3-a222-8d42b2fa69fe,5,5,function,lib/bap_recipe/bap_recipe.ml,name:305:7,305,305,0
min,4,halstead_calculated_length,Function Halstead Calculated Length,a81fc79f-6ea8-409c-8690-f034ab9400d8,BinaryAnalysisPlatform__bap (sample analysis: 10 samples),Ocaml,e29426e0-5415-4dd3-a222-8d42b2fa69fe,5,5,function,lib/monads/monads_monad.ml,zero:236:13,236,236,0
min,5,halstead_calculated_length,Function Halstead Calculated Length,a81fc79f-6ea8-409c-8690-f034ab9400d8,BinaryAnalysisPlatform__bap (sample analysis: 10 samples),Ocaml,e29426e0-5415-4dd3-a222-8d42b2fa69fe,5,5,function,lib/monads/monads_monad.ml,zero:246:13,246,246,0
max,1,halstead_calculated_length,Function Halstead Calculated Length,e9d92337-e257-41dd-9d58-bc6f84121654,astrada__google-drive-ocamlfuse (sample analysis: 10 samples),Ocaml,9758bb80-9a74-4ba7-a4f1-9d730eab79d6,5,5,function,src/mime.ml,map_filename_to_mime_type:3:5,3,777,19040.39827169446
max,2,halstead_calculated_length,Function Halstead Calculated Length,729d4ded-b025-47be-ae9b-ed0561b8f9e6,bcpierce00__unison (sample analysis: 10 samples),Ocaml,ebd72262-10d0-4975-877c-e775f90f97c5,5,5,function,src/uigtk2.ml,createToplevelWindow:2647:5,2647,4236,8453.316843293313
max,3,halstead_calculated_length,Function Halstead Calculated Length,a81fc79f-6ea8-409c-8690-f034ab9400d8,BinaryAnalysisPlatform__bap (sample analysis: 10 samples),Ocaml,e29426e0-5415-4dd3-a222-8d42b2fa69fe,5,5,function,plugins/x86/x86_disasm.ml,parse_instr:25:5,25,1249,7070.334072890691
max,4,halstead_calculated_length,Function Halstead Calculated Length,a81fc79f-6ea8-409c-8690-f034ab9400d8,BinaryAnalysisPlatform__bap (sample analysis: 10 samples),Ocaml,e29426e0-5415-4dd3-a222-8d42b2fa69fe,5,5,function,plugins/x86/x86_lifter.ml,to_ir:272:11,272,1554,7017.555832514667
max,5,halstead_calculated_length,Function Halstead Calculated Length,729d4ded-b025-47be-ae9b-ed0561b8f9e6,bcpierce00__unison (sample analysis: 10 samples),Ocaml,ebd72262-10d0-4975-877c-e775f90f97c5,5,5,function,src/uigtk.ml,createToplevelWindow:1022:9,1022,2089,6034.305975790085
min,1,halstead_volume,Function Halstead Volume,069ad96b-3762-4b18-b863-c8f40f8d0442,AlistGo__alist (sample analysis: 10 samples),Golang,8fbff1ed-ea25-4665-b0d2-e29807c1d1de,5,5,function,drivers/all.go,All:57:6,57,59,2
min,2,halstead_volume,Function Halstead Volume,e8c37d0d-f999-4ab0-9696-770ba31bbe18,gin-gonic__gin (sample analysis: 10 samples),Golang,254e980c-3a56-4027-98f0-4227ed4866aa,5,5,function,utils_test.go,somefunction:86:6,86,88,2
min,3,halstead_volume,Function Halstead Volume,a81fc79f-6ea8-409c-8690-f034ab9400d8,BinaryAnalysisPlatform__bap (sample analysis: 10 samples),Ocaml,e29426e0-5415-4dd3-a222-8d42b2fa69fe,5,5,function,lib/monads/monads_monad.ml,zero:236:13,236,236,2
min,4,halstead_volume,Function Halstead Volume,a81fc79f-6ea8-409c-8690-f034ab9400d8,BinaryAnalysisPlatform__bap (sample analysis: 10 samples),Ocaml,e29426e0-5415-4dd3-a222-8d42b2fa69fe,5,5,function,lib/monads/monads_monad.ml,zero:246:13,246,246,2
min,5,halstead_volume,Function Halstead Volume,a81fc79f-6ea8-409c-8690-f034ab9400d8,BinaryAnalysisPlatform__bap (sample analysis: 10 samples),Ocaml,e29426e0-5415-4dd3-a222-8d42b2fa69fe,5,5,function,lib/monads/monads_monad.ml,zero:396:13,396,396,2
max,1,halstead_volume,Function Halstead Volume,a81fc79f-6ea8-409c-8690-f034ab9400d8,BinaryAnalysisPlatform__bap (sample analysis: 10 samples),Ocaml,e29426e0-5415-4dd3-a222-8d42b2fa69fe,5,5,function,plugins/x86/x86_disasm.ml,parse_instr:25:5,25,1249,72290.43279401383
max,2,halstead_volume,Function Halstead Volume,a81fc79f-6ea8-409c-8690-f034ab9400d8,BinaryAnalysisPlatform__bap (sample analysis: 10 samples),Ocaml,e29426e0-5415-4dd3-a222-8d42b2fa69fe,5,5,function,plugins/x86/x86_lifter.ml,to_ir:272:11,272,1554,69552.54681713898
max,3,halstead_volume,Function Halstead Volume,729d4ded-b025-47be-ae9b-ed0561b8f9e6,bcpierce00__unison (sample analysis: 10 samples),Ocaml,ebd72262-10d0-4975-877c-e775f90f97c5,5,5,function,src/uigtk2.ml,createToplevelWindow:2647:5,2647,4236,55885.30308753953
max,4,halstead_volume,Function Halstead Volume,e749ce64-7ffd-4d8c-a44a-47ef93013510,airbus-seclab__bincat (sample analysis: 10 samples),Ocaml,1f6ce7d6-c1f5-4741-b9d7-720340d1296d,5,5,function,ocaml/src/npk/c2newspeak/typedC2Cir.ml,translate:883:13,883,914,50504.30498464262
max,5,halstead_volume,Function Halstead Volume,e749ce64-7ffd-4d8c-a44a-47ef93013510,airbus-seclab__bincat (sample analysis: 10 samples),Ocaml,1f6ce7d6-c1f5-4741-b9d7-720340d1296d,5,5,function,ocaml/src/npk/c2newspeak/typedC2Cir.ml,translate:771:9,771,776,50504.30498464262
min,1,halstead_difficulty,Function Halstead Difficulty,069ad96b-3762-4b18-b863-c8f40f8d0442,AlistGo__alist (sample analysis: 10 samples),Golang,8fbff1ed-ea25-4665-b0d2-e29807c1d1de,5,5,function,cmd/cancel2FA.go,init:34:6,34,46,0.5
min,2,halstead_difficulty,Function Halstead Difficulty,069ad96b-3762-4b18-b863-c8f40f8d0442,AlistGo__alist (sample analysis: 10 samples),Golang,8fbff1ed-ea25-4665-b0d2-e29807c1d1de,5,5,function,cmd/common.go,Release:23:6,23,25,0.5
min,3,halstead_difficulty,Function Halstead Difficulty,069ad96b-3762-4b18-b863-c8f40f8d0442,AlistGo__alist (sample analysis: 10 samples),Golang,8fbff1ed-ea25-4665-b0d2-e29807c1d1de,5,5,function,cmd/lang.go,init:149:6,149,161,0.5
min,4,halstead_difficulty,Function Halstead Difficulty,069ad96b-3762-4b18-b863-c8f40f8d0442,AlistGo__alist (sample analysis: 10 samples),Golang,8fbff1ed-ea25-4665-b0d2-e29807c1d1de,5,5,function,cmd/restart.go,init:20:6,20,32,0.5
min,5,halstead_difficulty,Function Halstead Difficulty,069ad96b-3762-4b18-b863-c8f40f8d0442,AlistGo__alist (sample analysis: 10 samples),Golang,8fbff1ed-ea25-4665-b0d2-e29807c1d1de,5,5,function,cmd/server.go,init:137:6,137,149,0.5
max,1,halstead_difficulty,Function Halstead Difficulty,a81fc79f-6ea8-409c-8690-f034ab9400d8,BinaryAnalysisPlatform__bap (sample analysis: 10 samples),Ocaml,e29426e0-5415-4dd3-a222-8d42b2fa69fe,5,5,function,plugins/x86/x86_lifter.ml,to_ir:272:11,272,1554,181.12693935119887
max,2,halstead_difficulty,Function Halstead Difficulty,e749ce64-7ffd-4d8c-a44a-47ef93013510,airbus-seclab__bincat (sample analysis: 10 samples),Ocaml,1f6ce7d6-c1f5-4741-b9d7-720340d1296d,5,5,function,ocaml/src/npk/c2newspeak/typedC2Cir.ml,translate:883:13,883,914,165.73218142548598
max,3,halstead_difficulty,Function Halstead Difficulty,e749ce64-7ffd-4d8c-a44a-47ef93013510,airbus-seclab__bincat (sample analysis: 10 samples),Ocaml,1f6ce7d6-c1f5-4741-b9d7-720340d1296d,5,5,function,ocaml/src/npk/c2newspeak/typedC2Cir.ml,translate:771:9,771,776,165.73218142548598
max,4,halstead_difficulty,Function Halstead Difficulty,e749ce64-7ffd-4d8c-a44a-47ef93013510,airbus-seclab__bincat (sample analysis: 10 samples),Ocaml,1f6ce7d6-c1f5-4741-b9d7-720340d1296d,5,5,function,ocaml/src/npk/c2newspeak/typedC2Cir.ml,translate:735:9,735,762,165.73218142548598
max,5,halstead_difficulty,Function Halstead Difficulty,e749ce64-7ffd-4d8c-a44a-47ef93013510,airbus-seclab__bincat (sample analysis: 10 samples),Ocaml,1f6ce7d6-c1f5-4741-b9d7-720340d1296d,5,5,function,ocaml/src/npk/c2newspeak/typedC2Cir.ml,translate:554:11,554,563,165.73218142548598
min,1,halstead_effort,Function Halstead Effort,069ad96b-3762-4b18-b863-c8f40f8d0442,AlistGo__alist (sample analysis: 10 samples),Golang,8fbff1ed-ea25-4665-b0d2-e29807c1d1de,5,5,function,drivers/all.go,All:57:6,57,59,1
min,2,halstead_effort,Function Halstead Effort,e8c37d0d-f999-4ab0-9696-770ba31bbe18,gin-gonic__gin (sample analysis: 10 samples),Golang,254e980c-3a56-4027-98f0-4227ed4866aa,5,5,function,utils_test.go,somefunction:86:6,86,88,1
min,3,halstead_effort,Function Halstead Effort,a81fc79f-6ea8-409c-8690-f034ab9400d8,BinaryAnalysisPlatform__bap (sample analysis: 10 samples),Ocaml,e29426e0-5415-4dd3-a222-8d42b2fa69fe,5,5,function,lib/monads/monads_monad.ml,zero:236:13,236,236,1
min,4,halstead_effort,Function Halstead Effort,a81fc79f-6ea8-409c-8690-f034ab9400d8,BinaryAnalysisPlatform__bap (sample analysis: 10 samples),Ocaml,e29426e0-5415-4dd3-a222-8d42b2fa69fe,5,5,function,lib/monads/monads_monad.ml,zero:246:13,246,246,1
min,5,halstead_effort,Function Halstead Effort,a81fc79f-6ea8-409c-8690-f034ab9400d8,BinaryAnalysisPlatform__bap (sample analysis: 10 samples),Ocaml,e29426e0-5415-4dd3-a222-8d42b2fa69fe,5,5,function,lib/monads/monads_monad.ml,zero:396:13,396,396,1
max,1,halstead_effort,Function Halstead Effort,a81fc79f-6ea8-409c-8690-f034ab9400d8,BinaryAnalysisPlatform__bap (sample analysis: 10 samples),Ocaml,e29426e0-5415-4dd3-a222-8d42b2fa69fe,5,5,function,plugins/x86/x86_lifter.ml,to_ir:272:11,272,1554,12597839.929069351
max,2,halstead_effort,Function Halstead Effort,a81fc79f-6ea8-409c-8690-f034ab9400d8,BinaryAnalysisPlatform__bap (sample analysis: 10 samples),Ocaml,e29426e0-5415-4dd3-a222-8d42b2fa69fe,5,5,function,plugins/x86/x86_disasm.ml,parse_instr:25:5,25,1249,10679931.150851369
max,3,halstead_effort,Function Halstead Effort,e749ce64-7ffd-4d8c-a44a-47ef93013510,airbus-seclab__bincat (sample analysis: 10 samples),Ocaml,1f6ce7d6-c1f5-4741-b9d7-720340d1296d,5,5,function,ocaml/src/npk/c2newspeak/typedC2Cir.ml,translate:883:13,883,914,8370188.6364828665
max,4,halstead_effort,Function Halstead Effort,e749ce64-7ffd-4d8c-a44a-47ef93013510,airbus-seclab__bincat (sample analysis: 10 samples),Ocaml,1f6ce7d6-c1f5-4741-b9d7-720340d1296d,5,5,function,ocaml/src/npk/c2newspeak/typedC2Cir.ml,translate:771:9,771,776,8370188.6364828665
max,5,halstead_effort,Function Halstead Effort,e749ce64-7ffd-4d8c-a44a-47ef93013510,airbus-seclab__bincat (sample analysis: 10 samples),Ocaml,1f6ce7d6-c1f5-4741-b9d7-720340d1296d,5,5,function,ocaml/src/npk/c2newspeak/typedC2Cir.ml,translate:735:9,735,762,8370188.6364828665
min,1,halstead_time_seconds,Function Halstead Time Seconds,069ad96b-3762-4b18-b863-c8f40f8d0442,AlistGo__alist (sample analysis: 10 samples),Golang,8fbff1ed-ea25-4665-b0d2-e29807c1d1de,5,5,function,drivers/all.go,All:57:6,57,59,0.05555555555555555
min,2,halstead_time_seconds,Function Halstead Time Seconds,e8c37d0d-f999-4ab0-9696-770ba31bbe18,gin-gonic__gin (sample analysis: 10 samples),Golang,254e980c-3a56-4027-98f0-4227ed4866aa,5,5,function,utils_test.go,somefunction:86:6,86,88,0.05555555555555555
min,3,halstead_time_seconds,Function Halstead Time Seconds,a81fc79f-6ea8-409c-8690-f034ab9400d8,BinaryAnalysisPlatform__bap (sample analysis: 10 samples),Ocaml,e29426e0-5415-4dd3-a222-8d42b2fa69fe,5,5,function,lib/monads/monads_monad.ml,zero:236:13,236,236,0.05555555555555555
min,4,halstead_time_seconds,Function Halstead Time Seconds,a81fc79f-6ea8-409c-8690-f034ab9400d8,BinaryAnalysisPlatform__bap (sample analysis: 10 samples),Ocaml,e29426e0-5415-4dd3-a222-8d42b2fa69fe,5,5,function,lib/monads/monads_monad.ml,zero:246:13,246,246,0.05555555555555555
min,5,halstead_time_seconds,Function Halstead Time Seconds,a81fc79f-6ea8-409c-8690-f034ab9400d8,BinaryAnalysisPlatform__bap (sample analysis: 10 samples),Ocaml,e29426e0-5415-4dd3-a222-8d42b2fa69fe,5,5,function,lib/monads/monads_monad.ml,zero:396:13,396,396,0.05555555555555555
max,1,halstead_time_seconds,Function Halstead Time Seconds,a81fc79f-6ea8-409c-8690-f034ab9400d8,BinaryAnalysisPlatform__bap (sample analysis: 10 samples),Ocaml,e29426e0-5415-4dd3-a222-8d42b2fa69fe,5,5,function,plugins/x86/x86_lifter.ml,to_ir:272:11,272,1554,699879.9960594084
max,2,halstead_time_seconds,Function Halstead Time Seconds,a81fc79f-6ea8-409c-8690-f034ab9400d8,BinaryAnalysisPlatform__bap (sample analysis: 10 samples),Ocaml,e29426e0-5415-4dd3-a222-8d42b2fa69fe,5,5,function,plugins/x86/x86_disasm.ml,parse_instr:25:5,25,1249,593329.5083806316
max,3,halstead_time_seconds,Function Halstead Time Seconds,e749ce64-7ffd-4d8c-a44a-47ef93013510,airbus-seclab__bincat (sample analysis: 10 samples),Ocaml,1f6ce7d6-c1f5-4741-b9d7-720340d1296d,5,5,function,ocaml/src/npk/c2newspeak/typedC2Cir.ml,translate:883:13,883,914,465010.4798046037
max,4,halstead_time_seconds,Function Halstead Time Seconds,e749ce64-7ffd-4d8c-a44a-47ef93013510,airbus-seclab__bincat (sample analysis: 10 samples),Ocaml,1f6ce7d6-c1f5-4741-b9d7-720340d1296d,5,5,function,ocaml/src/npk/c2newspeak/typedC2Cir.ml,translate:771:9,771,776,465010.4798046037
max,5,halstead_time_seconds,Function Halstead Time Seconds,e749ce64-7ffd-4d8c-a44a-47ef93013510,airbus-seclab__bincat (sample analysis: 10 samples),Ocaml,1f6ce7d6-c1f5-4741-b9d7-720340d1296d,5,5,function,ocaml/src/npk/c2newspeak/typedC2Cir.ml,translate:735:9,735,762,465010.4798046037
min,1,halstead_bugs,Function Halstead Bugs,069ad96b-3762-4b18-b863-c8f40f8d0442,AlistGo__alist (sample analysis: 10 samples),Golang,8fbff1ed-ea25-4665-b0d2-e29807c1d1de,5,5,function,drivers/all.go,All:57:6,57,59,0.0006666666666666666
min,2,halstead_bugs,Function Halstead Bugs,e8c37d0d-f999-4ab0-9696-770ba31bbe18,gin-gonic__gin (sample analysis: 10 samples),Golang,254e980c-3a56-4027-98f0-4227ed4866aa,5,5,function,utils_test.go,somefunction:86:6,86,88,0.0006666666666666666
min,3,halstead_bugs,Function Halstead Bugs,a81fc79f-6ea8-409c-8690-f034ab9400d8,BinaryAnalysisPlatform__bap (sample analysis: 10 samples),Ocaml,e29426e0-5415-4dd3-a222-8d42b2fa69fe,5,5,function,lib/monads/monads_monad.ml,zero:236:13,236,236,0.0006666666666666666
min,4,halstead_bugs,Function Halstead Bugs,a81fc79f-6ea8-409c-8690-f034ab9400d8,BinaryAnalysisPlatform__bap (sample analysis: 10 samples),Ocaml,e29426e0-5415-4dd3-a222-8d42b2fa69fe,5,5,function,lib/monads/monads_monad.ml,zero:246:13,246,246,0.0006666666666666666
min,5,halstead_bugs,Function Halstead Bugs,a81fc79f-6ea8-409c-8690-f034ab9400d8,BinaryAnalysisPlatform__bap (sample analysis: 10 samples),Ocaml,e29426e0-5415-4dd3-a222-8d42b2fa69fe,5,5,function,lib/monads/monads_monad.ml,zero:396:13,396,396,0.0006666666666666666
max,1,halstead_bugs,Function Halstead Bugs,a81fc79f-6ea8-409c-8690-f034ab9400d8,BinaryAnalysisPlatform__bap (sample analysis: 10 samples),Ocaml,e29426e0-5415-4dd3-a222-8d42b2fa69fe,5,5,function,plugins/x86/x86_disasm.ml,parse_instr:25:5,25,1249,24.096810931337945
max,2,halstead_bugs,Function Halstead Bugs,a81fc79f-6ea8-409c-8690-f034ab9400d8,BinaryAnalysisPlatform__bap (sample analysis: 10 samples),Ocaml,e29426e0-5415-4dd3-a222-8d42b2fa69fe,5,5,function,plugins/x86/x86_lifter.ml,to_ir:272:11,272,1554,23.184182272379662
max,3,halstead_bugs,Function Halstead Bugs,729d4ded-b025-47be-ae9b-ed0561b8f9e6,bcpierce00__unison (sample analysis: 10 samples),Ocaml,ebd72262-10d0-4975-877c-e775f90f97c5,5,5,function,src/uigtk2.ml,createToplevelWindow:2647:5,2647,4236,18.628434362513175
max,4,halstead_bugs,Function Halstead Bugs,e749ce64-7ffd-4d8c-a44a-47ef93013510,airbus-seclab__bincat (sample analysis: 10 samples),Ocaml,1f6ce7d6-c1f5-4741-b9d7-720340d1296d,5,5,function,ocaml/src/npk/c2newspeak/typedC2Cir.ml,translate:883:13,883,914,16.834768328214206
max,5,halstead_bugs,Function Halstead Bugs,e749ce64-7ffd-4d8c-a44a-47ef93013510,airbus-seclab__bincat (sample analysis: 10 samples),Ocaml,1f6ce7d6-c1f5-4741-b9d7-720340d1296d,5,5,function,ocaml/src/npk/c2newspeak/typedC2Cir.ml,translate:771:9,771,776,16.834768328214206
