extreme,rank,metric_key,metric_label,codebase_id,codebase_name,programming_language,version_id,version_number,sample_number,metric_level,file_path,function_name,function_start_line,function_end_line,value
min,1,lines_of_code,Lines Of Code/File,a81fc79f-6ea8-409c-8690-f034ab9400d8,BinaryAnalysisPlatform__bap (sample analysis: 10 samples),Ocaml,f1178f58-48f9-42be-811b-f86424f47fce,8,8,file,lib/bap/bap_init_toplevel.mli,,,,0
min,2,lines_of_code,Lines Of Code/File,a81fc79f-6ea8-409c-8690-f034ab9400d8,BinaryAnalysisPlatform__bap (sample analysis: 10 samples),Ocaml,f1178f58-48f9-42be-811b-f86424f47fce,8,8,file,lib_test/bap/run_tests.mli,,,,0
min,3,lines_of_code,Lines Of Code/File,a81fc79f-6ea8-409c-8690-f034ab9400d8,BinaryAnalysisPlatform__bap (sample analysis: 10 samples),Ocaml,f1178f58-48f9-42be-811b-f86424f47fce,8,8,file,plugins/beagle/beagle_main.mli,,,,0
min,4,lines_of_code,Lines Of Code/File,a81fc79f-6ea8-409c-8690-f034ab9400d8,BinaryAnalysisPlatform__bap (sample analysis: 10 samples),Ocaml,f1178f58-48f9-42be-811b-f86424f47fce,8,8,file,plugins/cxxfilt/cxxfilt_main.mli,,,,0
min,5,lines_of_code,Lines Of Code/File,a81fc79f-6ea8-409c-8690-f034ab9400d8,BinaryAnalysisPlatform__bap (sample analysis: 10 samples),Ocaml,f1178f58-48f9-42be-811b-f86424f47fce,8,8,file,plugins/dependencies/dependencies_main.mli,,,,0
max,1,lines_of_code,Lines Of Code/File,a81fc79f-6ea8-409c-8690-f034ab9400d8,BinaryAnalysisPlatform__bap (sample analysis: 10 samples),Ocaml,f1178f58-48f9-42be-811b-f86424f47fce,8,8,file,lib/bap/bap.mli,,,,11772
max,2,lines_of_code,Lines Of Code/File,a81fc79f-6ea8-409c-8690-f034ab9400d8,BinaryAnalysisPlatform__bap (sample analysis: 10 samples),Ocaml,f1178f58-48f9-42be-811b-f86424f47fce,8,8,file,lib/bap_core_theory/bap_core_theory.mli,,,,4720
max,3,lines_of_code,Lines Of Code/File,729d4ded-b025-47be-ae9b-ed0561b8f9e6,bcpierce00__unison (sample analysis: 10 samples),Ocaml,f6b73c82-a970-40e9-8f97-92ab80bc7aa6,8,8,file,src/strings.ml,,,,4715
max,4,lines_of_code,Lines Of Code/File,a81fc79f-6ea8-409c-8690-f034ab9400d8,BinaryAnalysisPlatform__bap (sample analysis: 10 samples),Ocaml,f1178f58-48f9-42be-811b-f86424f47fce,8,8,file,lib/bap_primus/bap_primus.mli,,,,4532
max,5,lines_of_code,Lines Of Code/File,729d4ded-b025-47be-ae9b-ed0561b8f9e6,bcpierce00__unison (sample analysis: 10 samples),Ocaml,f6b73c82-a970-40e9-8f97-92ab80bc7aa6,8,8,file,src/uigtk2.ml,,,,4236
min,1,effective_lines_of_code_with_brackets,Effective LOC With Brackets/File,e8c37d0d-f999-4ab0-9696-770ba31bbe18,gin-gonic__gin (sample analysis: 10 samples),Golang,b376f541-e7df-4087-baa5-e7b0d61e1f05,8,8,file,doc.go,,,,0
min,2,effective_lines_of_code_with_brackets,Effective LOC With Brackets/File,a81fc79f-6ea8-409c-8690-f034ab9400d8,BinaryAnalysisPlatform__bap (sample analysis: 10 samples),Ocaml,f1178f58-48f9-42be-811b-f86424f47fce,8,8,file,lib/bap/bap_init_toplevel.mli,,,,0
min,3,effective_lines_of_code_with_brackets,Effective LOC With Brackets/File,a81fc79f-6ea8-409c-8690-f034ab9400d8,BinaryAnalysisPlatform__bap (sample analysis: 10 samples),Ocaml,f1178f58-48f9-42be-811b-f86424f47fce,8,8,file,lib/bap_c/bap_c_abi.mli,,,,0
min,4,effective_lines_of_code_with_brackets,Effective LOC With Brackets/File,a81fc79f-6ea8-409c-8690-f034ab9400d8,BinaryAnalysisPlatform__bap (sample analysis: 10 samples),Ocaml,f1178f58-48f9-42be-811b-f86424f47fce,8,8,file,lib/bap_demangle/bap_demangle.mli,,,,0
min,5,effective_lines_of_code_with_brackets,Effective LOC With Brackets/File,a81fc79f-6ea8-409c-8690-f034ab9400d8,BinaryAnalysisPlatform__bap (sample analysis: 10 samples),Ocaml,f1178f58-48f9-42be-811b-f86424f47fce,8,8,file,lib/bap_language/bap_language.mli,,,,0
max,1,effective_lines_of_code_with_brackets,Effective LOC With Brackets/File,729d4ded-b025-47be-ae9b-ed0561b8f9e6,bcpierce00__unison (sample analysis: 10 samples),Ocaml,f6b73c82-a970-40e9-8f97-92ab80bc7aa6,8,8,file,src/strings.ml,,,,4711
max,2,effective_lines_of_code_with_brackets,Effective LOC With Brackets/File,729d4ded-b025-47be-ae9b-ed0561b8f9e6,bcpierce00__unison (sample analysis: 10 samples),Ocaml,f6b73c82-a970-40e9-8f97-92ab80bc7aa6,8,8,file,src/uigtk2.ml,,,,3498
max,3,effective_lines_of_code_with_brackets,Effective LOC With Brackets/File,3e629e34-e52d-445d-9487-cfbcb29d77e8,junegunn__fzf (sample analysis: 10 samples),Golang,3f367539-51e2-43cc-a4c1-033dea698db6,8,8,file,src/terminal.go,,,,3392
max,4,effective_lines_of_code_with_brackets,Effective LOC With Brackets/File,24cc32f1-80f1-40da-9ad5-e2285210d73d,router-for-me__CLIProxyAPI (sample analysis: 10 samples),Golang,f6fc7d02-aaa1-4202-b314-a02a8ac7b72c,8,8,file,test/thinking_conversion_test.go,,,,3011
max,5,effective_lines_of_code_with_brackets,Effective LOC With Brackets/File,a81fc79f-6ea8-409c-8690-f034ab9400d8,BinaryAnalysisPlatform__bap (sample analysis: 10 samples),Ocaml,f1178f58-48f9-42be-811b-f86424f47fce,8,8,file,lib/knowledge/bap_knowledge.ml,,,,2857
min,1,effective_lines_of_code,Effective LOC/File,e8c37d0d-f999-4ab0-9696-770ba31bbe18,gin-gonic__gin (sample analysis: 10 samples),Golang,b376f541-e7df-4087-baa5-e7b0d61e1f05,8,8,file,doc.go,,,,0
min,2,effective_lines_of_code,Effective LOC/File,a81fc79f-6ea8-409c-8690-f034ab9400d8,BinaryAnalysisPlatform__bap (sample analysis: 10 samples),Ocaml,f1178f58-48f9-42be-811b-f86424f47fce,8,8,file,lib/bap/bap_init_toplevel.mli,,,,0
min,3,effective_lines_of_code,Effective LOC/File,a81fc79f-6ea8-409c-8690-f034ab9400d8,BinaryAnalysisPlatform__bap (sample analysis: 10 samples),Ocaml,f1178f58-48f9-42be-811b-f86424f47fce,8,8,file,lib/bap_c/bap_c_abi.mli,,,,0
min,4,effective_lines_of_code,Effective LOC/File,a81fc79f-6ea8-409c-8690-f034ab9400d8,BinaryAnalysisPlatform__bap (sample analysis: 10 samples),Ocaml,f1178f58-48f9-42be-811b-f86424f47fce,8,8,file,lib/bap_demangle/bap_demangle.mli,,,,0
min,5,effective_lines_of_code,Effective LOC/File,a81fc79f-6ea8-409c-8690-f034ab9400d8,BinaryAnalysisPlatform__bap (sample analysis: 10 samples),Ocaml,f1178f58-48f9-42be-811b-f86424f47fce,8,8,file,lib/bap_language/bap_language.mli,,,,0
max,1,effective_lines_of_code,Effective LOC/File,729d4ded-b025-47be-ae9b-ed0561b8f9e6,bcpierce00__unison (sample analysis: 10 samples),Ocaml,f6b73c82-a970-40e9-8f97-92ab80bc7aa6,8,8,file,src/strings.ml,,,,4711
max,2,effective_lines_of_code,Effective LOC/File,729d4ded-b025-47be-ae9b-ed0561b8f9e6,bcpierce00__unison (sample analysis: 10 samples),Ocaml,f6b73c82-a970-40e9-8f97-92ab80bc7aa6,8,8,file,src/uigtk2.ml,,,,3498
max,3,effective_lines_of_code,Effective LOC/File,a81fc79f-6ea8-409c-8690-f034ab9400d8,BinaryAnalysisPlatform__bap (sample analysis: 10 samples),Ocaml,f1178f58-48f9-42be-811b-f86424f47fce,8,8,file,lib/knowledge/bap_knowledge.ml,,,,2798
max,4,effective_lines_of_code,Effective LOC/File,3e629e34-e52d-445d-9487-cfbcb29d77e8,junegunn__fzf (sample analysis: 10 samples),Golang,3f367539-51e2-43cc-a4c1-033dea698db6,8,8,file,src/terminal.go,,,,2791
max,5,effective_lines_of_code,Effective LOC/File,e9d92337-e257-41dd-9d58-bc6f84121654,astrada__google-drive-ocamlfuse (sample analysis: 10 samples),Ocaml,29c029fc-3daf-4c04-9816-cce0cba51963,8,8,file,src/drive.ml,,,,2778
min,1,comment_lines_of_code,Comment LOC/File,069ad96b-3762-4b18-b863-c8f40f8d0442,AlistGo__alist (sample analysis: 10 samples),Golang,eb0573ad-e6fe-4526-b44f-cb7ed4181d91,8,8,file,cmd/common.go,,,,0
min,2,comment_lines_of_code,Comment LOC/File,069ad96b-3762-4b18-b863-c8f40f8d0442,AlistGo__alist (sample analysis: 10 samples),Golang,eb0573ad-e6fe-4526-b44f-cb7ed4181d91,8,8,file,cmd/flags/config.go,,,,0
min,3,comment_lines_of_code,Comment LOC/File,069ad96b-3762-4b18-b863-c8f40f8d0442,AlistGo__alist (sample analysis: 10 samples),Golang,eb0573ad-e6fe-4526-b44f-cb7ed4181d91,8,8,file,cmd/root.go,,,,0
min,4,comment_lines_of_code,Comment LOC/File,069ad96b-3762-4b18-b863-c8f40f8d0442,AlistGo__alist (sample analysis: 10 samples),Golang,eb0573ad-e6fe-4526-b44f-cb7ed4181d91,8,8,file,cmd/user.go,,,,0
min,5,comment_lines_of_code,Comment LOC/File,069ad96b-3762-4b18-b863-c8f40f8d0442,AlistGo__alist (sample analysis: 10 samples),Golang,eb0573ad-e6fe-4526-b44f-cb7ed4181d91,8,8,file,drivers/115/types.go,,,,0
max,1,comment_lines_of_code,Comment LOC/File,a81fc79f-6ea8-409c-8690-f034ab9400d8,BinaryAnalysisPlatform__bap (sample analysis: 10 samples),Ocaml,f1178f58-48f9-42be-811b-f86424f47fce,8,8,file,lib/bap/bap.mli,,,,7139
max,2,comment_lines_of_code,Comment LOC/File,a81fc79f-6ea8-409c-8690-f034ab9400d8,BinaryAnalysisPlatform__bap (sample analysis: 10 samples),Ocaml,f1178f58-48f9-42be-811b-f86424f47fce,8,8,file,lib/bap_primus/bap_primus.mli,,,,3075
max,3,comment_lines_of_code,Comment LOC/File,a81fc79f-6ea8-409c-8690-f034ab9400d8,BinaryAnalysisPlatform__bap (sample analysis: 10 samples),Ocaml,f1178f58-48f9-42be-811b-f86424f47fce,8,8,file,lib/bap_core_theory/bap_core_theory.mli,,,,2967
max,4,comment_lines_of_code,Comment LOC/File,27c2b119-0bb1-44ad-8d53-458f0cca57e7,camlworks__dream (sample analysis: 10 samples),Ocaml,32c43937-8690-4aae-84ab-1d9da1184c1e,8,8,file,src/dream.mli,,,,1722
max,5,comment_lines_of_code,Comment LOC/File,27c2b119-0bb1-44ad-8d53-458f0cca57e7,camlworks__dream (sample analysis: 10 samples),Ocaml,32c43937-8690-4aae-84ab-1d9da1184c1e,8,8,file,src/mirage/mirage.mli,,,,1421
min,1,bracket_lines_of_code,Bracket LOC/File,069ad96b-3762-4b18-b863-c8f40f8d0442,AlistGo__alist (sample analysis: 10 samples),Golang,eb0573ad-e6fe-4526-b44f-cb7ed4181d91,8,8,file,drivers/115_open/util.go,,,,0
min,2,bracket_lines_of_code,Bracket LOC/File,069ad96b-3762-4b18-b863-c8f40f8d0442,AlistGo__alist (sample analysis: 10 samples),Golang,eb0573ad-e6fe-4526-b44f-cb7ed4181d91,8,8,file,drivers/alias/types.go,,,,0
min,3,bracket_lines_of_code,Bracket LOC/File,069ad96b-3762-4b18-b863-c8f40f8d0442,AlistGo__alist (sample analysis: 10 samples),Golang,eb0573ad-e6fe-4526-b44f-cb7ed4181d91,8,8,file,drivers/alist_v2/util.go,,,,0
min,4,bracket_lines_of_code,Bracket LOC/File,069ad96b-3762-4b18-b863-c8f40f8d0442,AlistGo__alist (sample analysis: 10 samples),Golang,eb0573ad-e6fe-4526-b44f-cb7ed4181d91,8,8,file,drivers/baidu_share/types.go,,,,0
min,5,bracket_lines_of_code,Bracket LOC/File,069ad96b-3762-4b18-b863-c8f40f8d0442,AlistGo__alist (sample analysis: 10 samples),Golang,eb0573ad-e6fe-4526-b44f-cb7ed4181d91,8,8,file,drivers/baidu_share/util.go,,,,0
max,1,bracket_lines_of_code,Bracket LOC/File,24cc32f1-80f1-40da-9ad5-e2285210d73d,router-for-me__CLIProxyAPI (sample analysis: 10 samples),Golang,f6fc7d02-aaa1-4202-b314-a02a8ac7b72c,8,8,file,sdk/cliproxy/auth/conductor.go,,,,690
max,2,bracket_lines_of_code,Bracket LOC/File,3e629e34-e52d-445d-9487-cfbcb29d77e8,junegunn__fzf (sample analysis: 10 samples),Golang,3f367539-51e2-43cc-a4c1-033dea698db6,8,8,file,src/terminal.go,,,,601
max,3,bracket_lines_of_code,Bracket LOC/File,24cc32f1-80f1-40da-9ad5-e2285210d73d,router-for-me__CLIProxyAPI (sample analysis: 10 samples),Golang,f6fc7d02-aaa1-4202-b314-a02a8ac7b72c,8,8,file,internal/api/handlers/management/auth_files.go,,,,530
max,4,bracket_lines_of_code,Bracket LOC/File,24e65021-62fe-4607-8cfb-8f06e8e5257f,spf13__cobra (sample analysis: 10 samples),Golang,fec8091d-c519-4efe-94ef-8ceb90fbaf02,8,8,file,command_test.go,,,,468
max,5,bracket_lines_of_code,Bracket LOC/File,24e65021-62fe-4607-8cfb-8f06e8e5257f,spf13__cobra (sample analysis: 10 samples),Golang,fec8091d-c519-4efe-94ef-8ceb90fbaf02,8,8,file,completions_test.go,,,,440
min,1,total_cyclomatic,Total Cyclomatic/File,069ad96b-3762-4b18-b863-c8f40f8d0442,AlistGo__alist (sample analysis: 10 samples),Golang,eb0573ad-e6fe-4526-b44f-cb7ed4181d91,8,8,file,cmd/flags/config.go,,,,0
min,2,total_cyclomatic,Total Cyclomatic/File,069ad96b-3762-4b18-b863-c8f40f8d0442,AlistGo__alist (sample analysis: 10 samples),Golang,eb0573ad-e6fe-4526-b44f-cb7ed4181d91,8,8,file,drivers/115_open/util.go,,,,0
min,3,total_cyclomatic,Total Cyclomatic/File,069ad96b-3762-4b18-b863-c8f40f8d0442,AlistGo__alist (sample analysis: 10 samples),Golang,eb0573ad-e6fe-4526-b44f-cb7ed4181d91,8,8,file,drivers/139/types.go,,,,0
min,4,total_cyclomatic,Total Cyclomatic/File,069ad96b-3762-4b18-b863-c8f40f8d0442,AlistGo__alist (sample analysis: 10 samples),Golang,eb0573ad-e6fe-4526-b44f-cb7ed4181d91,8,8,file,drivers/189/types.go,,,,0
min,5,total_cyclomatic,Total Cyclomatic/File,069ad96b-3762-4b18-b863-c8f40f8d0442,AlistGo__alist (sample analysis: 10 samples),Golang,eb0573ad-e6fe-4526-b44f-cb7ed4181d91,8,8,file,drivers/alias/types.go,,,,0
max,1,total_cyclomatic,Total Cyclomatic/File,a81fc79f-6ea8-409c-8690-f034ab9400d8,BinaryAnalysisPlatform__bap (sample analysis: 10 samples),Ocaml,f1178f58-48f9-42be-811b-f86424f47fce,8,8,file,lib/knowledge/bap_knowledge.ml,,,,908
max,2,total_cyclomatic,Total Cyclomatic/File,3e629e34-e52d-445d-9487-cfbcb29d77e8,junegunn__fzf (sample analysis: 10 samples),Golang,3f367539-51e2-43cc-a4c1-033dea698db6,8,8,file,src/terminal.go,,,,882
max,3,total_cyclomatic,Total Cyclomatic/File,e749ce64-7ffd-4d8c-a44a-47ef93013510,airbus-seclab__bincat (sample analysis: 10 samples),Ocaml,b1462a8d-c3d0-4c7e-91fa-5cdbf15e055c,8,8,file,ocaml/src/disassembly/core_x86.ml,,,,838
max,4,total_cyclomatic,Total Cyclomatic/File,24cc32f1-80f1-40da-9ad5-e2285210d73d,router-for-me__CLIProxyAPI (sample analysis: 10 samples),Golang,f6fc7d02-aaa1-4202-b314-a02a8ac7b72c,8,8,file,sdk/cliproxy/auth/conductor.go,,,,823
max,5,total_cyclomatic,Total Cyclomatic/File,e9d92337-e257-41dd-9d58-bc6f84121654,astrada__google-drive-ocamlfuse (sample analysis: 10 samples),Ocaml,29c029fc-3daf-4c04-9816-cce0cba51963,8,8,file,src/mime.ml,,,,772
min,1,maintainability_index_three_property,Maintainability Index Three Property,3e629e34-e52d-445d-9487-cfbcb29d77e8,junegunn__fzf (sample analysis: 10 samples),Golang,3f367539-51e2-43cc-a4c1-033dea698db6,8,8,file,src/terminal.go,,,,-224.97018281455587
min,2,maintainability_index_three_property,Maintainability Index Three Property,e749ce64-7ffd-4d8c-a44a-47ef93013510,airbus-seclab__bincat (sample analysis: 10 samples),Ocaml,b1462a8d-c3d0-4c7e-91fa-5cdbf15e055c,8,8,file,ocaml/src/disassembly/core_x86.ml,,,,-211.3055732095575
min,3,maintainability_index_three_property,Maintainability Index Three Property,24cc32f1-80f1-40da-9ad5-e2285210d73d,router-for-me__CLIProxyAPI (sample analysis: 10 samples),Golang,f6fc7d02-aaa1-4202-b314-a02a8ac7b72c,8,8,file,sdk/cliproxy/auth/conductor.go,,,,-206.2841889756847
min,4,maintainability_index_three_property,Maintainability Index Three Property,729d4ded-b025-47be-ae9b-ed0561b8f9e6,bcpierce00__unison (sample analysis: 10 samples),Ocaml,f6b73c82-a970-40e9-8f97-92ab80bc7aa6,8,8,file,src/uigtk2.ml,,,,-172.4829014931594
min,5,maintainability_index_three_property,Maintainability Index Three Property,e9d92337-e257-41dd-9d58-bc6f84121654,astrada__google-drive-ocamlfuse (sample analysis: 10 samples),Ocaml,29c029fc-3daf-4c04-9816-cce0cba51963,8,8,file,src/mime.ml,,,,-169.48782124315005
max,1,maintainability_index_three_property,Maintainability Index Three Property,729d4ded-b025-47be-ae9b-ed0561b8f9e6,bcpierce00__unison (sample analysis: 10 samples),Ocaml,f6b73c82-a970-40e9-8f97-92ab80bc7aa6,8,8,file,src/lwt/win/lwt_win.ml,,,,167.39563466108828
max,2,maintainability_index_three_property,Maintainability Index Three Property,729d4ded-b025-47be-ae9b-ed0561b8f9e6,bcpierce00__unison (sample analysis: 10 samples),Ocaml,f6b73c82-a970-40e9-8f97-92ab80bc7aa6,8,8,file,src/lwt/lwt_unix.ml,,,,167.39563466108828
max,3,maintainability_index_three_property,Maintainability Index Three Property,72c58468-aa18-4e1f-a564-d247686d83a5,nektos__act (sample analysis: 10 samples),Golang,19940345-81e5-40de-b040-b7c74a256225,8,8,file,pkg/artifactcache/doc.go,,,,167.39563466108828
max,4,maintainability_index_three_property,Maintainability Index Three Property,e8c37d0d-f999-4ab0-9696-770ba31bbe18,gin-gonic__gin (sample analysis: 10 samples),Golang,b376f541-e7df-4087-baa5-e7b0d61e1f05,8,8,file,doc.go,,,,167.39563466108828
max,5,maintainability_index_three_property,Maintainability Index Three Property,069ad96b-3762-4b18-b863-c8f40f8d0442,AlistGo__alist (sample analysis: 10 samples),Golang,eb0573ad-e6fe-4526-b44f-cb7ed4181d91,8,8,file,pkg/gowebdav/doc.go,,,,167.39563466108828
min,1,maintainability_index_four_property,Maintainability Index Four Property,3e629e34-e52d-445d-9487-cfbcb29d77e8,junegunn__fzf (sample analysis: 10 samples),Golang,3f367539-51e2-43cc-a4c1-033dea698db6,8,8,file,src/terminal.go,,,,-226.9334711809494
min,2,maintainability_index_four_property,Maintainability Index Four Property,729d4ded-b025-47be-ae9b-ed0561b8f9e6,bcpierce00__unison (sample analysis: 10 samples),Ocaml,f6b73c82-a970-40e9-8f97-92ab80bc7aa6,8,8,file,src/uigtk2.ml,,,,-212.88178452576835
min,3,maintainability_index_four_property,Maintainability Index Four Property,24cc32f1-80f1-40da-9ad5-e2285210d73d,router-for-me__CLIProxyAPI (sample analysis: 10 samples),Golang,f6fc7d02-aaa1-4202-b314-a02a8ac7b72c,8,8,file,sdk/cliproxy/auth/conductor.go,,,,-204.40677362464803
min,4,maintainability_index_four_property,Maintainability Index Four Property,a81fc79f-6ea8-409c-8690-f034ab9400d8,BinaryAnalysisPlatform__bap (sample analysis: 10 samples),Ocaml,f1178f58-48f9-42be-811b-f86424f47fce,8,8,file,plugins/x86/x86_disasm.ml,,,,-186.2837962922897
min,5,maintainability_index_four_property,Maintainability Index Four Property,e749ce64-7ffd-4d8c-a44a-47ef93013510,airbus-seclab__bincat (sample analysis: 10 samples),Ocaml,b1462a8d-c3d0-4c7e-91fa-5cdbf15e055c,8,8,file,ocaml/src/disassembly/powerpc.ml,,,,-183.0484787299817
max,1,maintainability_index_four_property,Maintainability Index Four Property,27c2b119-0bb1-44ad-8d53-458f0cca57e7,camlworks__dream (sample analysis: 10 samples),Ocaml,32c43937-8690-4aae-84ab-1d9da1184c1e,8,8,file,example/z-playground/runtime/examples.ml,,,,212.47506063933207
max,2,maintainability_index_four_property,Maintainability Index Four Property,729d4ded-b025-47be-ae9b-ed0561b8f9e6,bcpierce00__unison (sample analysis: 10 samples),Ocaml,f6b73c82-a970-40e9-8f97-92ab80bc7aa6,8,8,file,src/system.mli,,,,212.47506063933207
max,3,maintainability_index_four_property,Maintainability Index Four Property,729d4ded-b025-47be-ae9b-ed0561b8f9e6,bcpierce00__unison (sample analysis: 10 samples),Ocaml,f6b73c82-a970-40e9-8f97-92ab80bc7aa6,8,8,file,src/test.mli,,,,208.6093179474687
max,4,maintainability_index_four_property,Maintainability Index Four Property,e749ce64-7ffd-4d8c-a44a-47ef93013510,airbus-seclab__bincat (sample analysis: 10 samples),Ocaml,b1462a8d-c3d0-4c7e-91fa-5cdbf15e055c,8,8,file,ocaml/src/npk/newspeak/npk2lpk.mli,,,,200.04418106024286
max,5,maintainability_index_four_property,Maintainability Index Four Property,e749ce64-7ffd-4d8c-a44a-47ef93013510,airbus-seclab__bincat (sample analysis: 10 samples),Ocaml,b1462a8d-c3d0-4c7e-91fa-5cdbf15e055c,8,8,file,ocaml/src/npk/c2newspeak/bare2C.mli,,,,200.04418106024286
min,1,maintainability_index_visual_studio,Maintainability Index Visual Studio,069ad96b-3762-4b18-b863-c8f40f8d0442,AlistGo__alist (sample analysis: 10 samples),Golang,eb0573ad-e6fe-4526-b44f-cb7ed4181d91,8,8,file,drivers/115/util.go,,,,0
min,2,maintainability_index_visual_studio,Maintainability Index Visual Studio,069ad96b-3762-4b18-b863-c8f40f8d0442,AlistGo__alist (sample analysis: 10 samples),Golang,eb0573ad-e6fe-4526-b44f-cb7ed4181d91,8,8,file,drivers/139/driver.go,,,,0
min,3,maintainability_index_visual_studio,Maintainability Index Visual Studio,069ad96b-3762-4b18-b863-c8f40f8d0442,AlistGo__alist (sample analysis: 10 samples),Golang,eb0573ad-e6fe-4526-b44f-cb7ed4181d91,8,8,file,drivers/139/util.go,,,,0
min,4,maintainability_index_visual_studio,Maintainability Index Visual Studio,069ad96b-3762-4b18-b863-c8f40f8d0442,AlistGo__alist (sample analysis: 10 samples),Golang,eb0573ad-e6fe-4526-b44f-cb7ed4181d91,8,8,file,drivers/189pc/utils.go,,,,0
min,5,maintainability_index_visual_studio,Maintainability Index Visual Studio,069ad96b-3762-4b18-b863-c8f40f8d0442,AlistGo__alist (sample analysis: 10 samples),Golang,eb0573ad-e6fe-4526-b44f-cb7ed4181d91,8,8,file,drivers/doubao/util.go,,,,0
max,1,maintainability_index_visual_studio,Maintainability Index Visual Studio,729d4ded-b025-47be-ae9b-ed0561b8f9e6,bcpierce00__unison (sample analysis: 10 samples),Ocaml,f6b73c82-a970-40e9-8f97-92ab80bc7aa6,8,8,file,src/lwt/win/lwt_win.ml,,,,97.89218401233234
max,2,maintainability_index_visual_studio,Maintainability Index Visual Studio,729d4ded-b025-47be-ae9b-ed0561b8f9e6,bcpierce00__unison (sample analysis: 10 samples),Ocaml,f6b73c82-a970-40e9-8f97-92ab80bc7aa6,8,8,file,src/lwt/lwt_unix.ml,,,,97.89218401233234
max,3,maintainability_index_visual_studio,Maintainability Index Visual Studio,72c58468-aa18-4e1f-a564-d247686d83a5,nektos__act (sample analysis: 10 samples),Golang,19940345-81e5-40de-b040-b7c74a256225,8,8,file,pkg/artifactcache/doc.go,,,,97.89218401233234
max,4,maintainability_index_visual_studio,Maintainability Index Visual Studio,e8c37d0d-f999-4ab0-9696-770ba31bbe18,gin-gonic__gin (sample analysis: 10 samples),Golang,b376f541-e7df-4087-baa5-e7b0d61e1f05,8,8,file,doc.go,,,,97.89218401233234
max,5,maintainability_index_visual_studio,Maintainability Index Visual Studio,069ad96b-3762-4b18-b863-c8f40f8d0442,AlistGo__alist (sample analysis: 10 samples),Golang,eb0573ad-e6fe-4526-b44f-cb7ed4181d91,8,8,file,pkg/gowebdav/doc.go,,,,97.89218401233234
min,1,maintainability_index_comment_percentage,Maintainability Index Comment Percentage,069ad96b-3762-4b18-b863-c8f40f8d0442,AlistGo__alist (sample analysis: 10 samples),Golang,eb0573ad-e6fe-4526-b44f-cb7ed4181d91,8,8,function,cmd/admin.go,setAdminPassword:67:6,67,84,0
min,2,maintainability_index_comment_percentage,Maintainability Index Comment Percentage,069ad96b-3762-4b18-b863-c8f40f8d0442,AlistGo__alist (sample analysis: 10 samples),Golang,eb0573ad-e6fe-4526-b44f-cb7ed4181d91,8,8,file,cmd/common.go,,,,0
min,3,maintainability_index_comment_percentage,Maintainability Index Comment Percentage,069ad96b-3762-4b18-b863-c8f40f8d0442,AlistGo__alist (sample analysis: 10 samples),Golang,eb0573ad-e6fe-4526-b44f-cb7ed4181d91,8,8,function,cmd/common.go,Init:15:6,15,23,0
min,4,maintainability_index_comment_percentage,Maintainability Index Comment Percentage,069ad96b-3762-4b18-b863-c8f40f8d0442,AlistGo__alist (sample analysis: 10 samples),Golang,eb0573ad-e6fe-4526-b44f-cb7ed4181d91,8,8,function,cmd/common.go,Release:25:6,25,27,0
min,5,maintainability_index_comment_percentage,Maintainability Index Comment Percentage,069ad96b-3762-4b18-b863-c8f40f8d0442,AlistGo__alist (sample analysis: 10 samples),Golang,eb0573ad-e6fe-4526-b44f-cb7ed4181d91,8,8,function,cmd/common.go,initDaemon:32:6,32,51,0
max,1,maintainability_index_comment_percentage,Maintainability Index Comment Percentage,a81fc79f-6ea8-409c-8690-f034ab9400d8,BinaryAnalysisPlatform__bap (sample analysis: 10 samples),Ocaml,f1178f58-48f9-42be-811b-f86424f47fce,8,8,file,lib/bap_main/bap_main.mli,,,,124600
max,2,maintainability_index_comment_percentage,Maintainability Index Comment Percentage,a81fc79f-6ea8-409c-8690-f034ab9400d8,BinaryAnalysisPlatform__bap (sample analysis: 10 samples),Ocaml,f1178f58-48f9-42be-811b-f86424f47fce,8,8,file,lib/bap_c/bap_c_abi.mli,,,,60600
max,3,maintainability_index_comment_percentage,Maintainability Index Comment Percentage,a81fc79f-6ea8-409c-8690-f034ab9400d8,BinaryAnalysisPlatform__bap (sample analysis: 10 samples),Ocaml,f1178f58-48f9-42be-811b-f86424f47fce,8,8,file,lib/ogre/ogre.mli,,,,51800
max,4,maintainability_index_comment_percentage,Maintainability Index Comment Percentage,a81fc79f-6ea8-409c-8690-f034ab9400d8,BinaryAnalysisPlatform__bap (sample analysis: 10 samples),Ocaml,f1178f58-48f9-42be-811b-f86424f47fce,8,8,file,lib/bap_primus/bap_primus_lisp_context.mli,,,,23600
max,5,maintainability_index_comment_percentage,Maintainability Index Comment Percentage,a81fc79f-6ea8-409c-8690-f034ab9400d8,BinaryAnalysisPlatform__bap (sample analysis: 10 samples),Ocaml,f1178f58-48f9-42be-811b-f86424f47fce,8,8,file,lib/bare/bare.mli,,,,21800
min,1,total_halstead_unique_operators,Total Halstead Unique Operators/File,a81fc79f-6ea8-409c-8690-f034ab9400d8,BinaryAnalysisPlatform__bap (sample analysis: 10 samples),Ocaml,f1178f58-48f9-42be-811b-f86424f47fce,8,8,file,lib/arm/arm_env.ml,,,,0
min,2,total_halstead_unique_operators,Total Halstead Unique Operators/File,a81fc79f-6ea8-409c-8690-f034ab9400d8,BinaryAnalysisPlatform__bap (sample analysis: 10 samples),Ocaml,f1178f58-48f9-42be-811b-f86424f47fce,8,8,file,lib/arm/arm_lifter.ml,,,,0
min,3,total_halstead_unique_operators,Total Halstead Unique Operators/File,a81fc79f-6ea8-409c-8690-f034ab9400d8,BinaryAnalysisPlatform__bap (sample analysis: 10 samples),Ocaml,f1178f58-48f9-42be-811b-f86424f47fce,8,8,file,lib/arm/arm_target.ml,,,,0
min,4,total_halstead_unique_operators,Total Halstead Unique Operators/File,a81fc79f-6ea8-409c-8690-f034ab9400d8,BinaryAnalysisPlatform__bap (sample analysis: 10 samples),Ocaml,f1178f58-48f9-42be-811b-f86424f47fce,8,8,file,lib/bap/bap_init_toplevel.mli,,,,0
min,5,total_halstead_unique_operators,Total Halstead Unique Operators/File,a81fc79f-6ea8-409c-8690-f034ab9400d8,BinaryAnalysisPlatform__bap (sample analysis: 10 samples),Ocaml,f1178f58-48f9-42be-811b-f86424f47fce,8,8,file,lib/bap_main/bap_main.ml,,,,0
max,1,total_halstead_unique_operators,Total Halstead Unique Operators/File,729d4ded-b025-47be-ae9b-ed0561b8f9e6,bcpierce00__unison (sample analysis: 10 samples),Ocaml,f6b73c82-a970-40e9-8f97-92ab80bc7aa6,8,8,file,src/uigtk2.ml,,,,71
max,2,total_halstead_unique_operators,Total Halstead Unique Operators/File,a81fc79f-6ea8-409c-8690-f034ab9400d8,BinaryAnalysisPlatform__bap (sample analysis: 10 samples),Ocaml,f1178f58-48f9-42be-811b-f86424f47fce,8,8,file,plugins/patterns/patterns_main.ml,,,,70
max,3,total_halstead_unique_operators,Total Halstead Unique Operators/File,a81fc79f-6ea8-409c-8690-f034ab9400d8,BinaryAnalysisPlatform__bap (sample analysis: 10 samples),Ocaml,f1178f58-48f9-42be-811b-f86424f47fce,8,8,file,plugins/primus_lisp/primus_lisp_semantic_primitives.ml,,,,61
max,4,total_halstead_unique_operators,Total Halstead Unique Operators/File,a81fc79f-6ea8-409c-8690-f034ab9400d8,BinaryAnalysisPlatform__bap (sample analysis: 10 samples),Ocaml,f1178f58-48f9-42be-811b-f86424f47fce,8,8,file,plugins/mips/mips_rtl.ml,,,,60
max,5,total_halstead_unique_operators,Total Halstead Unique Operators/File,a81fc79f-6ea8-409c-8690-f034ab9400d8,BinaryAnalysisPlatform__bap (sample analysis: 10 samples),Ocaml,f1178f58-48f9-42be-811b-f86424f47fce,8,8,file,lib/bap_c/bap_c_abi.ml,,,,59
min,1,total_halstead_unique_operands,Total Halstead Unique Operands/File,a81fc79f-6ea8-409c-8690-f034ab9400d8,BinaryAnalysisPlatform__bap (sample analysis: 10 samples),Ocaml,f1178f58-48f9-42be-811b-f86424f47fce,8,8,file,lib/arm/arm_env.ml,,,,0
min,2,total_halstead_unique_operands,Total Halstead Unique Operands/File,a81fc79f-6ea8-409c-8690-f034ab9400d8,BinaryAnalysisPlatform__bap (sample analysis: 10 samples),Ocaml,f1178f58-48f9-42be-811b-f86424f47fce,8,8,file,lib/arm/arm_lifter.ml,,,,0
min,3,total_halstead_unique_operands,Total Halstead Unique Operands/File,a81fc79f-6ea8-409c-8690-f034ab9400d8,BinaryAnalysisPlatform__bap (sample analysis: 10 samples),Ocaml,f1178f58-48f9-42be-811b-f86424f47fce,8,8,file,lib/arm/arm_target.ml,,,,0
min,4,total_halstead_unique_operands,Total Halstead Unique Operands/File,a81fc79f-6ea8-409c-8690-f034ab9400d8,BinaryAnalysisPlatform__bap (sample analysis: 10 samples),Ocaml,f1178f58-48f9-42be-811b-f86424f47fce,8,8,file,lib/bap/bap_init_toplevel.mli,,,,0
min,5,total_halstead_unique_operands,Total Halstead Unique Operands/File,a81fc79f-6ea8-409c-8690-f034ab9400d8,BinaryAnalysisPlatform__bap (sample analysis: 10 samples),Ocaml,f1178f58-48f9-42be-811b-f86424f47fce,8,8,file,lib/bap_main/bap_main.ml,,,,0
max,1,total_halstead_unique_operands,Total Halstead Unique Operands/File,729d4ded-b025-47be-ae9b-ed0561b8f9e6,bcpierce00__unison (sample analysis: 10 samples),Ocaml,f6b73c82-a970-40e9-8f97-92ab80bc7aa6,8,8,file,unicode_utils/unicode_build.ml,,,,4515
max,2,total_halstead_unique_operands,Total Halstead Unique Operands/File,729d4ded-b025-47be-ae9b-ed0561b8f9e6,bcpierce00__unison (sample analysis: 10 samples),Ocaml,f6b73c82-a970-40e9-8f97-92ab80bc7aa6,8,8,file,src/uigtk2.ml,,,,1942
max,3,total_halstead_unique_operands,Total Halstead Unique Operands/File,e9d92337-e257-41dd-9d58-bc6f84121654,astrada__google-drive-ocamlfuse (sample analysis: 10 samples),Ocaml,29c029fc-3daf-4c04-9816-cce0cba51963,8,8,file,src/mime.ml,,,,1765
max,4,total_halstead_unique_operands,Total Halstead Unique Operands/File,729d4ded-b025-47be-ae9b-ed0561b8f9e6,bcpierce00__unison (sample analysis: 10 samples),Ocaml,f6b73c82-a970-40e9-8f97-92ab80bc7aa6,8,8,file,src/unicode.ml,,,,1556
max,5,total_halstead_unique_operands,Total Halstead Unique Operands/File,a81fc79f-6ea8-409c-8690-f034ab9400d8,BinaryAnalysisPlatform__bap (sample analysis: 10 samples),Ocaml,f1178f58-48f9-42be-811b-f86424f47fce,8,8,file,lib/bap/bap.mli,,,,1468
min,1,total_halstead_operators,Total Halstead Operators/File,a81fc79f-6ea8-409c-8690-f034ab9400d8,BinaryAnalysisPlatform__bap (sample analysis: 10 samples),Ocaml,f1178f58-48f9-42be-811b-f86424f47fce,8,8,file,lib/arm/arm_env.ml,,,,0
min,2,total_halstead_operators,Total Halstead Operators/File,a81fc79f-6ea8-409c-8690-f034ab9400d8,BinaryAnalysisPlatform__bap (sample analysis: 10 samples),Ocaml,f1178f58-48f9-42be-811b-f86424f47fce,8,8,file,lib/arm/arm_lifter.ml,,,,0
min,3,total_halstead_operators,Total Halstead Operators/File,a81fc79f-6ea8-409c-8690-f034ab9400d8,BinaryAnalysisPlatform__bap (sample analysis: 10 samples),Ocaml,f1178f58-48f9-42be-811b-f86424f47fce,8,8,file,lib/arm/arm_target.ml,,,,0
min,4,total_halstead_operators,Total Halstead Operators/File,a81fc79f-6ea8-409c-8690-f034ab9400d8,BinaryAnalysisPlatform__bap (sample analysis: 10 samples),Ocaml,f1178f58-48f9-42be-811b-f86424f47fce,8,8,file,lib/bap/bap_init_toplevel.mli,,,,0
min,5,total_halstead_operators,Total Halstead Operators/File,a81fc79f-6ea8-409c-8690-f034ab9400d8,BinaryAnalysisPlatform__bap (sample analysis: 10 samples),Ocaml,f1178f58-48f9-42be-811b-f86424f47fce,8,8,file,lib/bap_main/bap_main.ml,,,,0
max,1,total_halstead_operators,Total Halstead Operators/File,a81fc79f-6ea8-409c-8690-f034ab9400d8,BinaryAnalysisPlatform__bap (sample analysis: 10 samples),Ocaml,f1178f58-48f9-42be-811b-f86424f47fce,8,8,file,lib/bap/bap.mli,,,,6506
max,2,total_halstead_operators,Total Halstead Operators/File,729d4ded-b025-47be-ae9b-ed0561b8f9e6,bcpierce00__unison (sample analysis: 10 samples),Ocaml,f6b73c82-a970-40e9-8f97-92ab80bc7aa6,8,8,file,src/uigtk2.ml,,,,6181
max,3,total_halstead_operators,Total Halstead Operators/File,e749ce64-7ffd-4d8c-a44a-47ef93013510,airbus-seclab__bincat (sample analysis: 10 samples),Ocaml,b1462a8d-c3d0-4c7e-91fa-5cdbf15e055c,8,8,file,ocaml/src/disassembly/core_x86.ml,,,,4987
max,4,total_halstead_operators,Total Halstead Operators/File,e9d92337-e257-41dd-9d58-bc6f84121654,astrada__google-drive-ocamlfuse (sample analysis: 10 samples),Ocaml,29c029fc-3daf-4c04-9816-cce0cba51963,8,8,file,src/drive.ml,,,,3894
max,5,total_halstead_operators,Total Halstead Operators/File,e749ce64-7ffd-4d8c-a44a-47ef93013510,airbus-seclab__bincat (sample analysis: 10 samples),Ocaml,b1462a8d-c3d0-4c7e-91fa-5cdbf15e055c,8,8,file,ocaml/src/disassembly/armv7.ml,,,,3479
min,1,total_halstead_operands,Total Halstead Operands/File,a81fc79f-6ea8-409c-8690-f034ab9400d8,BinaryAnalysisPlatform__bap (sample analysis: 10 samples),Ocaml,f1178f58-48f9-42be-811b-f86424f47fce,8,8,file,lib/arm/arm_env.ml,,,,0
min,2,total_halstead_operands,Total Halstead Operands/File,a81fc79f-6ea8-409c-8690-f034ab9400d8,BinaryAnalysisPlatform__bap (sample analysis: 10 samples),Ocaml,f1178f58-48f9-42be-811b-f86424f47fce,8,8,file,lib/arm/arm_lifter.ml,,,,0
min,3,total_halstead_operands,Total Halstead Operands/File,a81fc79f-6ea8-409c-8690-f034ab9400d8,BinaryAnalysisPlatform__bap (sample analysis: 10 samples),Ocaml,f1178f58-48f9-42be-811b-f86424f47fce,8,8,file,lib/arm/arm_target.ml,,,,0
min,4,total_halstead_operands,Total Halstead Operands/File,a81fc79f-6ea8-409c-8690-f034ab9400d8,BinaryAnalysisPlatform__bap (sample analysis: 10 samples),Ocaml,f1178f58-48f9-42be-811b-f86424f47fce,8,8,file,lib/bap/bap_init_toplevel.mli,,,,0
min,5,total_halstead_operands,Total Halstead Operands/File,a81fc79f-6ea8-409c-8690-f034ab9400d8,BinaryAnalysisPlatform__bap (sample analysis: 10 samples),Ocaml,f1178f58-48f9-42be-811b-f86424f47fce,8,8,file,lib/bap_main/bap_main.ml,,,,0
max,1,total_halstead_operands,Total Halstead Operands/File,e749ce64-7ffd-4d8c-a44a-47ef93013510,airbus-seclab__bincat (sample analysis: 10 samples),Ocaml,b1462a8d-c3d0-4c7e-91fa-5cdbf15e055c,8,8,file,ocaml/src/disassembly/core_x86.ml,,,,12517
max,2,total_halstead_operands,Total Halstead Operands/File,729d4ded-b025-47be-ae9b-ed0561b8f9e6,bcpierce00__unison (sample analysis: 10 samples),Ocaml,f6b73c82-a970-40e9-8f97-92ab80bc7aa6,8,8,file,unicode_utils/unicode_build.ml,,,,11918
max,3,total_halstead_operands,Total Halstead Operands/File,729d4ded-b025-47be-ae9b-ed0561b8f9e6,bcpierce00__unison (sample analysis: 10 samples),Ocaml,f6b73c82-a970-40e9-8f97-92ab80bc7aa6,8,8,file,src/uigtk2.ml,,,,11799
max,4,total_halstead_operands,Total Halstead Operands/File,a81fc79f-6ea8-409c-8690-f034ab9400d8,BinaryAnalysisPlatform__bap (sample analysis: 10 samples),Ocaml,f1178f58-48f9-42be-811b-f86424f47fce,8,8,file,lib/bap/bap.mli,,,,10852
max,5,total_halstead_operands,Total Halstead Operands/File,3e629e34-e52d-445d-9487-cfbcb29d77e8,junegunn__fzf (sample analysis: 10 samples),Golang,3f367539-51e2-43cc-a4c1-033dea698db6,8,8,file,src/terminal.go,,,,9818
min,1,total_halstead_length,Total Halstead Length/File,a81fc79f-6ea8-409c-8690-f034ab9400d8,BinaryAnalysisPlatform__bap (sample analysis: 10 samples),Ocaml,f1178f58-48f9-42be-811b-f86424f47fce,8,8,file,lib/arm/arm_env.ml,,,,0
min,2,total_halstead_length,Total Halstead Length/File,a81fc79f-6ea8-409c-8690-f034ab9400d8,BinaryAnalysisPlatform__bap (sample analysis: 10 samples),Ocaml,f1178f58-48f9-42be-811b-f86424f47fce,8,8,file,lib/arm/arm_lifter.ml,,,,0
min,3,total_halstead_length,Total Halstead Length/File,a81fc79f-6ea8-409c-8690-f034ab9400d8,BinaryAnalysisPlatform__bap (sample analysis: 10 samples),Ocaml,f1178f58-48f9-42be-811b-f86424f47fce,8,8,file,lib/arm/arm_target.ml,,,,0
min,4,total_halstead_length,Total Halstead Length/File,a81fc79f-6ea8-409c-8690-f034ab9400d8,BinaryAnalysisPlatform__bap (sample analysis: 10 samples),Ocaml,f1178f58-48f9-42be-811b-f86424f47fce,8,8,file,lib/bap/bap_init_toplevel.mli,,,,0
min,5,total_halstead_length,Total Halstead Length/File,a81fc79f-6ea8-409c-8690-f034ab9400d8,BinaryAnalysisPlatform__bap (sample analysis: 10 samples),Ocaml,f1178f58-48f9-42be-811b-f86424f47fce,8,8,file,lib/bap_main/bap_main.ml,,,,0
max,1,total_halstead_length,Total Halstead Length/File,729d4ded-b025-47be-ae9b-ed0561b8f9e6,bcpierce00__unison (sample analysis: 10 samples),Ocaml,f6b73c82-a970-40e9-8f97-92ab80bc7aa6,8,8,file,src/uigtk2.ml,,,,17980
max,2,total_halstead_length,Total Halstead Length/File,e749ce64-7ffd-4d8c-a44a-47ef93013510,airbus-seclab__bincat (sample analysis: 10 samples),Ocaml,b1462a8d-c3d0-4c7e-91fa-5cdbf15e055c,8,8,file,ocaml/src/disassembly/core_x86.ml,,,,17504
max,3,total_halstead_length,Total Halstead Length/File,a81fc79f-6ea8-409c-8690-f034ab9400d8,BinaryAnalysisPlatform__bap (sample analysis: 10 samples),Ocaml,f1178f58-48f9-42be-811b-f86424f47fce,8,8,file,lib/bap/bap.mli,,,,17358
max,4,total_halstead_length,Total Halstead Length/File,3e629e34-e52d-445d-9487-cfbcb29d77e8,junegunn__fzf (sample analysis: 10 samples),Golang,3f367539-51e2-43cc-a4c1-033dea698db6,8,8,file,src/terminal.go,,,,13143
max,5,total_halstead_length,Total Halstead Length/File,729d4ded-b025-47be-ae9b-ed0561b8f9e6,bcpierce00__unison (sample analysis: 10 samples),Ocaml,f6b73c82-a970-40e9-8f97-92ab80bc7aa6,8,8,file,unicode_utils/unicode_build.ml,,,,12839
min,1,total_halstead_vocabulary,Total Halstead Vocabulary/File,a81fc79f-6ea8-409c-8690-f034ab9400d8,BinaryAnalysisPlatform__bap (sample analysis: 10 samples),Ocaml,f1178f58-48f9-42be-811b-f86424f47fce,8,8,file,lib/arm/arm_env.ml,,,,0
min,2,total_halstead_vocabulary,Total Halstead Vocabulary/File,a81fc79f-6ea8-409c-8690-f034ab9400d8,BinaryAnalysisPlatform__bap (sample analysis: 10 samples),Ocaml,f1178f58-48f9-42be-811b-f86424f47fce,8,8,file,lib/arm/arm_lifter.ml,,,,0
min,3,total_halstead_vocabulary,Total Halstead Vocabulary/File,a81fc79f-6ea8-409c-8690-f034ab9400d8,BinaryAnalysisPlatform__bap (sample analysis: 10 samples),Ocaml,f1178f58-48f9-42be-811b-f86424f47fce,8,8,file,lib/arm/arm_target.ml,,,,0
min,4,total_halstead_vocabulary,Total Halstead Vocabulary/File,a81fc79f-6ea8-409c-8690-f034ab9400d8,BinaryAnalysisPlatform__bap (sample analysis: 10 samples),Ocaml,f1178f58-48f9-42be-811b-f86424f47fce,8,8,file,lib/bap/bap_init_toplevel.mli,,,,0
min,5,total_halstead_vocabulary,Total Halstead Vocabulary/File,a81fc79f-6ea8-409c-8690-f034ab9400d8,BinaryAnalysisPlatform__bap (sample analysis: 10 samples),Ocaml,f1178f58-48f9-42be-811b-f86424f47fce,8,8,file,lib/bap_main/bap_main.ml,,,,0
max,1,total_halstead_vocabulary,Total Halstead Vocabulary/File,729d4ded-b025-47be-ae9b-ed0561b8f9e6,bcpierce00__unison (sample analysis: 10 samples),Ocaml,f6b73c82-a970-40e9-8f97-92ab80bc7aa6,8,8,file,unicode_utils/unicode_build.ml,,,,4565
max,2,total_halstead_vocabulary,Total Halstead Vocabulary/File,729d4ded-b025-47be-ae9b-ed0561b8f9e6,bcpierce00__unison (sample analysis: 10 samples),Ocaml,f6b73c82-a970-40e9-8f97-92ab80bc7aa6,8,8,file,src/uigtk2.ml,,,,2013
max,3,total_halstead_vocabulary,Total Halstead Vocabulary/File,e9d92337-e257-41dd-9d58-bc6f84121654,astrada__google-drive-ocamlfuse (sample analysis: 10 samples),Ocaml,29c029fc-3daf-4c04-9816-cce0cba51963,8,8,file,src/mime.ml,,,,1775
max,4,total_halstead_vocabulary,Total Halstead Vocabulary/File,729d4ded-b025-47be-ae9b-ed0561b8f9e6,bcpierce00__unison (sample analysis: 10 samples),Ocaml,f6b73c82-a970-40e9-8f97-92ab80bc7aa6,8,8,file,src/unicode.ml,,,,1590
max,5,total_halstead_vocabulary,Total Halstead Vocabulary/File,a81fc79f-6ea8-409c-8690-f034ab9400d8,BinaryAnalysisPlatform__bap (sample analysis: 10 samples),Ocaml,f1178f58-48f9-42be-811b-f86424f47fce,8,8,file,lib/bap/bap.mli,,,,1525
min,1,total_halstead_calculated_length,Total Halstead Calculated Length/File,069ad96b-3762-4b18-b863-c8f40f8d0442,AlistGo__alist (sample analysis: 10 samples),Golang,eb0573ad-e6fe-4526-b44f-cb7ed4181d91,8,8,file,drivers/115_open/util.go,,,,0
min,2,total_halstead_calculated_length,Total Halstead Calculated Length/File,069ad96b-3762-4b18-b863-c8f40f8d0442,AlistGo__alist (sample analysis: 10 samples),Golang,eb0573ad-e6fe-4526-b44f-cb7ed4181d91,8,8,file,drivers/alias/types.go,,,,0
min,3,total_halstead_calculated_length,Total Halstead Calculated Length/File,069ad96b-3762-4b18-b863-c8f40f8d0442,AlistGo__alist (sample analysis: 10 samples),Golang,eb0573ad-e6fe-4526-b44f-cb7ed4181d91,8,8,file,drivers/alist_v2/util.go,,,,0
min,4,total_halstead_calculated_length,Total Halstead Calculated Length/File,069ad96b-3762-4b18-b863-c8f40f8d0442,AlistGo__alist (sample analysis: 10 samples),Golang,eb0573ad-e6fe-4526-b44f-cb7ed4181d91,8,8,file,drivers/baidu_share/types.go,,,,0
min,5,total_halstead_calculated_length,Total Halstead Calculated Length/File,069ad96b-3762-4b18-b863-c8f40f8d0442,AlistGo__alist (sample analysis: 10 samples),Golang,eb0573ad-e6fe-4526-b44f-cb7ed4181d91,8,8,file,drivers/baidu_share/util.go,,,,0
max,1,total_halstead_calculated_length,Total Halstead Calculated Length/File,729d4ded-b025-47be-ae9b-ed0561b8f9e6,bcpierce00__unison (sample analysis: 10 samples),Ocaml,f6b73c82-a970-40e9-8f97-92ab80bc7aa6,8,8,file,unicode_utils/unicode_build.ml,,,,55096.59668923125
max,2,total_halstead_calculated_length,Total Halstead Calculated Length/File,729d4ded-b025-47be-ae9b-ed0561b8f9e6,bcpierce00__unison (sample analysis: 10 samples),Ocaml,f6b73c82-a970-40e9-8f97-92ab80bc7aa6,8,8,file,src/uigtk2.ml,,,,21649.7340221689
max,3,total_halstead_calculated_length,Total Halstead Calculated Length/File,e9d92337-e257-41dd-9d58-bc6f84121654,astrada__google-drive-ocamlfuse (sample analysis: 10 samples),Ocaml,29c029fc-3daf-4c04-9816-cce0cba51963,8,8,file,src/mime.ml,,,,19069.5428872487
max,4,total_halstead_calculated_length,Total Halstead Calculated Length/File,729d4ded-b025-47be-ae9b-ed0561b8f9e6,bcpierce00__unison (sample analysis: 10 samples),Ocaml,f6b73c82-a970-40e9-8f97-92ab80bc7aa6,8,8,file,src/unicode.ml,,,,16672.216329401028
max,5,total_halstead_calculated_length,Total Halstead Calculated Length/File,a81fc79f-6ea8-409c-8690-f034ab9400d8,BinaryAnalysisPlatform__bap (sample analysis: 10 samples),Ocaml,f1178f58-48f9-42be-811b-f86424f47fce,8,8,file,lib/bap/bap.mli,,,,15775.300749981228
min,1,total_halstead_volume,Total Halstead Volume/File,a81fc79f-6ea8-409c-8690-f034ab9400d8,BinaryAnalysisPlatform__bap (sample analysis: 10 samples),Ocaml,f1178f58-48f9-42be-811b-f86424f47fce,8,8,file,lib/arm/arm_env.ml,,,,0
min,2,total_halstead_volume,Total Halstead Volume/File,a81fc79f-6ea8-409c-8690-f034ab9400d8,BinaryAnalysisPlatform__bap (sample analysis: 10 samples),Ocaml,f1178f58-48f9-42be-811b-f86424f47fce,8,8,file,lib/arm/arm_lifter.ml,,,,0
min,3,total_halstead_volume,Total Halstead Volume/File,a81fc79f-6ea8-409c-8690-f034ab9400d8,BinaryAnalysisPlatform__bap (sample analysis: 10 samples),Ocaml,f1178f58-48f9-42be-811b-f86424f47fce,8,8,file,lib/arm/arm_target.ml,,,,0
min,4,total_halstead_volume,Total Halstead Volume/File,a81fc79f-6ea8-409c-8690-f034ab9400d8,BinaryAnalysisPlatform__bap (sample analysis: 10 samples),Ocaml,f1178f58-48f9-42be-811b-f86424f47fce,8,8,file,lib/bap/bap_init_toplevel.mli,,,,0
min,5,total_halstead_volume,Total Halstead Volume/File,a81fc79f-6ea8-409c-8690-f034ab9400d8,BinaryAnalysisPlatform__bap (sample analysis: 10 samples),Ocaml,f1178f58-48f9-42be-811b-f86424f47fce,8,8,file,lib/bap_main/bap_main.ml,,,,0
max,1,total_halstead_volume,Total Halstead Volume/File,729d4ded-b025-47be-ae9b-ed0561b8f9e6,bcpierce00__unison (sample analysis: 10 samples),Ocaml,f6b73c82-a970-40e9-8f97-92ab80bc7aa6,8,8,file,src/uigtk2.ml,,,,197332.86359544567
max,2,total_halstead_volume,Total Halstead Volume/File,a81fc79f-6ea8-409c-8690-f034ab9400d8,BinaryAnalysisPlatform__bap (sample analysis: 10 samples),Ocaml,f1178f58-48f9-42be-811b-f86424f47fce,8,8,file,lib/bap/bap.mli,,,,183553.79444752625
max,3,total_halstead_volume,Total Halstead Volume/File,e749ce64-7ffd-4d8c-a44a-47ef93013510,airbus-seclab__bincat (sample analysis: 10 samples),Ocaml,b1462a8d-c3d0-4c7e-91fa-5cdbf15e055c,8,8,file,ocaml/src/disassembly/core_x86.ml,,,,179873.28158992028
max,4,total_halstead_volume,Total Halstead Volume/File,729d4ded-b025-47be-ae9b-ed0561b8f9e6,bcpierce00__unison (sample analysis: 10 samples),Ocaml,f6b73c82-a970-40e9-8f97-92ab80bc7aa6,8,8,file,unicode_utils/unicode_build.ml,,,,156076.00862100627
max,5,total_halstead_volume,Total Halstead Volume/File,3e629e34-e52d-445d-9487-cfbcb29d77e8,junegunn__fzf (sample analysis: 10 samples),Golang,3f367539-51e2-43cc-a4c1-033dea698db6,8,8,file,src/terminal.go,,,,134735.23332278145
min,1,total_halstead_difficulty,Total Halstead Difficulty/File,a81fc79f-6ea8-409c-8690-f034ab9400d8,BinaryAnalysisPlatform__bap (sample analysis: 10 samples),Ocaml,f1178f58-48f9-42be-811b-f86424f47fce,8,8,file,lib/arm/arm_env.ml,,,,0
min,2,total_halstead_difficulty,Total Halstead Difficulty/File,a81fc79f-6ea8-409c-8690-f034ab9400d8,BinaryAnalysisPlatform__bap (sample analysis: 10 samples),Ocaml,f1178f58-48f9-42be-811b-f86424f47fce,8,8,file,lib/arm/arm_lifter.ml,,,,0
min,3,total_halstead_difficulty,Total Halstead Difficulty/File,a81fc79f-6ea8-409c-8690-f034ab9400d8,BinaryAnalysisPlatform__bap (sample analysis: 10 samples),Ocaml,f1178f58-48f9-42be-811b-f86424f47fce,8,8,file,lib/arm/arm_target.ml,,,,0
min,4,total_halstead_difficulty,Total Halstead Difficulty/File,a81fc79f-6ea8-409c-8690-f034ab9400d8,BinaryAnalysisPlatform__bap (sample analysis: 10 samples),Ocaml,f1178f58-48f9-42be-811b-f86424f47fce,8,8,file,lib/bap/bap_init_toplevel.mli,,,,0
min,5,total_halstead_difficulty,Total Halstead Difficulty/File,a81fc79f-6ea8-409c-8690-f034ab9400d8,BinaryAnalysisPlatform__bap (sample analysis: 10 samples),Ocaml,f1178f58-48f9-42be-811b-f86424f47fce,8,8,file,lib/bap_main/bap_main.ml,,,,0
max,1,total_halstead_difficulty,Total Halstead Difficulty/File,a81fc79f-6ea8-409c-8690-f034ab9400d8,BinaryAnalysisPlatform__bap (sample analysis: 10 samples),Ocaml,f1178f58-48f9-42be-811b-f86424f47fce,8,8,file,lib/monads/monads_monad.ml,,,,460.88144329896903
max,2,total_halstead_difficulty,Total Halstead Difficulty/File,a81fc79f-6ea8-409c-8690-f034ab9400d8,BinaryAnalysisPlatform__bap (sample analysis: 10 samples),Ocaml,f1178f58-48f9-42be-811b-f86424f47fce,8,8,file,lib/monads/monads.mli,,,,299.80167597765364
max,3,total_halstead_difficulty,Total Halstead Difficulty/File,e749ce64-7ffd-4d8c-a44a-47ef93013510,airbus-seclab__bincat (sample analysis: 10 samples),Ocaml,b1462a8d-c3d0-4c7e-91fa-5cdbf15e055c,8,8,file,ocaml/src/disassembly/core_x86.ml,,,,290.4789029535865
max,4,total_halstead_difficulty,Total Halstead Difficulty/File,a81fc79f-6ea8-409c-8690-f034ab9400d8,BinaryAnalysisPlatform__bap (sample analysis: 10 samples),Ocaml,f1178f58-48f9-42be-811b-f86424f47fce,8,8,file,lib/graphlib/graphlib_graph.ml,,,,273.4526112185687
max,5,total_halstead_difficulty,Total Halstead Difficulty/File,a81fc79f-6ea8-409c-8690-f034ab9400d8,BinaryAnalysisPlatform__bap (sample analysis: 10 samples),Ocaml,f1178f58-48f9-42be-811b-f86424f47fce,8,8,file,lib/bitvec/bitvec.ml,,,,267.5189189189189
min,1,total_halstead_effort,Total Halstead Effort/File,a81fc79f-6ea8-409c-8690-f034ab9400d8,BinaryAnalysisPlatform__bap (sample analysis: 10 samples),Ocaml,f1178f58-48f9-42be-811b-f86424f47fce,8,8,file,lib/arm/arm_env.ml,,,,0
min,2,total_halstead_effort,Total Halstead Effort/File,a81fc79f-6ea8-409c-8690-f034ab9400d8,BinaryAnalysisPlatform__bap (sample analysis: 10 samples),Ocaml,f1178f58-48f9-42be-811b-f86424f47fce,8,8,file,lib/arm/arm_lifter.ml,,,,0
min,3,total_halstead_effort,Total Halstead Effort/File,a81fc79f-6ea8-409c-8690-f034ab9400d8,BinaryAnalysisPlatform__bap (sample analysis: 10 samples),Ocaml,f1178f58-48f9-42be-811b-f86424f47fce,8,8,file,lib/arm/arm_target.ml,,,,0
min,4,total_halstead_effort,Total Halstead Effort/File,a81fc79f-6ea8-409c-8690-f034ab9400d8,BinaryAnalysisPlatform__bap (sample analysis: 10 samples),Ocaml,f1178f58-48f9-42be-811b-f86424f47fce,8,8,file,lib/bap/bap_init_toplevel.mli,,,,0
min,5,total_halstead_effort,Total Halstead Effort/File,a81fc79f-6ea8-409c-8690-f034ab9400d8,BinaryAnalysisPlatform__bap (sample analysis: 10 samples),Ocaml,f1178f58-48f9-42be-811b-f86424f47fce,8,8,file,lib/bap_main/bap_main.ml,,,,0
max,1,total_halstead_effort,Total Halstead Effort/File,e749ce64-7ffd-4d8c-a44a-47ef93013510,airbus-seclab__bincat (sample analysis: 10 samples),Ocaml,b1462a8d-c3d0-4c7e-91fa-5cdbf15e055c,8,8,file,ocaml/src/disassembly/core_x86.ml,,,,52249393.50690159
max,2,total_halstead_effort,Total Halstead Effort/File,729d4ded-b025-47be-ae9b-ed0561b8f9e6,bcpierce00__unison (sample analysis: 10 samples),Ocaml,f6b73c82-a970-40e9-8f97-92ab80bc7aa6,8,8,file,src/uigtk2.ml,,,,42562168.50848329
max,3,total_halstead_effort,Total Halstead Effort/File,a81fc79f-6ea8-409c-8690-f034ab9400d8,BinaryAnalysisPlatform__bap (sample analysis: 10 samples),Ocaml,f1178f58-48f9-42be-811b-f86424f47fce,8,8,file,lib/bap/bap.mli,,,,38671583.551988974
max,4,total_halstead_effort,Total Halstead Effort/File,a81fc79f-6ea8-409c-8690-f034ab9400d8,BinaryAnalysisPlatform__bap (sample analysis: 10 samples),Ocaml,f1178f58-48f9-42be-811b-f86424f47fce,8,8,file,lib/monads/monads_monad.ml,,,,31429238.836874954
max,5,total_halstead_effort,Total Halstead Effort/File,e749ce64-7ffd-4d8c-a44a-47ef93013510,airbus-seclab__bincat (sample analysis: 10 samples),Ocaml,b1462a8d-c3d0-4c7e-91fa-5cdbf15e055c,8,8,file,ocaml/src/disassembly/armv7.ml,,,,27157907.405687775
min,1,total_halstead_time_seconds,Total Halstead Time Seconds/File,a81fc79f-6ea8-409c-8690-f034ab9400d8,BinaryAnalysisPlatform__bap (sample analysis: 10 samples),Ocaml,f1178f58-48f9-42be-811b-f86424f47fce,8,8,file,lib/arm/arm_env.ml,,,,0
min,2,total_halstead_time_seconds,Total Halstead Time Seconds/File,a81fc79f-6ea8-409c-8690-f034ab9400d8,BinaryAnalysisPlatform__bap (sample analysis: 10 samples),Ocaml,f1178f58-48f9-42be-811b-f86424f47fce,8,8,file,lib/arm/arm_lifter.ml,,,,0
min,3,total_halstead_time_seconds,Total Halstead Time Seconds/File,a81fc79f-6ea8-409c-8690-f034ab9400d8,BinaryAnalysisPlatform__bap (sample analysis: 10 samples),Ocaml,f1178f58-48f9-42be-811b-f86424f47fce,8,8,file,lib/arm/arm_target.ml,,,,0
min,4,total_halstead_time_seconds,Total Halstead Time Seconds/File,a81fc79f-6ea8-409c-8690-f034ab9400d8,BinaryAnalysisPlatform__bap (sample analysis: 10 samples),Ocaml,f1178f58-48f9-42be-811b-f86424f47fce,8,8,file,lib/bap/bap_init_toplevel.mli,,,,0
min,5,total_halstead_time_seconds,Total Halstead Time Seconds/File,a81fc79f-6ea8-409c-8690-f034ab9400d8,BinaryAnalysisPlatform__bap (sample analysis: 10 samples),Ocaml,f1178f58-48f9-42be-811b-f86424f47fce,8,8,file,lib/bap_main/bap_main.ml,,,,0
max,1,total_halstead_time_seconds,Total Halstead Time Seconds/File,e749ce64-7ffd-4d8c-a44a-47ef93013510,airbus-seclab__bincat (sample analysis: 10 samples),Ocaml,b1462a8d-c3d0-4c7e-91fa-5cdbf15e055c,8,8,file,ocaml/src/disassembly/core_x86.ml,,,,2902744.0837167553
max,2,total_halstead_time_seconds,Total Halstead Time Seconds/File,729d4ded-b025-47be-ae9b-ed0561b8f9e6,bcpierce00__unison (sample analysis: 10 samples),Ocaml,f6b73c82-a970-40e9-8f97-92ab80bc7aa6,8,8,file,src/uigtk2.ml,,,,2364564.9171379604
max,3,total_halstead_time_seconds,Total Halstead Time Seconds/File,a81fc79f-6ea8-409c-8690-f034ab9400d8,BinaryAnalysisPlatform__bap (sample analysis: 10 samples),Ocaml,f1178f58-48f9-42be-811b-f86424f47fce,8,8,file,lib/bap/bap.mli,,,,2148421.3084438317
max,4,total_halstead_time_seconds,Total Halstead Time Seconds/File,a81fc79f-6ea8-409c-8690-f034ab9400d8,BinaryAnalysisPlatform__bap (sample analysis: 10 samples),Ocaml,f1178f58-48f9-42be-811b-f86424f47fce,8,8,file,lib/monads/monads_monad.ml,,,,1746068.8242708307
max,5,total_halstead_time_seconds,Total Halstead Time Seconds/File,e749ce64-7ffd-4d8c-a44a-47ef93013510,airbus-seclab__bincat (sample analysis: 10 samples),Ocaml,b1462a8d-c3d0-4c7e-91fa-5cdbf15e055c,8,8,file,ocaml/src/disassembly/armv7.ml,,,,1508772.6336493208
min,1,total_halstead_bugs,Total Halstead Bugs/File,a81fc79f-6ea8-409c-8690-f034ab9400d8,BinaryAnalysisPlatform__bap (sample analysis: 10 samples),Ocaml,f1178f58-48f9-42be-811b-f86424f47fce,8,8,file,lib/arm/arm_env.ml,,,,0
min,2,total_halstead_bugs,Total Halstead Bugs/File,a81fc79f-6ea8-409c-8690-f034ab9400d8,BinaryAnalysisPlatform__bap (sample analysis: 10 samples),Ocaml,f1178f58-48f9-42be-811b-f86424f47fce,8,8,file,lib/arm/arm_lifter.ml,,,,0
min,3,total_halstead_bugs,Total Halstead Bugs/File,a81fc79f-6ea8-409c-8690-f034ab9400d8,BinaryAnalysisPlatform__bap (sample analysis: 10 samples),Ocaml,f1178f58-48f9-42be-811b-f86424f47fce,8,8,file,lib/arm/arm_target.ml,,,,0
min,4,total_halstead_bugs,Total Halstead Bugs/File,a81fc79f-6ea8-409c-8690-f034ab9400d8,BinaryAnalysisPlatform__bap (sample analysis: 10 samples),Ocaml,f1178f58-48f9-42be-811b-f86424f47fce,8,8,file,lib/bap/bap_init_toplevel.mli,,,,0
min,5,total_halstead_bugs,Total Halstead Bugs/File,a81fc79f-6ea8-409c-8690-f034ab9400d8,BinaryAnalysisPlatform__bap (sample analysis: 10 samples),Ocaml,f1178f58-48f9-42be-811b-f86424f47fce,8,8,file,lib/bap_main/bap_main.ml,,,,0
max,1,total_halstead_bugs,Total Halstead Bugs/File,729d4ded-b025-47be-ae9b-ed0561b8f9e6,bcpierce00__unison (sample analysis: 10 samples),Ocaml,f6b73c82-a970-40e9-8f97-92ab80bc7aa6,8,8,file,src/uigtk2.ml,,,,65.7776211984819
max,2,total_halstead_bugs,Total Halstead Bugs/File,a81fc79f-6ea8-409c-8690-f034ab9400d8,BinaryAnalysisPlatform__bap (sample analysis: 10 samples),Ocaml,f1178f58-48f9-42be-811b-f86424f47fce,8,8,file,lib/bap/bap.mli,,,,61.184598149175415
max,3,total_halstead_bugs,Total Halstead Bugs/File,e749ce64-7ffd-4d8c-a44a-47ef93013510,airbus-seclab__bincat (sample analysis: 10 samples),Ocaml,b1462a8d-c3d0-4c7e-91fa-5cdbf15e055c,8,8,file,ocaml/src/disassembly/core_x86.ml,,,,59.95776052997343
max,4,total_halstead_bugs,Total Halstead Bugs/File,729d4ded-b025-47be-ae9b-ed0561b8f9e6,bcpierce00__unison (sample analysis: 10 samples),Ocaml,f6b73c82-a970-40e9-8f97-92ab80bc7aa6,8,8,file,unicode_utils/unicode_build.ml,,,,52.02533620700209
max,5,total_halstead_bugs,Total Halstead Bugs/File,3e629e34-e52d-445d-9487-cfbcb29d77e8,junegunn__fzf (sample analysis: 10 samples),Golang,3f367539-51e2-43cc-a4c1-033dea698db6,8,8,file,src/terminal.go,,,,44.91174444092715
min,1,mean_outdegree_per_file,Mean Outdegree/File,069ad96b-3762-4b18-b863-c8f40f8d0442,AlistGo__alist (sample analysis: 10 samples),Golang,eb0573ad-e6fe-4526-b44f-cb7ed4181d91,8,8,file,cmd/flags/config.go,,,,0
min,2,mean_outdegree_per_file,Mean Outdegree/File,069ad96b-3762-4b18-b863-c8f40f8d0442,AlistGo__alist (sample analysis: 10 samples),Golang,eb0573ad-e6fe-4526-b44f-cb7ed4181d91,8,8,file,drivers/115_open/util.go,,,,0
min,3,mean_outdegree_per_file,Mean Outdegree/File,069ad96b-3762-4b18-b863-c8f40f8d0442,AlistGo__alist (sample analysis: 10 samples),Golang,eb0573ad-e6fe-4526-b44f-cb7ed4181d91,8,8,file,drivers/139/types.go,,,,0
min,4,mean_outdegree_per_file,Mean Outdegree/File,069ad96b-3762-4b18-b863-c8f40f8d0442,AlistGo__alist (sample analysis: 10 samples),Golang,eb0573ad-e6fe-4526-b44f-cb7ed4181d91,8,8,file,drivers/189/types.go,,,,0
min,5,mean_outdegree_per_file,Mean Outdegree/File,069ad96b-3762-4b18-b863-c8f40f8d0442,AlistGo__alist (sample analysis: 10 samples),Golang,eb0573ad-e6fe-4526-b44f-cb7ed4181d91,8,8,file,drivers/alias/types.go,,,,0
max,1,mean_outdegree_per_file,Mean Outdegree/File,24cc32f1-80f1-40da-9ad5-e2285210d73d,router-for-me__CLIProxyAPI (sample analysis: 10 samples),Golang,f6fc7d02-aaa1-4202-b314-a02a8ac7b72c,8,8,file,internal/translator/claude/gemini/claude_gemini_request.go,,,,107
max,2,mean_outdegree_per_file,Mean Outdegree/File,24cc32f1-80f1-40da-9ad5-e2285210d73d,router-for-me__CLIProxyAPI (sample analysis: 10 samples),Golang,f6fc7d02-aaa1-4202-b314-a02a8ac7b72c,8,8,file,internal/translator/antigravity/claude/antigravity_claude_request.go,,,,102
max,3,mean_outdegree_per_file,Mean Outdegree/File,24cc32f1-80f1-40da-9ad5-e2285210d73d,router-for-me__CLIProxyAPI (sample analysis: 10 samples),Golang,f6fc7d02-aaa1-4202-b314-a02a8ac7b72c,8,8,file,internal/translator/gemini/openai/responses/gemini_openai-responses_request.go,,,,88
max,4,mean_outdegree_per_file,Mean Outdegree/File,24cc32f1-80f1-40da-9ad5-e2285210d73d,router-for-me__CLIProxyAPI (sample analysis: 10 samples),Golang,f6fc7d02-aaa1-4202-b314-a02a8ac7b72c,8,8,file,internal/translator/openai/gemini/openai_gemini_request.go,,,,87
max,5,mean_outdegree_per_file,Mean Outdegree/File,24cc32f1-80f1-40da-9ad5-e2285210d73d,router-for-me__CLIProxyAPI (sample analysis: 10 samples),Golang,f6fc7d02-aaa1-4202-b314-a02a8ac7b72c,8,8,file,internal/translator/claude/openai/responses/claude_openai-responses_request.go,,,,86
min,1,mean_indegree_per_file,Mean Indegree/File,069ad96b-3762-4b18-b863-c8f40f8d0442,AlistGo__alist (sample analysis: 10 samples),Golang,eb0573ad-e6fe-4526-b44f-cb7ed4181d91,8,8,file,cmd/admin.go,,,,0
min,2,mean_indegree_per_file,Mean Indegree/File,069ad96b-3762-4b18-b863-c8f40f8d0442,AlistGo__alist (sample analysis: 10 samples),Golang,eb0573ad-e6fe-4526-b44f-cb7ed4181d91,8,8,file,cmd/cancel2FA.go,,,,0
min,3,mean_indegree_per_file,Mean Indegree/File,069ad96b-3762-4b18-b863-c8f40f8d0442,AlistGo__alist (sample analysis: 10 samples),Golang,eb0573ad-e6fe-4526-b44f-cb7ed4181d91,8,8,file,cmd/common.go,,,,0
min,4,mean_indegree_per_file,Mean Indegree/File,069ad96b-3762-4b18-b863-c8f40f8d0442,AlistGo__alist (sample analysis: 10 samples),Golang,eb0573ad-e6fe-4526-b44f-cb7ed4181d91,8,8,file,cmd/flags/config.go,,,,0
min,5,mean_indegree_per_file,Mean Indegree/File,069ad96b-3762-4b18-b863-c8f40f8d0442,AlistGo__alist (sample analysis: 10 samples),Golang,eb0573ad-e6fe-4526-b44f-cb7ed4181d91,8,8,file,cmd/kill.go,,,,0
max,1,mean_indegree_per_file,Mean Indegree/File,a81fc79f-6ea8-409c-8690-f034ab9400d8,BinaryAnalysisPlatform__bap (sample analysis: 10 samples),Ocaml,f1178f58-48f9-42be-811b-f86424f47fce,8,8,file,lib/bap_core_theory/bap_core_theory_parser.ml,,,,3.5783132530120483
max,2,mean_indegree_per_file,Mean Indegree/File,a81fc79f-6ea8-409c-8690-f034ab9400d8,BinaryAnalysisPlatform__bap (sample analysis: 10 samples),Ocaml,f1178f58-48f9-42be-811b-f86424f47fce,8,8,file,lib/bap_future/bap_future.ml,,,,3.4722222222222223
max,3,mean_indegree_per_file,Mean Indegree/File,729d4ded-b025-47be-ae9b-ed0561b8f9e6,bcpierce00__unison (sample analysis: 10 samples),Ocaml,f6b73c82-a970-40e9-8f97-92ab80bc7aa6,8,8,file,src/unicode.ml,,,,3.327272727272727
max,4,mean_indegree_per_file,Mean Indegree/File,e749ce64-7ffd-4d8c-a44a-47ef93013510,airbus-seclab__bincat (sample analysis: 10 samples),Ocaml,b1462a8d-c3d0-4c7e-91fa-5cdbf15e055c,8,8,file,ocaml/src/disassembly/powerpc.ml,,,,3.23972602739726
max,5,mean_indegree_per_file,Mean Indegree/File,e749ce64-7ffd-4d8c-a44a-47ef93013510,airbus-seclab__bincat (sample analysis: 10 samples),Ocaml,b1462a8d-c3d0-4c7e-91fa-5cdbf15e055c,8,8,file,ocaml/src/disassembly/core_x86.ml,,,,2.8536585365853657
min,1,mean_cyclomatic_per_function_per_file,Mean Function Cyclomatic/File,069ad96b-3762-4b18-b863-c8f40f8d0442,AlistGo__alist (sample analysis: 10 samples),Golang,eb0573ad-e6fe-4526-b44f-cb7ed4181d91,8,8,file,cmd/flags/config.go,,,,0
min,2,mean_cyclomatic_per_function_per_file,Mean Function Cyclomatic/File,069ad96b-3762-4b18-b863-c8f40f8d0442,AlistGo__alist (sample analysis: 10 samples),Golang,eb0573ad-e6fe-4526-b44f-cb7ed4181d91,8,8,file,drivers/115_open/util.go,,,,0
min,3,mean_cyclomatic_per_function_per_file,Mean Function Cyclomatic/File,069ad96b-3762-4b18-b863-c8f40f8d0442,AlistGo__alist (sample analysis: 10 samples),Golang,eb0573ad-e6fe-4526-b44f-cb7ed4181d91,8,8,file,drivers/139/types.go,,,,0
min,4,mean_cyclomatic_per_function_per_file,Mean Function Cyclomatic/File,069ad96b-3762-4b18-b863-c8f40f8d0442,AlistGo__alist (sample analysis: 10 samples),Golang,eb0573ad-e6fe-4526-b44f-cb7ed4181d91,8,8,file,drivers/189/types.go,,,,0
min,5,mean_cyclomatic_per_function_per_file,Mean Function Cyclomatic/File,069ad96b-3762-4b18-b863-c8f40f8d0442,AlistGo__alist (sample analysis: 10 samples),Golang,eb0573ad-e6fe-4526-b44f-cb7ed4181d91,8,8,file,drivers/alias/types.go,,,,0
max,1,mean_cyclomatic_per_function_per_file,Mean Function Cyclomatic/File,e9d92337-e257-41dd-9d58-bc6f84121654,astrada__google-drive-ocamlfuse (sample analysis: 10 samples),Ocaml,29c029fc-3daf-4c04-9816-cce0cba51963,8,8,file,src/mime.ml,,,,772
max,2,mean_cyclomatic_per_function_per_file,Mean Function Cyclomatic/File,24cc32f1-80f1-40da-9ad5-e2285210d73d,router-for-me__CLIProxyAPI (sample analysis: 10 samples),Golang,f6fc7d02-aaa1-4202-b314-a02a8ac7b72c,8,8,file,internal/translator/antigravity/claude/antigravity_claude_request.go,,,,122
max,3,mean_cyclomatic_per_function_per_file,Mean Function Cyclomatic/File,24cc32f1-80f1-40da-9ad5-e2285210d73d,router-for-me__CLIProxyAPI (sample analysis: 10 samples),Golang,f6fc7d02-aaa1-4202-b314-a02a8ac7b72c,8,8,file,internal/translator/gemini/openai/responses/gemini_openai-responses_request.go,,,,100
max,4,mean_cyclomatic_per_function_per_file,Mean Function Cyclomatic/File,24cc32f1-80f1-40da-9ad5-e2285210d73d,router-for-me__CLIProxyAPI (sample analysis: 10 samples),Golang,f6fc7d02-aaa1-4202-b314-a02a8ac7b72c,8,8,file,internal/translator/claude/openai/responses/claude_openai-responses_request.go,,,,94
max,5,mean_cyclomatic_per_function_per_file,Mean Function Cyclomatic/File,24cc32f1-80f1-40da-9ad5-e2285210d73d,router-for-me__CLIProxyAPI (sample analysis: 10 samples),Golang,f6fc7d02-aaa1-4202-b314-a02a8ac7b72c,8,8,file,internal/translator/claude/gemini/claude_gemini_request.go,,,,89
min,1,function_length,Function Length,069ad96b-3762-4b18-b863-c8f40f8d0442,AlistGo__alist (sample analysis: 10 samples),Golang,eb0573ad-e6fe-4526-b44f-cb7ed4181d91,8,8,function,cmd/storage.go,Init:58:16,58,58,0
min,2,function_length,Function Length,069ad96b-3762-4b18-b863-c8f40f8d0442,AlistGo__alist (sample analysis: 10 samples),Golang,eb0573ad-e6fe-4526-b44f-cb7ed4181d91,8,8,function,drivers/189pc/help.go,UnmarshalJSON:90:16,90,90,0
min,3,function_length,Function Length,069ad96b-3762-4b18-b863-c8f40f8d0442,AlistGo__alist (sample analysis: 10 samples),Golang,eb0573ad-e6fe-4526-b44f-cb7ed4181d91,8,8,function,drivers/189pc/help.go,UnmarshalJSON:119:18,119,119,0
min,4,function_length,Function Length,069ad96b-3762-4b18-b863-c8f40f8d0442,AlistGo__alist (sample analysis: 10 samples),Golang,eb0573ad-e6fe-4526-b44f-cb7ed4181d91,8,8,function,drivers/189pc/types.go,GetSize:188:24,188,188,0
min,5,function_length,Function Length,069ad96b-3762-4b18-b863-c8f40f8d0442,AlistGo__alist (sample analysis: 10 samples),Golang,eb0573ad-e6fe-4526-b44f-cb7ed4181d91,8,8,function,drivers/189pc/types.go,GetName:189:24,189,189,0
max,1,function_length,Function Length,729d4ded-b025-47be-ae9b-ed0561b8f9e6,bcpierce00__unison (sample analysis: 10 samples),Ocaml,f6b73c82-a970-40e9-8f97-92ab80bc7aa6,8,8,function,src/uigtk2.ml,createToplevelWindow:2584:5,2584,4145,1561
max,2,function_length,Function Length,a81fc79f-6ea8-409c-8690-f034ab9400d8,BinaryAnalysisPlatform__bap (sample analysis: 10 samples),Ocaml,f1178f58-48f9-42be-811b-f86424f47fce,8,8,function,plugins/x86/x86_lifter.ml,to_ir:365:11,365,1679,1314
max,3,function_length,Function Length,24cc32f1-80f1-40da-9ad5-e2285210d73d,router-for-me__CLIProxyAPI (sample analysis: 10 samples),Golang,f6fc7d02-aaa1-4202-b314-a02a8ac7b72c,8,8,function,test/thinking_conversion_test.go,TestThinkingE2EMatrix_Suffix:46:6,46,1326,1280
max,4,function_length,Function Length,24cc32f1-80f1-40da-9ad5-e2285210d73d,router-for-me__CLIProxyAPI (sample analysis: 10 samples),Golang,f6fc7d02-aaa1-4202-b314-a02a8ac7b72c,8,8,function,test/thinking_conversion_test.go,TestThinkingE2EMatrix_Body:1330:6,1330,2597,1267
max,5,function_length,Function Length,a81fc79f-6ea8-409c-8690-f034ab9400d8,BinaryAnalysisPlatform__bap (sample analysis: 10 samples),Ocaml,f1178f58-48f9-42be-811b-f86424f47fce,8,8,function,plugins/x86/x86_disasm.ml,parse_instr:25:5,25,1259,1234
min,1,cyclomatic,Function Cyclomatic,069ad96b-3762-4b18-b863-c8f40f8d0442,AlistGo__alist (sample analysis: 10 samples),Golang,eb0573ad-e6fe-4526-b44f-cb7ed4181d91,8,8,function,cmd/admin.go,init:86:6,86,100,1
min,2,cyclomatic,Function Cyclomatic,069ad96b-3762-4b18-b863-c8f40f8d0442,AlistGo__alist (sample analysis: 10 samples),Golang,eb0573ad-e6fe-4526-b44f-cb7ed4181d91,8,8,function,cmd/cancel2FA.go,init:34:6,34,46,1
min,3,cyclomatic,Function Cyclomatic,069ad96b-3762-4b18-b863-c8f40f8d0442,AlistGo__alist (sample analysis: 10 samples),Golang,eb0573ad-e6fe-4526-b44f-cb7ed4181d91,8,8,function,cmd/common.go,Init:15:6,15,23,1
min,4,cyclomatic,Function Cyclomatic,069ad96b-3762-4b18-b863-c8f40f8d0442,AlistGo__alist (sample analysis: 10 samples),Golang,eb0573ad-e6fe-4526-b44f-cb7ed4181d91,8,8,function,cmd/common.go,Release:25:6,25,27,1
min,5,cyclomatic,Function Cyclomatic,069ad96b-3762-4b18-b863-c8f40f8d0442,AlistGo__alist (sample analysis: 10 samples),Golang,eb0573ad-e6fe-4526-b44f-cb7ed4181d91,8,8,function,cmd/kill.go,init:42:6,42,54,1
max,1,cyclomatic,Function Cyclomatic,e9d92337-e257-41dd-9d58-bc6f84121654,astrada__google-drive-ocamlfuse (sample analysis: 10 samples),Ocaml,29c029fc-3daf-4c04-9816-cce0cba51963,8,8,function,src/mime.ml,map_filename_to_mime_type:3:5,3,790,772
max,2,cyclomatic,Function Cyclomatic,a81fc79f-6ea8-409c-8690-f034ab9400d8,BinaryAnalysisPlatform__bap (sample analysis: 10 samples),Ocaml,f1178f58-48f9-42be-811b-f86424f47fce,8,8,function,plugins/x86/x86_disasm.ml,get_opcode:420:7,420,1188,418
max,3,cyclomatic,Function Cyclomatic,3e629e34-e52d-445d-9487-cfbcb29d77e8,junegunn__fzf (sample analysis: 10 samples),Golang,3f367539-51e2-43cc-a4c1-033dea698db6,8,8,function,src/terminal.go,Loop:2526:20,2526,3707,373
max,4,cyclomatic,Function Cyclomatic,a81fc79f-6ea8-409c-8690-f034ab9400d8,BinaryAnalysisPlatform__bap (sample analysis: 10 samples),Ocaml,f1178f58-48f9-42be-811b-f86424f47fce,8,8,function,plugins/x86/x86_lifter.ml,to_ir:365:11,365,1679,251
max,5,cyclomatic,Function Cyclomatic,e749ce64-7ffd-4d8c-a44a-47ef93013510,airbus-seclab__bincat (sample analysis: 10 samples),Ocaml,b1462a8d-c3d0-4c7e-91fa-5cdbf15e055c,8,8,function,ocaml/src/disassembly/core_x86.ml,decode:2650:13,2650,2931,215
min,1,cyclomatic_match_as_single_branch,Function Cyclomatic Match As Single Branch,069ad96b-3762-4b18-b863-c8f40f8d0442,AlistGo__alist (sample analysis: 10 samples),Golang,eb0573ad-e6fe-4526-b44f-cb7ed4181d91,8,8,function,cmd/admin.go,init:86:6,86,100,1
min,2,cyclomatic_match_as_single_branch,Function Cyclomatic Match As Single Branch,069ad96b-3762-4b18-b863-c8f40f8d0442,AlistGo__alist (sample analysis: 10 samples),Golang,eb0573ad-e6fe-4526-b44f-cb7ed4181d91,8,8,function,cmd/cancel2FA.go,init:34:6,34,46,1
min,3,cyclomatic_match_as_single_branch,Function Cyclomatic Match As Single Branch,069ad96b-3762-4b18-b863-c8f40f8d0442,AlistGo__alist (sample analysis: 10 samples),Golang,eb0573ad-e6fe-4526-b44f-cb7ed4181d91,8,8,function,cmd/common.go,Init:15:6,15,23,1
min,4,cyclomatic_match_as_single_branch,Function Cyclomatic Match As Single Branch,069ad96b-3762-4b18-b863-c8f40f8d0442,AlistGo__alist (sample analysis: 10 samples),Golang,eb0573ad-e6fe-4526-b44f-cb7ed4181d91,8,8,function,cmd/common.go,Release:25:6,25,27,1
min,5,cyclomatic_match_as_single_branch,Function Cyclomatic Match As Single Branch,069ad96b-3762-4b18-b863-c8f40f8d0442,AlistGo__alist (sample analysis: 10 samples),Golang,eb0573ad-e6fe-4526-b44f-cb7ed4181d91,8,8,function,cmd/kill.go,init:42:6,42,54,1
max,1,cyclomatic_match_as_single_branch,Function Cyclomatic Match As Single Branch,3e629e34-e52d-445d-9487-cfbcb29d77e8,junegunn__fzf (sample analysis: 10 samples),Golang,3f367539-51e2-43cc-a4c1-033dea698db6,8,8,function,src/terminal.go,Loop:2526:20,2526,3707,257
max,2,cyclomatic_match_as_single_branch,Function Cyclomatic Match As Single Branch,24cc32f1-80f1-40da-9ad5-e2285210d73d,router-for-me__CLIProxyAPI (sample analysis: 10 samples),Golang,f6fc7d02-aaa1-4202-b314-a02a8ac7b72c,8,8,function,internal/translator/antigravity/claude/antigravity_claude_request.go,ConvertClaudeRequestToAntigravity:38:6,38,522,118
max,3,cyclomatic_match_as_single_branch,Function Cyclomatic Match As Single Branch,9539fa79-4e99-4b7c-8679-62b23d3abedd,go-gorm__gorm (sample analysis: 10 samples),Golang,21f75e94-fbde-4f00-bcca-3bbe34c6bfa7,8,8,function,schema/field.go,setupValuerAndSetter:437:21,437,967,116
max,4,cyclomatic_match_as_single_branch,Function Cyclomatic Match As Single Branch,24cc32f1-80f1-40da-9ad5-e2285210d73d,router-for-me__CLIProxyAPI (sample analysis: 10 samples),Golang,f6fc7d02-aaa1-4202-b314-a02a8ac7b72c,8,8,function,internal/translator/antigravity/openai/chat-completions/antigravity_openai_request.go,ConvertOpenAIRequestToAntigravity:29:6,29,452,114
max,5,cyclomatic_match_as_single_branch,Function Cyclomatic Match As Single Branch,24cc32f1-80f1-40da-9ad5-e2285210d73d,router-for-me__CLIProxyAPI (sample analysis: 10 samples),Golang,f6fc7d02-aaa1-4202-b314-a02a8ac7b72c,8,8,function,internal/translator/openai/openai/responses/openai_openai-responses_response.go,ConvertOpenAIChatCompletionsResponseToOpenAIResponses:60:6,60,603,110
min,1,indegree,Function Indegree,069ad96b-3762-4b18-b863-c8f40f8d0442,AlistGo__alist (sample analysis: 10 samples),Golang,eb0573ad-e6fe-4526-b44f-cb7ed4181d91,8,8,function,cmd/admin.go,setAdminPassword:67:6,67,84,0
min,2,indegree,Function Indegree,069ad96b-3762-4b18-b863-c8f40f8d0442,AlistGo__alist (sample analysis: 10 samples),Golang,eb0573ad-e6fe-4526-b44f-cb7ed4181d91,8,8,function,cmd/admin.go,init:86:6,86,100,0
min,3,indegree,Function Indegree,069ad96b-3762-4b18-b863-c8f40f8d0442,AlistGo__alist (sample analysis: 10 samples),Golang,eb0573ad-e6fe-4526-b44f-cb7ed4181d91,8,8,function,cmd/cancel2FA.go,init:34:6,34,46,0
min,4,indegree,Function Indegree,069ad96b-3762-4b18-b863-c8f40f8d0442,AlistGo__alist (sample analysis: 10 samples),Golang,eb0573ad-e6fe-4526-b44f-cb7ed4181d91,8,8,function,cmd/common.go,Init:15:6,15,23,0
min,5,indegree,Function Indegree,069ad96b-3762-4b18-b863-c8f40f8d0442,AlistGo__alist (sample analysis: 10 samples),Golang,eb0573ad-e6fe-4526-b44f-cb7ed4181d91,8,8,function,cmd/common.go,Release:25:6,25,27,0
max,1,indegree,Function Indegree,24e65021-62fe-4607-8cfb-8f06e8e5257f,spf13__cobra (sample analysis: 10 samples),Golang,fec8091d-c519-4efe-94ef-8ceb90fbaf02,8,8,function,command_test.go,executeCommand:32:6,32,35,83
max,2,indegree,Function Indegree,a81fc79f-6ea8-409c-8690-f034ab9400d8,BinaryAnalysisPlatform__bap (sample analysis: 10 samples),Ocaml,f1178f58-48f9-42be-811b-f86424f47fce,8,8,function,lib/bap_core_theory/bap_core_theory_empty.ml,sort:10:5,10,10,75
max,3,indegree,Function Indegree,a81fc79f-6ea8-409c-8690-f034ab9400d8,BinaryAnalysisPlatform__bap (sample analysis: 10 samples),Ocaml,f1178f58-48f9-42be-811b-f86424f47fce,8,8,function,lib/bap_core_theory/bap_core_theory_manager.ml,join2:98:5,98,101,60
max,4,indegree,Function Indegree,e749ce64-7ffd-4d8c-a44a-47ef93013510,airbus-seclab__bincat (sample analysis: 10 samples),Ocaml,b1462a8d-c3d0-4c7e-91fa-5cdbf15e055c,8,8,function,ocaml/src/disassembly/core_x86.ml,return:833:7,833,841,56
max,5,indegree,Function Indegree,a81fc79f-6ea8-409c-8690-f034ab9400d8,BinaryAnalysisPlatform__bap (sample analysis: 10 samples),Ocaml,f1178f58-48f9-42be-811b-f86424f47fce,8,8,function,lib/monads/monads_monad.ml,f:214:15,214,216,51
min,1,outdegree,Function Outdegree,069ad96b-3762-4b18-b863-c8f40f8d0442,AlistGo__alist (sample analysis: 10 samples),Golang,eb0573ad-e6fe-4526-b44f-cb7ed4181d91,8,8,function,cmd/storage.go,Init:58:16,58,58,0
min,2,outdegree,Function Outdegree,069ad96b-3762-4b18-b863-c8f40f8d0442,AlistGo__alist (sample analysis: 10 samples),Golang,eb0573ad-e6fe-4526-b44f-cb7ed4181d91,8,8,function,drivers/115/driver.go,Config:25:18,25,27,0
min,3,outdegree,Function Outdegree,069ad96b-3762-4b18-b863-c8f40f8d0442,AlistGo__alist (sample analysis: 10 samples),Golang,eb0573ad-e6fe-4526-b44f-cb7ed4181d91,8,8,function,drivers/115/driver.go,GetAddition:29:18,29,31,0
min,4,outdegree,Function Outdegree,069ad96b-3762-4b18-b863-c8f40f8d0442,AlistGo__alist (sample analysis: 10 samples),Golang,eb0573ad-e6fe-4526-b44f-cb7ed4181d91,8,8,function,drivers/115/driver.go,Drop:48:18,48,50,0
min,5,outdegree,Function Outdegree,069ad96b-3762-4b18-b863-c8f40f8d0442,AlistGo__alist (sample analysis: 10 samples),Golang,eb0573ad-e6fe-4526-b44f-cb7ed4181d91,8,8,function,drivers/115/types.go,CreateTime:17:19,17,19,0
max,1,outdegree,Function Outdegree,3e629e34-e52d-445d-9487-cfbcb29d77e8,junegunn__fzf (sample analysis: 10 samples),Golang,3f367539-51e2-43cc-a4c1-033dea698db6,8,8,function,src/terminal.go,Loop:2526:20,2526,3707,166
max,2,outdegree,Function Outdegree,a81fc79f-6ea8-409c-8690-f034ab9400d8,BinaryAnalysisPlatform__bap (sample analysis: 10 samples),Ocaml,f1178f58-48f9-42be-811b-f86424f47fce,8,8,function,plugins/x86/x86_lifter.ml,to_ir:365:11,365,1679,148
max,3,outdegree,Function Outdegree,a81fc79f-6ea8-409c-8690-f034ab9400d8,BinaryAnalysisPlatform__bap (sample analysis: 10 samples),Ocaml,f1178f58-48f9-42be-811b-f86424f47fce,8,8,function,plugins/x86/x86_disasm.ml,get_opcode:420:7,420,1188,128
max,4,outdegree,Function Outdegree,24cc32f1-80f1-40da-9ad5-e2285210d73d,router-for-me__CLIProxyAPI (sample analysis: 10 samples),Golang,f6fc7d02-aaa1-4202-b314-a02a8ac7b72c,8,8,function,internal/translator/claude/gemini/claude_gemini_request.go,ConvertGeminiRequestToClaude:48:6,48,417,107
max,5,outdegree,Function Outdegree,729d4ded-b025-47be-ae9b-ed0561b8f9e6,bcpierce00__unison (sample analysis: 10 samples),Ocaml,f6b73c82-a970-40e9-8f97-92ab80bc7aa6,8,8,function,src/uigtk2.ml,createToplevelWindow:2584:5,2584,4145,106
min,1,halstead_unique_operators,Function Halstead Unique Operators,069ad96b-3762-4b18-b863-c8f40f8d0442,AlistGo__alist (sample analysis: 10 samples),Golang,eb0573ad-e6fe-4526-b44f-cb7ed4181d91,8,8,function,cmd/admin.go,init:86:6,86,100,1
min,2,halstead_unique_operators,Function Halstead Unique Operators,069ad96b-3762-4b18-b863-c8f40f8d0442,AlistGo__alist (sample analysis: 10 samples),Golang,eb0573ad-e6fe-4526-b44f-cb7ed4181d91,8,8,function,cmd/cancel2FA.go,init:34:6,34,46,1
min,3,halstead_unique_operators,Function Halstead Unique Operators,069ad96b-3762-4b18-b863-c8f40f8d0442,AlistGo__alist (sample analysis: 10 samples),Golang,eb0573ad-e6fe-4526-b44f-cb7ed4181d91,8,8,function,cmd/common.go,Init:15:6,15,23,1
min,4,halstead_unique_operators,Function Halstead Unique Operators,069ad96b-3762-4b18-b863-c8f40f8d0442,AlistGo__alist (sample analysis: 10 samples),Golang,eb0573ad-e6fe-4526-b44f-cb7ed4181d91,8,8,function,cmd/common.go,Release:25:6,25,27,1
min,5,halstead_unique_operators,Function Halstead Unique Operators,069ad96b-3762-4b18-b863-c8f40f8d0442,AlistGo__alist (sample analysis: 10 samples),Golang,eb0573ad-e6fe-4526-b44f-cb7ed4181d91,8,8,function,cmd/kill.go,init:42:6,42,54,1
max,1,halstead_unique_operators,Function Halstead Unique Operators,a81fc79f-6ea8-409c-8690-f034ab9400d8,BinaryAnalysisPlatform__bap (sample analysis: 10 samples),Ocaml,f1178f58-48f9-42be-811b-f86424f47fce,8,8,function,plugins/x86/x86_lifter.ml,to_ir:365:11,365,1679,54
max,2,halstead_unique_operators,Function Halstead Unique Operators,729d4ded-b025-47be-ae9b-ed0561b8f9e6,bcpierce00__unison (sample analysis: 10 samples),Ocaml,f6b73c82-a970-40e9-8f97-92ab80bc7aa6,8,8,function,src/uigtk2.ml,createToplevelWindow:2584:5,2584,4145,50
max,3,halstead_unique_operators,Function Halstead Unique Operators,a81fc79f-6ea8-409c-8690-f034ab9400d8,BinaryAnalysisPlatform__bap (sample analysis: 10 samples),Ocaml,f1178f58-48f9-42be-811b-f86424f47fce,8,8,function,plugins/x86/x86_disasm.ml,parse_instr:25:5,25,1259,44
max,4,halstead_unique_operators,Function Halstead Unique Operators,e749ce64-7ffd-4d8c-a44a-47ef93013510,airbus-seclab__bincat (sample analysis: 10 samples),Ocaml,b1462a8d-c3d0-4c7e-91fa-5cdbf15e055c,8,8,function,ocaml/src/npk/c2newspeak/typedC2Cir.ml,translate:883:13,883,914,42
max,5,halstead_unique_operators,Function Halstead Unique Operators,e749ce64-7ffd-4d8c-a44a-47ef93013510,airbus-seclab__bincat (sample analysis: 10 samples),Ocaml,b1462a8d-c3d0-4c7e-91fa-5cdbf15e055c,8,8,function,ocaml/src/npk/c2newspeak/typedC2Cir.ml,translate:771:9,771,776,42
min,1,halstead_unique_operands,Function Halstead Unique Operands,069ad96b-3762-4b18-b863-c8f40f8d0442,AlistGo__alist (sample analysis: 10 samples),Golang,eb0573ad-e6fe-4526-b44f-cb7ed4181d91,8,8,function,drivers/all.go,All:78:6,78,80,1
min,2,halstead_unique_operands,Function Halstead Unique Operands,3e8dd623-86a1-4483-b14e-d1de15c7aac9,charmbracelet__bubbletea (sample analysis: 10 samples),Golang,7dc81b09-370c-4cc2-99dd-2691cc5f1bd9,8,8,function,tty_windows.go,suspendProcess:68:6,68,68,1
min,3,halstead_unique_operands,Function Halstead Unique Operands,e8c37d0d-f999-4ab0-9696-770ba31bbe18,gin-gonic__gin (sample analysis: 10 samples),Golang,b376f541-e7df-4087-baa5-e7b0d61e1f05,8,8,function,utils_test.go,somefunction:92:6,92,94,1
min,4,halstead_unique_operands,Function Halstead Unique Operands,3e629e34-e52d-445d-9487-cfbcb29d77e8,junegunn__fzf (sample analysis: 10 samples),Golang,3f367539-51e2-43cc-a4c1-033dea698db6,8,8,function,src/protector/protector.go,Protect:6:6,6,8,1
min,5,halstead_unique_operands,Function Halstead Unique Operands,a81fc79f-6ea8-409c-8690-f034ab9400d8,BinaryAnalysisPlatform__bap (sample analysis: 10 samples),Ocaml,f1178f58-48f9-42be-811b-f86424f47fce,8,8,function,lib/bap/bap_project.ml,unit:168:7,168,168,1
max,1,halstead_unique_operands,Function Halstead Unique Operands,e9d92337-e257-41dd-9d58-bc6f84121654,astrada__google-drive-ocamlfuse (sample analysis: 10 samples),Ocaml,29c029fc-3daf-4c04-9816-cce0cba51963,8,8,function,src/mime.ml,map_filename_to_mime_type:3:5,3,790,1764
max,2,halstead_unique_operands,Function Halstead Unique Operands,729d4ded-b025-47be-ae9b-ed0561b8f9e6,bcpierce00__unison (sample analysis: 10 samples),Ocaml,f6b73c82-a970-40e9-8f97-92ab80bc7aa6,8,8,function,src/uigtk2.ml,createToplevelWindow:2584:5,2584,4145,861
max,3,halstead_unique_operands,Function Halstead Unique Operands,a81fc79f-6ea8-409c-8690-f034ab9400d8,BinaryAnalysisPlatform__bap (sample analysis: 10 samples),Ocaml,f1178f58-48f9-42be-811b-f86424f47fce,8,8,function,plugins/x86/x86_lifter.ml,to_ir:365:11,365,1679,729
max,4,halstead_unique_operands,Function Halstead Unique Operands,a81fc79f-6ea8-409c-8690-f034ab9400d8,BinaryAnalysisPlatform__bap (sample analysis: 10 samples),Ocaml,f1178f58-48f9-42be-811b-f86424f47fce,8,8,function,plugins/x86/x86_disasm.ml,parse_instr:25:5,25,1259,729
max,5,halstead_unique_operands,Function Halstead Unique Operands,a81fc79f-6ea8-409c-8690-f034ab9400d8,BinaryAnalysisPlatform__bap (sample analysis: 10 samples),Ocaml,f1178f58-48f9-42be-811b-f86424f47fce,8,8,function,plugins/x86/x86_disasm.ml,get_opcode:420:7,420,1188,576
min,1,halstead_operators,Function Halstead Operators,069ad96b-3762-4b18-b863-c8f40f8d0442,AlistGo__alist (sample analysis: 10 samples),Golang,eb0573ad-e6fe-4526-b44f-cb7ed4181d91,8,8,function,cmd/admin.go,init:86:6,86,100,1
min,2,halstead_operators,Function Halstead Operators,069ad96b-3762-4b18-b863-c8f40f8d0442,AlistGo__alist (sample analysis: 10 samples),Golang,eb0573ad-e6fe-4526-b44f-cb7ed4181d91,8,8,function,cmd/cancel2FA.go,init:34:6,34,46,1
min,3,halstead_operators,Function Halstead Operators,069ad96b-3762-4b18-b863-c8f40f8d0442,AlistGo__alist (sample analysis: 10 samples),Golang,eb0573ad-e6fe-4526-b44f-cb7ed4181d91,8,8,function,cmd/common.go,Init:15:6,15,23,1
min,4,halstead_operators,Function Halstead Operators,069ad96b-3762-4b18-b863-c8f40f8d0442,AlistGo__alist (sample analysis: 10 samples),Golang,eb0573ad-e6fe-4526-b44f-cb7ed4181d91,8,8,function,cmd/common.go,Release:25:6,25,27,1
min,5,halstead_operators,Function Halstead Operators,069ad96b-3762-4b18-b863-c8f40f8d0442,AlistGo__alist (sample analysis: 10 samples),Golang,eb0573ad-e6fe-4526-b44f-cb7ed4181d91,8,8,function,cmd/kill.go,init:42:6,42,54,1
max,1,halstead_operators,Function Halstead Operators,a81fc79f-6ea8-409c-8690-f034ab9400d8,BinaryAnalysisPlatform__bap (sample analysis: 10 samples),Ocaml,f1178f58-48f9-42be-811b-f86424f47fce,8,8,function,plugins/x86/x86_disasm.ml,parse_instr:25:5,25,1259,2833
max,2,halstead_operators,Function Halstead Operators,a81fc79f-6ea8-409c-8690-f034ab9400d8,BinaryAnalysisPlatform__bap (sample analysis: 10 samples),Ocaml,f1178f58-48f9-42be-811b-f86424f47fce,8,8,function,plugins/x86/x86_lifter.ml,to_ir:365:11,365,1679,2501
max,3,halstead_operators,Function Halstead Operators,729d4ded-b025-47be-ae9b-ed0561b8f9e6,bcpierce00__unison (sample analysis: 10 samples),Ocaml,f6b73c82-a970-40e9-8f97-92ab80bc7aa6,8,8,function,src/uigtk2.ml,createToplevelWindow:2584:5,2584,4145,2096
max,4,halstead_operators,Function Halstead Operators,e749ce64-7ffd-4d8c-a44a-47ef93013510,airbus-seclab__bincat (sample analysis: 10 samples),Ocaml,b1462a8d-c3d0-4c7e-91fa-5cdbf15e055c,8,8,function,ocaml/src/npk/c2newspeak/typedC2Cir.ml,translate:883:13,883,914,1970
max,5,halstead_operators,Function Halstead Operators,e749ce64-7ffd-4d8c-a44a-47ef93013510,airbus-seclab__bincat (sample analysis: 10 samples),Ocaml,b1462a8d-c3d0-4c7e-91fa-5cdbf15e055c,8,8,function,ocaml/src/npk/c2newspeak/typedC2Cir.ml,translate:771:9,771,776,1970
min,1,halstead_operands,Function Halstead Operands,069ad96b-3762-4b18-b863-c8f40f8d0442,AlistGo__alist (sample analysis: 10 samples),Golang,eb0573ad-e6fe-4526-b44f-cb7ed4181d91,8,8,function,drivers/all.go,All:78:6,78,80,1
min,2,halstead_operands,Function Halstead Operands,3e8dd623-86a1-4483-b14e-d1de15c7aac9,charmbracelet__bubbletea (sample analysis: 10 samples),Golang,7dc81b09-370c-4cc2-99dd-2691cc5f1bd9,8,8,function,tty_windows.go,suspendProcess:68:6,68,68,1
min,3,halstead_operands,Function Halstead Operands,e8c37d0d-f999-4ab0-9696-770ba31bbe18,gin-gonic__gin (sample analysis: 10 samples),Golang,b376f541-e7df-4087-baa5-e7b0d61e1f05,8,8,function,utils_test.go,somefunction:92:6,92,94,1
min,4,halstead_operands,Function Halstead Operands,3e629e34-e52d-445d-9487-cfbcb29d77e8,junegunn__fzf (sample analysis: 10 samples),Golang,3f367539-51e2-43cc-a4c1-033dea698db6,8,8,function,src/protector/protector.go,Protect:6:6,6,8,1
min,5,halstead_operands,Function Halstead Operands,a81fc79f-6ea8-409c-8690-f034ab9400d8,BinaryAnalysisPlatform__bap (sample analysis: 10 samples),Ocaml,f1178f58-48f9-42be-811b-f86424f47fce,8,8,function,lib/monads/monads_monad.ml,zero:250:13,250,250,1
max,1,halstead_operands,Function Halstead Operands,a81fc79f-6ea8-409c-8690-f034ab9400d8,BinaryAnalysisPlatform__bap (sample analysis: 10 samples),Ocaml,f1178f58-48f9-42be-811b-f86424f47fce,8,8,function,plugins/x86/x86_lifter.ml,to_ir:365:11,365,1679,4917
max,2,halstead_operands,Function Halstead Operands,a81fc79f-6ea8-409c-8690-f034ab9400d8,BinaryAnalysisPlatform__bap (sample analysis: 10 samples),Ocaml,f1178f58-48f9-42be-811b-f86424f47fce,8,8,function,plugins/x86/x86_disasm.ml,parse_instr:25:5,25,1259,4791
max,3,halstead_operands,Function Halstead Operands,729d4ded-b025-47be-ae9b-ed0561b8f9e6,bcpierce00__unison (sample analysis: 10 samples),Ocaml,f6b73c82-a970-40e9-8f97-92ab80bc7aa6,8,8,function,src/uigtk2.ml,createToplevelWindow:2584:5,2584,4145,3695
max,4,halstead_operands,Function Halstead Operands,e749ce64-7ffd-4d8c-a44a-47ef93013510,airbus-seclab__bincat (sample analysis: 10 samples),Ocaml,b1462a8d-c3d0-4c7e-91fa-5cdbf15e055c,8,8,function,ocaml/src/npk/c2newspeak/typedC2Cir.ml,translate:883:13,883,914,3654
max,5,halstead_operands,Function Halstead Operands,e749ce64-7ffd-4d8c-a44a-47ef93013510,airbus-seclab__bincat (sample analysis: 10 samples),Ocaml,b1462a8d-c3d0-4c7e-91fa-5cdbf15e055c,8,8,function,ocaml/src/npk/c2newspeak/typedC2Cir.ml,translate:771:9,771,776,3654
min,1,halstead_length,Function Halstead Length,069ad96b-3762-4b18-b863-c8f40f8d0442,AlistGo__alist (sample analysis: 10 samples),Golang,eb0573ad-e6fe-4526-b44f-cb7ed4181d91,8,8,function,drivers/all.go,All:78:6,78,80,2
min,2,halstead_length,Function Halstead Length,3e8dd623-86a1-4483-b14e-d1de15c7aac9,charmbracelet__bubbletea (sample analysis: 10 samples),Golang,7dc81b09-370c-4cc2-99dd-2691cc5f1bd9,8,8,function,tty_windows.go,suspendProcess:68:6,68,68,2
min,3,halstead_length,Function Halstead Length,e8c37d0d-f999-4ab0-9696-770ba31bbe18,gin-gonic__gin (sample analysis: 10 samples),Golang,b376f541-e7df-4087-baa5-e7b0d61e1f05,8,8,function,utils_test.go,somefunction:92:6,92,94,2
min,4,halstead_length,Function Halstead Length,a81fc79f-6ea8-409c-8690-f034ab9400d8,BinaryAnalysisPlatform__bap (sample analysis: 10 samples),Ocaml,f1178f58-48f9-42be-811b-f86424f47fce,8,8,function,lib/monads/monads_monad.ml,zero:250:13,250,250,2
min,5,halstead_length,Function Halstead Length,a81fc79f-6ea8-409c-8690-f034ab9400d8,BinaryAnalysisPlatform__bap (sample analysis: 10 samples),Ocaml,f1178f58-48f9-42be-811b-f86424f47fce,8,8,function,lib/monads/monads_monad.ml,zero:260:13,260,260,2
max,1,halstead_length,Function Halstead Length,a81fc79f-6ea8-409c-8690-f034ab9400d8,BinaryAnalysisPlatform__bap (sample analysis: 10 samples),Ocaml,f1178f58-48f9-42be-811b-f86424f47fce,8,8,function,plugins/x86/x86_disasm.ml,parse_instr:25:5,25,1259,7624
max,2,halstead_length,Function Halstead Length,a81fc79f-6ea8-409c-8690-f034ab9400d8,BinaryAnalysisPlatform__bap (sample analysis: 10 samples),Ocaml,f1178f58-48f9-42be-811b-f86424f47fce,8,8,function,plugins/x86/x86_lifter.ml,to_ir:365:11,365,1679,7418
max,3,halstead_length,Function Halstead Length,729d4ded-b025-47be-ae9b-ed0561b8f9e6,bcpierce00__unison (sample analysis: 10 samples),Ocaml,f6b73c82-a970-40e9-8f97-92ab80bc7aa6,8,8,function,src/uigtk2.ml,createToplevelWindow:2584:5,2584,4145,5791
max,4,halstead_length,Function Halstead Length,e749ce64-7ffd-4d8c-a44a-47ef93013510,airbus-seclab__bincat (sample analysis: 10 samples),Ocaml,b1462a8d-c3d0-4c7e-91fa-5cdbf15e055c,8,8,function,ocaml/src/npk/c2newspeak/typedC2Cir.ml,translate:883:13,883,914,5624
max,5,halstead_length,Function Halstead Length,e749ce64-7ffd-4d8c-a44a-47ef93013510,airbus-seclab__bincat (sample analysis: 10 samples),Ocaml,b1462a8d-c3d0-4c7e-91fa-5cdbf15e055c,8,8,function,ocaml/src/npk/c2newspeak/typedC2Cir.ml,translate:771:9,771,776,5624
min,1,halstead_vocabulary,Function Halstead Vocabulary,069ad96b-3762-4b18-b863-c8f40f8d0442,AlistGo__alist (sample analysis: 10 samples),Golang,eb0573ad-e6fe-4526-b44f-cb7ed4181d91,8,8,function,drivers/all.go,All:78:6,78,80,2
min,2,halstead_vocabulary,Function Halstead Vocabulary,3e8dd623-86a1-4483-b14e-d1de15c7aac9,charmbracelet__bubbletea (sample analysis: 10 samples),Golang,7dc81b09-370c-4cc2-99dd-2691cc5f1bd9,8,8,function,tty_windows.go,suspendProcess:68:6,68,68,2
min,3,halstead_vocabulary,Function Halstead Vocabulary,e8c37d0d-f999-4ab0-9696-770ba31bbe18,gin-gonic__gin (sample analysis: 10 samples),Golang,b376f541-e7df-4087-baa5-e7b0d61e1f05,8,8,function,utils_test.go,somefunction:92:6,92,94,2
min,4,halstead_vocabulary,Function Halstead Vocabulary,a81fc79f-6ea8-409c-8690-f034ab9400d8,BinaryAnalysisPlatform__bap (sample analysis: 10 samples),Ocaml,f1178f58-48f9-42be-811b-f86424f47fce,8,8,function,lib/bap/bap_project.ml,unit:168:7,168,168,2
min,5,halstead_vocabulary,Function Halstead Vocabulary,a81fc79f-6ea8-409c-8690-f034ab9400d8,BinaryAnalysisPlatform__bap (sample analysis: 10 samples),Ocaml,f1178f58-48f9-42be-811b-f86424f47fce,8,8,function,lib/bap/bap_project.ml,extra:787:7,787,787,2
max,1,halstead_vocabulary,Function Halstead Vocabulary,e9d92337-e257-41dd-9d58-bc6f84121654,astrada__google-drive-ocamlfuse (sample analysis: 10 samples),Ocaml,29c029fc-3daf-4c04-9816-cce0cba51963,8,8,function,src/mime.ml,map_filename_to_mime_type:3:5,3,790,1773
max,2,halstead_vocabulary,Function Halstead Vocabulary,729d4ded-b025-47be-ae9b-ed0561b8f9e6,bcpierce00__unison (sample analysis: 10 samples),Ocaml,f6b73c82-a970-40e9-8f97-92ab80bc7aa6,8,8,function,src/uigtk2.ml,createToplevelWindow:2584:5,2584,4145,911
max,3,halstead_vocabulary,Function Halstead Vocabulary,a81fc79f-6ea8-409c-8690-f034ab9400d8,BinaryAnalysisPlatform__bap (sample analysis: 10 samples),Ocaml,f1178f58-48f9-42be-811b-f86424f47fce,8,8,function,plugins/x86/x86_lifter.ml,to_ir:365:11,365,1679,783
max,4,halstead_vocabulary,Function Halstead Vocabulary,a81fc79f-6ea8-409c-8690-f034ab9400d8,BinaryAnalysisPlatform__bap (sample analysis: 10 samples),Ocaml,f1178f58-48f9-42be-811b-f86424f47fce,8,8,function,plugins/x86/x86_disasm.ml,parse_instr:25:5,25,1259,773
max,5,halstead_vocabulary,Function Halstead Vocabulary,a81fc79f-6ea8-409c-8690-f034ab9400d8,BinaryAnalysisPlatform__bap (sample analysis: 10 samples),Ocaml,f1178f58-48f9-42be-811b-f86424f47fce,8,8,function,plugins/x86/x86_disasm.ml,get_opcode:420:7,420,1188,610
min,1,halstead_calculated_length,Function Halstead Calculated Length,069ad96b-3762-4b18-b863-c8f40f8d0442,AlistGo__alist (sample analysis: 10 samples),Golang,eb0573ad-e6fe-4526-b44f-cb7ed4181d91,8,8,function,drivers/all.go,All:78:6,78,80,0
min,2,halstead_calculated_length,Function Halstead Calculated Length,3e8dd623-86a1-4483-b14e-d1de15c7aac9,charmbracelet__bubbletea (sample analysis: 10 samples),Golang,7dc81b09-370c-4cc2-99dd-2691cc5f1bd9,8,8,function,tty_windows.go,suspendProcess:68:6,68,68,0
min,3,halstead_calculated_length,Function Halstead Calculated Length,e8c37d0d-f999-4ab0-9696-770ba31bbe18,gin-gonic__gin (sample analysis: 10 samples),Golang,b376f541-e7df-4087-baa5-e7b0d61e1f05,8,8,function,utils_test.go,somefunction:92:6,92,94,0
min,4,halstead_calculated_length,Function Halstead Calculated Length,a81fc79f-6ea8-409c-8690-f034ab9400d8,BinaryAnalysisPlatform__bap (sample analysis: 10 samples),Ocaml,f1178f58-48f9-42be-811b-f86424f47fce,8,8,function,lib/bap/bap_project.ml,unit:168:7,168,168,0
min,5,halstead_calculated_length,Function Halstead Calculated Length,a81fc79f-6ea8-409c-8690-f034ab9400d8,BinaryAnalysisPlatform__bap (sample analysis: 10 samples),Ocaml,f1178f58-48f9-42be-811b-f86424f47fce,8,8,function,lib/bap/bap_project.ml,extra:787:7,787,787,0
max,1,halstead_calculated_length,Function Halstead Calculated Length,e9d92337-e257-41dd-9d58-bc6f84121654,astrada__google-drive-ocamlfuse (sample analysis: 10 samples),Ocaml,29c029fc-3daf-4c04-9816-cce0cba51963,8,8,function,src/mime.ml,map_filename_to_mime_type:3:5,3,790,19052.625192576448
max,2,halstead_calculated_length,Function Halstead Calculated Length,729d4ded-b025-47be-ae9b-ed0561b8f9e6,bcpierce00__unison (sample analysis: 10 samples),Ocaml,f6b73c82-a970-40e9-8f97-92ab80bc7aa6,8,8,function,src/uigtk2.ml,createToplevelWindow:2584:5,2584,4145,8676.830386477417
max,3,halstead_calculated_length,Function Halstead Calculated Length,a81fc79f-6ea8-409c-8690-f034ab9400d8,BinaryAnalysisPlatform__bap (sample analysis: 10 samples),Ocaml,f1178f58-48f9-42be-811b-f86424f47fce,8,8,function,plugins/x86/x86_lifter.ml,to_ir:365:11,365,1679,7243.389903271164
max,4,halstead_calculated_length,Function Halstead Calculated Length,a81fc79f-6ea8-409c-8690-f034ab9400d8,BinaryAnalysisPlatform__bap (sample analysis: 10 samples),Ocaml,f1178f58-48f9-42be-811b-f86424f47fce,8,8,function,plugins/x86/x86_disasm.ml,parse_instr:25:5,25,1259,7172.840969374378
max,5,halstead_calculated_length,Function Halstead Calculated Length,a81fc79f-6ea8-409c-8690-f034ab9400d8,BinaryAnalysisPlatform__bap (sample analysis: 10 samples),Ocaml,f1178f58-48f9-42be-811b-f86424f47fce,8,8,function,plugins/x86/x86_disasm.ml,get_opcode:420:7,420,1188,5454.8505374332835
min,1,halstead_volume,Function Halstead Volume,069ad96b-3762-4b18-b863-c8f40f8d0442,AlistGo__alist (sample analysis: 10 samples),Golang,eb0573ad-e6fe-4526-b44f-cb7ed4181d91,8,8,function,drivers/all.go,All:78:6,78,80,2
min,2,halstead_volume,Function Halstead Volume,3e8dd623-86a1-4483-b14e-d1de15c7aac9,charmbracelet__bubbletea (sample analysis: 10 samples),Golang,7dc81b09-370c-4cc2-99dd-2691cc5f1bd9,8,8,function,tty_windows.go,suspendProcess:68:6,68,68,2
min,3,halstead_volume,Function Halstead Volume,e8c37d0d-f999-4ab0-9696-770ba31bbe18,gin-gonic__gin (sample analysis: 10 samples),Golang,b376f541-e7df-4087-baa5-e7b0d61e1f05,8,8,function,utils_test.go,somefunction:92:6,92,94,2
min,4,halstead_volume,Function Halstead Volume,a81fc79f-6ea8-409c-8690-f034ab9400d8,BinaryAnalysisPlatform__bap (sample analysis: 10 samples),Ocaml,f1178f58-48f9-42be-811b-f86424f47fce,8,8,function,lib/monads/monads_monad.ml,zero:250:13,250,250,2
min,5,halstead_volume,Function Halstead Volume,a81fc79f-6ea8-409c-8690-f034ab9400d8,BinaryAnalysisPlatform__bap (sample analysis: 10 samples),Ocaml,f1178f58-48f9-42be-811b-f86424f47fce,8,8,function,lib/monads/monads_monad.ml,zero:260:13,260,260,2
max,1,halstead_volume,Function Halstead Volume,a81fc79f-6ea8-409c-8690-f034ab9400d8,BinaryAnalysisPlatform__bap (sample analysis: 10 samples),Ocaml,f1178f58-48f9-42be-811b-f86424f47fce,8,8,function,plugins/x86/x86_disasm.ml,parse_instr:25:5,25,1259,73147.13078032304
max,2,halstead_volume,Function Halstead Volume,a81fc79f-6ea8-409c-8690-f034ab9400d8,BinaryAnalysisPlatform__bap (sample analysis: 10 samples),Ocaml,f1178f58-48f9-42be-811b-f86424f47fce,8,8,function,plugins/x86/x86_lifter.ml,to_ir:365:11,365,1679,71308.25851290494
max,3,halstead_volume,Function Halstead Volume,729d4ded-b025-47be-ae9b-ed0561b8f9e6,bcpierce00__unison (sample analysis: 10 samples),Ocaml,f6b73c82-a970-40e9-8f97-92ab80bc7aa6,8,8,function,src/uigtk2.ml,createToplevelWindow:2584:5,2584,4145,56933.10024885768
max,4,halstead_volume,Function Halstead Volume,e749ce64-7ffd-4d8c-a44a-47ef93013510,airbus-seclab__bincat (sample analysis: 10 samples),Ocaml,b1462a8d-c3d0-4c7e-91fa-5cdbf15e055c,8,8,function,ocaml/src/npk/c2newspeak/typedC2Cir.ml,translate:883:13,883,914,50504.30498464262
max,5,halstead_volume,Function Halstead Volume,e749ce64-7ffd-4d8c-a44a-47ef93013510,airbus-seclab__bincat (sample analysis: 10 samples),Ocaml,b1462a8d-c3d0-4c7e-91fa-5cdbf15e055c,8,8,function,ocaml/src/npk/c2newspeak/typedC2Cir.ml,translate:771:9,771,776,50504.30498464262
min,1,halstead_difficulty,Function Halstead Difficulty,069ad96b-3762-4b18-b863-c8f40f8d0442,AlistGo__alist (sample analysis: 10 samples),Golang,eb0573ad-e6fe-4526-b44f-cb7ed4181d91,8,8,function,cmd/cancel2FA.go,init:34:6,34,46,0.5
min,2,halstead_difficulty,Function Halstead Difficulty,069ad96b-3762-4b18-b863-c8f40f8d0442,AlistGo__alist (sample analysis: 10 samples),Golang,eb0573ad-e6fe-4526-b44f-cb7ed4181d91,8,8,function,cmd/common.go,Release:25:6,25,27,0.5
min,3,halstead_difficulty,Function Halstead Difficulty,069ad96b-3762-4b18-b863-c8f40f8d0442,AlistGo__alist (sample analysis: 10 samples),Golang,eb0573ad-e6fe-4526-b44f-cb7ed4181d91,8,8,function,cmd/kill.go,init:42:6,42,54,0.5
min,4,halstead_difficulty,Function Halstead Difficulty,069ad96b-3762-4b18-b863-c8f40f8d0442,AlistGo__alist (sample analysis: 10 samples),Golang,eb0573ad-e6fe-4526-b44f-cb7ed4181d91,8,8,function,cmd/lang.go,init:151:6,151,163,0.5
min,5,halstead_difficulty,Function Halstead Difficulty,069ad96b-3762-4b18-b863-c8f40f8d0442,AlistGo__alist (sample analysis: 10 samples),Golang,eb0573ad-e6fe-4526-b44f-cb7ed4181d91,8,8,function,cmd/restart.go,init:20:6,20,32,0.5
max,1,halstead_difficulty,Function Halstead Difficulty,a81fc79f-6ea8-409c-8690-f034ab9400d8,BinaryAnalysisPlatform__bap (sample analysis: 10 samples),Ocaml,f1178f58-48f9-42be-811b-f86424f47fce,8,8,function,plugins/x86/x86_lifter.ml,to_ir:365:11,365,1679,182.11111111111111
max,2,halstead_difficulty,Function Halstead Difficulty,9539fa79-4e99-4b7c-8679-62b23d3abedd,go-gorm__gorm (sample analysis: 10 samples),Golang,21f75e94-fbde-4f00-bcca-3bbe34c6bfa7,8,8,function,schema/field.go,setupValuerAndSetter:437:21,437,967,165.82978723404256
max,3,halstead_difficulty,Function Halstead Difficulty,e749ce64-7ffd-4d8c-a44a-47ef93013510,airbus-seclab__bincat (sample analysis: 10 samples),Ocaml,b1462a8d-c3d0-4c7e-91fa-5cdbf15e055c,8,8,function,ocaml/src/npk/c2newspeak/typedC2Cir.ml,translate:883:13,883,914,165.73218142548598
max,4,halstead_difficulty,Function Halstead Difficulty,e749ce64-7ffd-4d8c-a44a-47ef93013510,airbus-seclab__bincat (sample analysis: 10 samples),Ocaml,b1462a8d-c3d0-4c7e-91fa-5cdbf15e055c,8,8,function,ocaml/src/npk/c2newspeak/typedC2Cir.ml,translate:771:9,771,776,165.73218142548598
max,5,halstead_difficulty,Function Halstead Difficulty,e749ce64-7ffd-4d8c-a44a-47ef93013510,airbus-seclab__bincat (sample analysis: 10 samples),Ocaml,b1462a8d-c3d0-4c7e-91fa-5cdbf15e055c,8,8,function,ocaml/src/npk/c2newspeak/typedC2Cir.ml,translate:735:9,735,762,165.73218142548598
min,1,halstead_effort,Function Halstead Effort,069ad96b-3762-4b18-b863-c8f40f8d0442,AlistGo__alist (sample analysis: 10 samples),Golang,eb0573ad-e6fe-4526-b44f-cb7ed4181d91,8,8,function,drivers/all.go,All:78:6,78,80,1
min,2,halstead_effort,Function Halstead Effort,3e8dd623-86a1-4483-b14e-d1de15c7aac9,charmbracelet__bubbletea (sample analysis: 10 samples),Golang,7dc81b09-370c-4cc2-99dd-2691cc5f1bd9,8,8,function,tty_windows.go,suspendProcess:68:6,68,68,1
min,3,halstead_effort,Function Halstead Effort,e8c37d0d-f999-4ab0-9696-770ba31bbe18,gin-gonic__gin (sample analysis: 10 samples),Golang,b376f541-e7df-4087-baa5-e7b0d61e1f05,8,8,function,utils_test.go,somefunction:92:6,92,94,1
min,4,halstead_effort,Function Halstead Effort,a81fc79f-6ea8-409c-8690-f034ab9400d8,BinaryAnalysisPlatform__bap (sample analysis: 10 samples),Ocaml,f1178f58-48f9-42be-811b-f86424f47fce,8,8,function,lib/monads/monads_monad.ml,zero:250:13,250,250,1
min,5,halstead_effort,Function Halstead Effort,a81fc79f-6ea8-409c-8690-f034ab9400d8,BinaryAnalysisPlatform__bap (sample analysis: 10 samples),Ocaml,f1178f58-48f9-42be-811b-f86424f47fce,8,8,function,lib/monads/monads_monad.ml,zero:260:13,260,260,1
max,1,halstead_effort,Function Halstead Effort,a81fc79f-6ea8-409c-8690-f034ab9400d8,BinaryAnalysisPlatform__bap (sample analysis: 10 samples),Ocaml,f1178f58-48f9-42be-811b-f86424f47fce,8,8,function,plugins/x86/x86_lifter.ml,to_ir:365:11,365,1679,12986026.189183466
max,2,halstead_effort,Function Halstead Effort,a81fc79f-6ea8-409c-8690-f034ab9400d8,BinaryAnalysisPlatform__bap (sample analysis: 10 samples),Ocaml,f1178f58-48f9-42be-811b-f86424f47fce,8,8,function,plugins/x86/x86_disasm.ml,parse_instr:25:5,25,1259,10575931.246238148
max,3,halstead_effort,Function Halstead Effort,e749ce64-7ffd-4d8c-a44a-47ef93013510,airbus-seclab__bincat (sample analysis: 10 samples),Ocaml,b1462a8d-c3d0-4c7e-91fa-5cdbf15e055c,8,8,function,ocaml/src/npk/c2newspeak/typedC2Cir.ml,translate:883:13,883,914,8370188.6364828665
max,4,halstead_effort,Function Halstead Effort,e749ce64-7ffd-4d8c-a44a-47ef93013510,airbus-seclab__bincat (sample analysis: 10 samples),Ocaml,b1462a8d-c3d0-4c7e-91fa-5cdbf15e055c,8,8,function,ocaml/src/npk/c2newspeak/typedC2Cir.ml,translate:771:9,771,776,8370188.6364828665
max,5,halstead_effort,Function Halstead Effort,e749ce64-7ffd-4d8c-a44a-47ef93013510,airbus-seclab__bincat (sample analysis: 10 samples),Ocaml,b1462a8d-c3d0-4c7e-91fa-5cdbf15e055c,8,8,function,ocaml/src/npk/c2newspeak/typedC2Cir.ml,translate:735:9,735,762,8370188.6364828665
min,1,halstead_time_seconds,Function Halstead Time Seconds,069ad96b-3762-4b18-b863-c8f40f8d0442,AlistGo__alist (sample analysis: 10 samples),Golang,eb0573ad-e6fe-4526-b44f-cb7ed4181d91,8,8,function,drivers/all.go,All:78:6,78,80,0.05555555555555555
min,2,halstead_time_seconds,Function Halstead Time Seconds,3e8dd623-86a1-4483-b14e-d1de15c7aac9,charmbracelet__bubbletea (sample analysis: 10 samples),Golang,7dc81b09-370c-4cc2-99dd-2691cc5f1bd9,8,8,function,tty_windows.go,suspendProcess:68:6,68,68,0.05555555555555555
min,3,halstead_time_seconds,Function Halstead Time Seconds,e8c37d0d-f999-4ab0-9696-770ba31bbe18,gin-gonic__gin (sample analysis: 10 samples),Golang,b376f541-e7df-4087-baa5-e7b0d61e1f05,8,8,function,utils_test.go,somefunction:92:6,92,94,0.05555555555555555
min,4,halstead_time_seconds,Function Halstead Time Seconds,a81fc79f-6ea8-409c-8690-f034ab9400d8,BinaryAnalysisPlatform__bap (sample analysis: 10 samples),Ocaml,f1178f58-48f9-42be-811b-f86424f47fce,8,8,function,lib/monads/monads_monad.ml,zero:250:13,250,250,0.05555555555555555
min,5,halstead_time_seconds,Function Halstead Time Seconds,a81fc79f-6ea8-409c-8690-f034ab9400d8,BinaryAnalysisPlatform__bap (sample analysis: 10 samples),Ocaml,f1178f58-48f9-42be-811b-f86424f47fce,8,8,function,lib/monads/monads_monad.ml,zero:260:13,260,260,0.05555555555555555
max,1,halstead_time_seconds,Function Halstead Time Seconds,a81fc79f-6ea8-409c-8690-f034ab9400d8,BinaryAnalysisPlatform__bap (sample analysis: 10 samples),Ocaml,f1178f58-48f9-42be-811b-f86424f47fce,8,8,function,plugins/x86/x86_lifter.ml,to_ir:365:11,365,1679,721445.8993990815
max,2,halstead_time_seconds,Function Halstead Time Seconds,a81fc79f-6ea8-409c-8690-f034ab9400d8,BinaryAnalysisPlatform__bap (sample analysis: 10 samples),Ocaml,f1178f58-48f9-42be-811b-f86424f47fce,8,8,function,plugins/x86/x86_disasm.ml,parse_instr:25:5,25,1259,587551.7359021193
max,3,halstead_time_seconds,Function Halstead Time Seconds,e749ce64-7ffd-4d8c-a44a-47ef93013510,airbus-seclab__bincat (sample analysis: 10 samples),Ocaml,b1462a8d-c3d0-4c7e-91fa-5cdbf15e055c,8,8,function,ocaml/src/npk/c2newspeak/typedC2Cir.ml,translate:883:13,883,914,465010.4798046037
max,4,halstead_time_seconds,Function Halstead Time Seconds,e749ce64-7ffd-4d8c-a44a-47ef93013510,airbus-seclab__bincat (sample analysis: 10 samples),Ocaml,b1462a8d-c3d0-4c7e-91fa-5cdbf15e055c,8,8,function,ocaml/src/npk/c2newspeak/typedC2Cir.ml,translate:771:9,771,776,465010.4798046037
max,5,halstead_time_seconds,Function Halstead Time Seconds,e749ce64-7ffd-4d8c-a44a-47ef93013510,airbus-seclab__bincat (sample analysis: 10 samples),Ocaml,b1462a8d-c3d0-4c7e-91fa-5cdbf15e055c,8,8,function,ocaml/src/npk/c2newspeak/typedC2Cir.ml,translate:735:9,735,762,465010.4798046037
min,1,halstead_bugs,Function Halstead Bugs,069ad96b-3762-4b18-b863-c8f40f8d0442,AlistGo__alist (sample analysis: 10 samples),Golang,eb0573ad-e6fe-4526-b44f-cb7ed4181d91,8,8,function,drivers/all.go,All:78:6,78,80,0.0006666666666666666
min,2,halstead_bugs,Function Halstead Bugs,3e8dd623-86a1-4483-b14e-d1de15c7aac9,charmbracelet__bubbletea (sample analysis: 10 samples),Golang,7dc81b09-370c-4cc2-99dd-2691cc5f1bd9,8,8,function,tty_windows.go,suspendProcess:68:6,68,68,0.0006666666666666666
min,3,halstead_bugs,Function Halstead Bugs,e8c37d0d-f999-4ab0-9696-770ba31bbe18,gin-gonic__gin (sample analysis: 10 samples),Golang,b376f541-e7df-4087-baa5-e7b0d61e1f05,8,8,function,utils_test.go,somefunction:92:6,92,94,0.0006666666666666666
min,4,halstead_bugs,Function Halstead Bugs,a81fc79f-6ea8-409c-8690-f034ab9400d8,BinaryAnalysisPlatform__bap (sample analysis: 10 samples),Ocaml,f1178f58-48f9-42be-811b-f86424f47fce,8,8,function,lib/monads/monads_monad.ml,zero:250:13,250,250,0.0006666666666666666
min,5,halstead_bugs,Function Halstead Bugs,a81fc79f-6ea8-409c-8690-f034ab9400d8,BinaryAnalysisPlatform__bap (sample analysis: 10 samples),Ocaml,f1178f58-48f9-42be-811b-f86424f47fce,8,8,function,lib/monads/monads_monad.ml,zero:260:13,260,260,0.0006666666666666666
max,1,halstead_bugs,Function Halstead Bugs,a81fc79f-6ea8-409c-8690-f034ab9400d8,BinaryAnalysisPlatform__bap (sample analysis: 10 samples),Ocaml,f1178f58-48f9-42be-811b-f86424f47fce,8,8,function,plugins/x86/x86_disasm.ml,parse_instr:25:5,25,1259,24.38237692677435
max,2,halstead_bugs,Function Halstead Bugs,a81fc79f-6ea8-409c-8690-f034ab9400d8,BinaryAnalysisPlatform__bap (sample analysis: 10 samples),Ocaml,f1178f58-48f9-42be-811b-f86424f47fce,8,8,function,plugins/x86/x86_lifter.ml,to_ir:365:11,365,1679,23.76941950430165
max,3,halstead_bugs,Function Halstead Bugs,729d4ded-b025-47be-ae9b-ed0561b8f9e6,bcpierce00__unison (sample analysis: 10 samples),Ocaml,f6b73c82-a970-40e9-8f97-92ab80bc7aa6,8,8,function,src/uigtk2.ml,createToplevelWindow:2584:5,2584,4145,18.97770008295256
max,4,halstead_bugs,Function Halstead Bugs,e749ce64-7ffd-4d8c-a44a-47ef93013510,airbus-seclab__bincat (sample analysis: 10 samples),Ocaml,b1462a8d-c3d0-4c7e-91fa-5cdbf15e055c,8,8,function,ocaml/src/npk/c2newspeak/typedC2Cir.ml,translate:883:13,883,914,16.834768328214206
max,5,halstead_bugs,Function Halstead Bugs,e749ce64-7ffd-4d8c-a44a-47ef93013510,airbus-seclab__bincat (sample analysis: 10 samples),Ocaml,b1462a8d-c3d0-4c7e-91fa-5cdbf15e055c,8,8,function,ocaml/src/npk/c2newspeak/typedC2Cir.ml,translate:771:9,771,776,16.834768328214206
