extreme,rank,metric_key,metric_label,codebase_id,codebase_name,programming_language,version_id,version_number,sample_number,metric_level,file_path,function_name,function_start_line,function_end_line,value
min,1,lines_of_code,Lines Of Code/File,a81fc79f-6ea8-409c-8690-f034ab9400d8,BinaryAnalysisPlatform__bap (sample analysis: 10 samples),Ocaml,3bafefb5-9460-432f-b5bd-3dfc76c11e6c,4,4,file,lib/bap_api/bap_api_attr.ml,,,,0
min,2,lines_of_code,Lines Of Code/File,a81fc79f-6ea8-409c-8690-f034ab9400d8,BinaryAnalysisPlatform__bap (sample analysis: 10 samples),Ocaml,3bafefb5-9460-432f-b5bd-3dfc76c11e6c,4,4,file,lib/bap_api/bap_api_attr.mli,,,,0
min,3,lines_of_code,Lines Of Code/File,a81fc79f-6ea8-409c-8690-f034ab9400d8,BinaryAnalysisPlatform__bap (sample analysis: 10 samples),Ocaml,3bafefb5-9460-432f-b5bd-3dfc76c11e6c,4,4,file,plugins/beagle/beagle_main.mli,,,,0
min,4,lines_of_code,Lines Of Code/File,a81fc79f-6ea8-409c-8690-f034ab9400d8,BinaryAnalysisPlatform__bap (sample analysis: 10 samples),Ocaml,3bafefb5-9460-432f-b5bd-3dfc76c11e6c,4,4,file,plugins/cxxfilt/cxxfilt_main.mli,,,,0
min,5,lines_of_code,Lines Of Code/File,a81fc79f-6ea8-409c-8690-f034ab9400d8,BinaryAnalysisPlatform__bap (sample analysis: 10 samples),Ocaml,3bafefb5-9460-432f-b5bd-3dfc76c11e6c,4,4,file,plugins/elf_loader/elf_loader_main.mli,,,,0
max,1,lines_of_code,Lines Of Code/File,a81fc79f-6ea8-409c-8690-f034ab9400d8,BinaryAnalysisPlatform__bap (sample analysis: 10 samples),Ocaml,3bafefb5-9460-432f-b5bd-3dfc76c11e6c,4,4,file,lib/bap/bap.mli,,,,8863
max,2,lines_of_code,Lines Of Code/File,e9d92337-e257-41dd-9d58-bc6f84121654,astrada__google-drive-ocamlfuse (sample analysis: 10 samples),Ocaml,f18b7906-9dcd-4c09-a157-784056f756f3,4,4,file,setup.ml,,,,7451
max,3,lines_of_code,Lines Of Code/File,729d4ded-b025-47be-ae9b-ed0561b8f9e6,bcpierce00__unison (sample analysis: 10 samples),Ocaml,46a965ea-d469-428d-9ee7-2c79b463b087,4,4,file,src/strings.ml,,,,4390
max,4,lines_of_code,Lines Of Code/File,729d4ded-b025-47be-ae9b-ed0561b8f9e6,bcpierce00__unison (sample analysis: 10 samples),Ocaml,46a965ea-d469-428d-9ee7-2c79b463b087,4,4,file,src/uigtk2.ml,,,,4300
max,5,lines_of_code,Lines Of Code/File,e749ce64-7ffd-4d8c-a44a-47ef93013510,airbus-seclab__bincat (sample analysis: 10 samples),Ocaml,e8be65c6-7d48-47e0-b835-ccf1d93b9959,4,4,file,ocaml/src/disassembly/x86.ml,,,,2682
min,1,effective_lines_of_code_with_brackets,Effective LOC With Brackets/File,e8c37d0d-f999-4ab0-9696-770ba31bbe18,gin-gonic__gin (sample analysis: 10 samples),Golang,287da131-528e-476d-b496-919b16e74949,4,4,file,doc.go,,,,0
min,2,effective_lines_of_code_with_brackets,Effective LOC With Brackets/File,a81fc79f-6ea8-409c-8690-f034ab9400d8,BinaryAnalysisPlatform__bap (sample analysis: 10 samples),Ocaml,3bafefb5-9460-432f-b5bd-3dfc76c11e6c,4,4,file,lib/bap/bap_load_plugins.mli,,,,0
min,3,effective_lines_of_code_with_brackets,Effective LOC With Brackets/File,a81fc79f-6ea8-409c-8690-f034ab9400d8,BinaryAnalysisPlatform__bap (sample analysis: 10 samples),Ocaml,3bafefb5-9460-432f-b5bd-3dfc76c11e6c,4,4,file,lib/bap_api/bap_api_attr.ml,,,,0
min,4,effective_lines_of_code_with_brackets,Effective LOC With Brackets/File,a81fc79f-6ea8-409c-8690-f034ab9400d8,BinaryAnalysisPlatform__bap (sample analysis: 10 samples),Ocaml,3bafefb5-9460-432f-b5bd-3dfc76c11e6c,4,4,file,lib/bap_api/bap_api_attr.mli,,,,0
min,5,effective_lines_of_code_with_brackets,Effective LOC With Brackets/File,a81fc79f-6ea8-409c-8690-f034ab9400d8,BinaryAnalysisPlatform__bap (sample analysis: 10 samples),Ocaml,3bafefb5-9460-432f-b5bd-3dfc76c11e6c,4,4,file,lib/bap_language/bap_language.mli,,,,0
max,1,effective_lines_of_code_with_brackets,Effective LOC With Brackets/File,e9d92337-e257-41dd-9d58-bc6f84121654,astrada__google-drive-ocamlfuse (sample analysis: 10 samples),Ocaml,f18b7906-9dcd-4c09-a157-784056f756f3,4,4,file,setup.ml,,,,5981
max,2,effective_lines_of_code_with_brackets,Effective LOC With Brackets/File,729d4ded-b025-47be-ae9b-ed0561b8f9e6,bcpierce00__unison (sample analysis: 10 samples),Ocaml,46a965ea-d469-428d-9ee7-2c79b463b087,4,4,file,src/strings.ml,,,,4386
max,3,effective_lines_of_code_with_brackets,Effective LOC With Brackets/File,729d4ded-b025-47be-ae9b-ed0561b8f9e6,bcpierce00__unison (sample analysis: 10 samples),Ocaml,46a965ea-d469-428d-9ee7-2c79b463b087,4,4,file,src/uigtk2.ml,,,,3515
max,4,effective_lines_of_code_with_brackets,Effective LOC With Brackets/File,e9d92337-e257-41dd-9d58-bc6f84121654,astrada__google-drive-ocamlfuse (sample analysis: 10 samples),Ocaml,f18b7906-9dcd-4c09-a157-784056f756f3,4,4,file,src/drive.ml,,,,2125
max,5,effective_lines_of_code_with_brackets,Effective LOC With Brackets/File,e749ce64-7ffd-4d8c-a44a-47ef93013510,airbus-seclab__bincat (sample analysis: 10 samples),Ocaml,e8be65c6-7d48-47e0-b835-ccf1d93b9959,4,4,file,ocaml/src/disassembly/x86.ml,,,,2097
min,1,effective_lines_of_code,Effective LOC/File,e8c37d0d-f999-4ab0-9696-770ba31bbe18,gin-gonic__gin (sample analysis: 10 samples),Golang,287da131-528e-476d-b496-919b16e74949,4,4,file,doc.go,,,,0
min,2,effective_lines_of_code,Effective LOC/File,a81fc79f-6ea8-409c-8690-f034ab9400d8,BinaryAnalysisPlatform__bap (sample analysis: 10 samples),Ocaml,3bafefb5-9460-432f-b5bd-3dfc76c11e6c,4,4,file,lib/bap/bap_load_plugins.mli,,,,0
min,3,effective_lines_of_code,Effective LOC/File,a81fc79f-6ea8-409c-8690-f034ab9400d8,BinaryAnalysisPlatform__bap (sample analysis: 10 samples),Ocaml,3bafefb5-9460-432f-b5bd-3dfc76c11e6c,4,4,file,lib/bap_api/bap_api_attr.ml,,,,0
min,4,effective_lines_of_code,Effective LOC/File,a81fc79f-6ea8-409c-8690-f034ab9400d8,BinaryAnalysisPlatform__bap (sample analysis: 10 samples),Ocaml,3bafefb5-9460-432f-b5bd-3dfc76c11e6c,4,4,file,lib/bap_api/bap_api_attr.mli,,,,0
min,5,effective_lines_of_code,Effective LOC/File,a81fc79f-6ea8-409c-8690-f034ab9400d8,BinaryAnalysisPlatform__bap (sample analysis: 10 samples),Ocaml,3bafefb5-9460-432f-b5bd-3dfc76c11e6c,4,4,file,lib/bap_language/bap_language.mli,,,,0
max,1,effective_lines_of_code,Effective LOC/File,e9d92337-e257-41dd-9d58-bc6f84121654,astrada__google-drive-ocamlfuse (sample analysis: 10 samples),Ocaml,f18b7906-9dcd-4c09-a157-784056f756f3,4,4,file,setup.ml,,,,5804
max,2,effective_lines_of_code,Effective LOC/File,729d4ded-b025-47be-ae9b-ed0561b8f9e6,bcpierce00__unison (sample analysis: 10 samples),Ocaml,46a965ea-d469-428d-9ee7-2c79b463b087,4,4,file,src/strings.ml,,,,4386
max,3,effective_lines_of_code,Effective LOC/File,729d4ded-b025-47be-ae9b-ed0561b8f9e6,bcpierce00__unison (sample analysis: 10 samples),Ocaml,46a965ea-d469-428d-9ee7-2c79b463b087,4,4,file,src/uigtk2.ml,,,,3515
max,4,effective_lines_of_code,Effective LOC/File,e9d92337-e257-41dd-9d58-bc6f84121654,astrada__google-drive-ocamlfuse (sample analysis: 10 samples),Ocaml,f18b7906-9dcd-4c09-a157-784056f756f3,4,4,file,src/drive.ml,,,,2107
max,5,effective_lines_of_code,Effective LOC/File,e749ce64-7ffd-4d8c-a44a-47ef93013510,airbus-seclab__bincat (sample analysis: 10 samples),Ocaml,e8be65c6-7d48-47e0-b835-ccf1d93b9959,4,4,file,ocaml/src/disassembly/x86.ml,,,,2054
min,1,comment_lines_of_code,Comment LOC/File,069ad96b-3762-4b18-b863-c8f40f8d0442,AlistGo__alist (sample analysis: 10 samples),Golang,c9009897-fb00-4444-ab78-d1806d44d7ad,4,4,file,cmd/common.go,,,,0
min,2,comment_lines_of_code,Comment LOC/File,069ad96b-3762-4b18-b863-c8f40f8d0442,AlistGo__alist (sample analysis: 10 samples),Golang,c9009897-fb00-4444-ab78-d1806d44d7ad,4,4,file,cmd/flags/config.go,,,,0
min,3,comment_lines_of_code,Comment LOC/File,069ad96b-3762-4b18-b863-c8f40f8d0442,AlistGo__alist (sample analysis: 10 samples),Golang,c9009897-fb00-4444-ab78-d1806d44d7ad,4,4,file,cmd/root.go,,,,0
min,4,comment_lines_of_code,Comment LOC/File,069ad96b-3762-4b18-b863-c8f40f8d0442,AlistGo__alist (sample analysis: 10 samples),Golang,c9009897-fb00-4444-ab78-d1806d44d7ad,4,4,file,drivers/115/meta.go,,,,0
min,5,comment_lines_of_code,Comment LOC/File,069ad96b-3762-4b18-b863-c8f40f8d0442,AlistGo__alist (sample analysis: 10 samples),Golang,c9009897-fb00-4444-ab78-d1806d44d7ad,4,4,file,drivers/115/types.go,,,,0
max,1,comment_lines_of_code,Comment LOC/File,a81fc79f-6ea8-409c-8690-f034ab9400d8,BinaryAnalysisPlatform__bap (sample analysis: 10 samples),Ocaml,3bafefb5-9460-432f-b5bd-3dfc76c11e6c,4,4,file,lib/bap/bap.mli,,,,5139
max,2,comment_lines_of_code,Comment LOC/File,27c2b119-0bb1-44ad-8d53-458f0cca57e7,camlworks__dream (sample analysis: 10 samples),Ocaml,8813f0fe-730c-484a-b74c-278d91359bbc,4,4,file,src/dream.mli,,,,1769
max,3,comment_lines_of_code,Comment LOC/File,a81fc79f-6ea8-409c-8690-f034ab9400d8,BinaryAnalysisPlatform__bap (sample analysis: 10 samples),Ocaml,3bafefb5-9460-432f-b5bd-3dfc76c11e6c,4,4,file,lib/bap_primus/bap_primus.mli,,,,1696
max,4,comment_lines_of_code,Comment LOC/File,a81fc79f-6ea8-409c-8690-f034ab9400d8,BinaryAnalysisPlatform__bap (sample analysis: 10 samples),Ocaml,3bafefb5-9460-432f-b5bd-3dfc76c11e6c,4,4,file,lib/monads/monads.mli,,,,1016
max,5,comment_lines_of_code,Comment LOC/File,a81fc79f-6ea8-409c-8690-f034ab9400d8,BinaryAnalysisPlatform__bap (sample analysis: 10 samples),Ocaml,3bafefb5-9460-432f-b5bd-3dfc76c11e6c,4,4,file,lib/graphlib/graphlib.mli,,,,996
min,1,bracket_lines_of_code,Bracket LOC/File,069ad96b-3762-4b18-b863-c8f40f8d0442,AlistGo__alist (sample analysis: 10 samples),Golang,c9009897-fb00-4444-ab78-d1806d44d7ad,4,4,file,drivers/alias/types.go,,,,0
min,2,bracket_lines_of_code,Bracket LOC/File,069ad96b-3762-4b18-b863-c8f40f8d0442,AlistGo__alist (sample analysis: 10 samples),Golang,c9009897-fb00-4444-ab78-d1806d44d7ad,4,4,file,drivers/alist_v2/util.go,,,,0
min,3,bracket_lines_of_code,Bracket LOC/File,069ad96b-3762-4b18-b863-c8f40f8d0442,AlistGo__alist (sample analysis: 10 samples),Golang,c9009897-fb00-4444-ab78-d1806d44d7ad,4,4,file,drivers/baidu_share/types.go,,,,0
min,4,bracket_lines_of_code,Bracket LOC/File,069ad96b-3762-4b18-b863-c8f40f8d0442,AlistGo__alist (sample analysis: 10 samples),Golang,c9009897-fb00-4444-ab78-d1806d44d7ad,4,4,file,drivers/baidu_share/util.go,,,,0
min,5,bracket_lines_of_code,Bracket LOC/File,069ad96b-3762-4b18-b863-c8f40f8d0442,AlistGo__alist (sample analysis: 10 samples),Golang,c9009897-fb00-4444-ab78-d1806d44d7ad,4,4,file,drivers/ftp/types.go,,,,0
max,1,bracket_lines_of_code,Bracket LOC/File,9539fa79-4e99-4b7c-8679-62b23d3abedd,go-gorm__gorm (sample analysis: 10 samples),Golang,34c8e6b2-ad40-40e8-8eff-ca267d4c76e2,4,4,file,preload_test.go,,,,330
max,2,bracket_lines_of_code,Bracket LOC/File,3e629e34-e52d-445d-9487-cfbcb29d77e8,junegunn__fzf (sample analysis: 10 samples),Golang,492cc07b-9300-497c-8968-c324615a66fb,4,4,file,src/terminal.go,,,,307
max,3,bracket_lines_of_code,Bracket LOC/File,9539fa79-4e99-4b7c-8679-62b23d3abedd,go-gorm__gorm (sample analysis: 10 samples),Golang,34c8e6b2-ad40-40e8-8eff-ca267d4c76e2,4,4,file,scope.go,,,,296
max,4,bracket_lines_of_code,Bracket LOC/File,24cc32f1-80f1-40da-9ad5-e2285210d73d,router-for-me__CLIProxyAPI (sample analysis: 10 samples),Golang,b2df923c-1801-45d4-9a9d-1b12ebdbc0d4,4,4,file,internal/api/handlers/management/auth_files.go,,,,271
max,5,bracket_lines_of_code,Bracket LOC/File,24e65021-62fe-4607-8cfb-8f06e8e5257f,spf13__cobra (sample analysis: 10 samples),Golang,f8a947cd-3d5c-404c-a699-6e2a20a9feb7,4,4,file,command_test.go,,,,267
min,1,total_cyclomatic,Total Cyclomatic/File,069ad96b-3762-4b18-b863-c8f40f8d0442,AlistGo__alist (sample analysis: 10 samples),Golang,c9009897-fb00-4444-ab78-d1806d44d7ad,4,4,file,cmd/flags/config.go,,,,0
min,2,total_cyclomatic,Total Cyclomatic/File,069ad96b-3762-4b18-b863-c8f40f8d0442,AlistGo__alist (sample analysis: 10 samples),Golang,c9009897-fb00-4444-ab78-d1806d44d7ad,4,4,file,drivers/115/types.go,,,,0
min,3,total_cyclomatic,Total Cyclomatic/File,069ad96b-3762-4b18-b863-c8f40f8d0442,AlistGo__alist (sample analysis: 10 samples),Golang,c9009897-fb00-4444-ab78-d1806d44d7ad,4,4,file,drivers/139/types.go,,,,0
min,4,total_cyclomatic,Total Cyclomatic/File,069ad96b-3762-4b18-b863-c8f40f8d0442,AlistGo__alist (sample analysis: 10 samples),Golang,c9009897-fb00-4444-ab78-d1806d44d7ad,4,4,file,drivers/189/types.go,,,,0
min,5,total_cyclomatic,Total Cyclomatic/File,069ad96b-3762-4b18-b863-c8f40f8d0442,AlistGo__alist (sample analysis: 10 samples),Golang,c9009897-fb00-4444-ab78-d1806d44d7ad,4,4,file,drivers/alias/types.go,,,,0
max,1,total_cyclomatic,Total Cyclomatic/File,e9d92337-e257-41dd-9d58-bc6f84121654,astrada__google-drive-ocamlfuse (sample analysis: 10 samples),Ocaml,f18b7906-9dcd-4c09-a157-784056f756f3,4,4,file,setup.ml,,,,1109
max,2,total_cyclomatic,Total Cyclomatic/File,e9d92337-e257-41dd-9d58-bc6f84121654,astrada__google-drive-ocamlfuse (sample analysis: 10 samples),Ocaml,f18b7906-9dcd-4c09-a157-784056f756f3,4,4,file,src/mime.ml,,,,771
max,3,total_cyclomatic,Total Cyclomatic/File,e749ce64-7ffd-4d8c-a44a-47ef93013510,airbus-seclab__bincat (sample analysis: 10 samples),Ocaml,e8be65c6-7d48-47e0-b835-ccf1d93b9959,4,4,file,ocaml/src/disassembly/x86.ml,,,,708
max,4,total_cyclomatic,Total Cyclomatic/File,729d4ded-b025-47be-ae9b-ed0561b8f9e6,bcpierce00__unison (sample analysis: 10 samples),Ocaml,46a965ea-d469-428d-9ee7-2c79b463b087,4,4,file,src/uigtk2.ml,,,,653
max,5,total_cyclomatic,Total Cyclomatic/File,a81fc79f-6ea8-409c-8690-f034ab9400d8,BinaryAnalysisPlatform__bap (sample analysis: 10 samples),Ocaml,3bafefb5-9460-432f-b5bd-3dfc76c11e6c,4,4,file,plugins/x86/x86_disasm.ml,,,,613
min,1,maintainability_index_three_property,Maintainability Index Three Property,e9d92337-e257-41dd-9d58-bc6f84121654,astrada__google-drive-ocamlfuse (sample analysis: 10 samples),Ocaml,f18b7906-9dcd-4c09-a157-784056f756f3,4,4,file,setup.ml,,,,-288.55317217126355
min,2,maintainability_index_three_property,Maintainability Index Three Property,e749ce64-7ffd-4d8c-a44a-47ef93013510,airbus-seclab__bincat (sample analysis: 10 samples),Ocaml,e8be65c6-7d48-47e0-b835-ccf1d93b9959,4,4,file,ocaml/src/disassembly/x86.ml,,,,-177.72090087815224
min,3,maintainability_index_three_property,Maintainability Index Three Property,729d4ded-b025-47be-ae9b-ed0561b8f9e6,bcpierce00__unison (sample analysis: 10 samples),Ocaml,46a965ea-d469-428d-9ee7-2c79b463b087,4,4,file,src/uigtk2.ml,,,,-174.8992144425021
min,4,maintainability_index_three_property,Maintainability Index Three Property,e9d92337-e257-41dd-9d58-bc6f84121654,astrada__google-drive-ocamlfuse (sample analysis: 10 samples),Ocaml,f18b7906-9dcd-4c09-a157-784056f756f3,4,4,file,src/mime.ml,,,,-168.98093199174266
min,5,maintainability_index_three_property,Maintainability Index Three Property,e9d92337-e257-41dd-9d58-bc6f84121654,astrada__google-drive-ocamlfuse (sample analysis: 10 samples),Ocaml,f18b7906-9dcd-4c09-a157-784056f756f3,4,4,function,src/mime.ml,map_filename_to_mime_type:3:5,3,777,-168.95336740886134
max,1,maintainability_index_three_property,Maintainability Index Three Property,e9d92337-e257-41dd-9d58-bc6f84121654,astrada__google-drive-ocamlfuse (sample analysis: 10 samples),Ocaml,f18b7906-9dcd-4c09-a157-784056f756f3,4,4,function,setup.ml,exec_libdir:6372:15,6372,6372,170.77
max,2,maintainability_index_three_property,Maintainability Index Three Property,e9d92337-e257-41dd-9d58-bc6f84121654,astrada__google-drive-ocamlfuse (sample analysis: 10 samples),Ocaml,f18b7906-9dcd-4c09-a157-784056f756f3,4,4,function,setup.ml,var_ignore:3537:7,3537,3537,170.77
max,3,maintainability_index_three_property,Maintainability Index Three Property,e9d92337-e257-41dd-9d58-bc6f84121654,astrada__google-drive-ocamlfuse (sample analysis: 10 samples),Ocaml,f18b7906-9dcd-4c09-a157-784056f756f3,4,4,function,setup.ml,args:3253:7,3253,3253,170.77
max,4,maintainability_index_three_property,Maintainability Index Three Property,e9d92337-e257-41dd-9d58-bc6f84121654,astrada__google-drive-ocamlfuse (sample analysis: 10 samples),Ocaml,f18b7906-9dcd-4c09-a157-784056f756f3,4,4,function,setup.ml,var_choose:3241:7,3241,3241,170.77
max,5,maintainability_index_three_property,Maintainability Index Three Property,e9d92337-e257-41dd-9d58-bc6f84121654,astrada__google-drive-ocamlfuse (sample analysis: 10 samples),Ocaml,f18b7906-9dcd-4c09-a157-784056f756f3,4,4,function,myocamlbuild.ml,find_syntaxes:608:7,608,608,170.77
min,1,maintainability_index_four_property,Maintainability Index Four Property,e9d92337-e257-41dd-9d58-bc6f84121654,astrada__google-drive-ocamlfuse (sample analysis: 10 samples),Ocaml,f18b7906-9dcd-4c09-a157-784056f756f3,4,4,file,setup.ml,,,,-313.8421901693568
min,2,maintainability_index_four_property,Maintainability Index Four Property,729d4ded-b025-47be-ae9b-ed0561b8f9e6,bcpierce00__unison (sample analysis: 10 samples),Ocaml,46a965ea-d469-428d-9ee7-2c79b463b087,4,4,file,src/uigtk2.ml,,,,-206.7675266544479
min,3,maintainability_index_four_property,Maintainability Index Four Property,a81fc79f-6ea8-409c-8690-f034ab9400d8,BinaryAnalysisPlatform__bap (sample analysis: 10 samples),Ocaml,3bafefb5-9460-432f-b5bd-3dfc76c11e6c,4,4,file,plugins/x86/x86_disasm.ml,,,,-184.07571252769094
min,4,maintainability_index_four_property,Maintainability Index Four Property,e9d92337-e257-41dd-9d58-bc6f84121654,astrada__google-drive-ocamlfuse (sample analysis: 10 samples),Ocaml,f18b7906-9dcd-4c09-a157-784056f756f3,4,4,file,src/mime.ml,,,,-168.98093199174266
min,5,maintainability_index_four_property,Maintainability Index Four Property,e9d92337-e257-41dd-9d58-bc6f84121654,astrada__google-drive-ocamlfuse (sample analysis: 10 samples),Ocaml,f18b7906-9dcd-4c09-a157-784056f756f3,4,4,function,src/mime.ml,map_filename_to_mime_type:3:5,3,777,-168.95336740886134
max,1,maintainability_index_four_property,Maintainability Index Four Property,729d4ded-b025-47be-ae9b-ed0561b8f9e6,bcpierce00__unison (sample analysis: 10 samples),Ocaml,46a965ea-d469-428d-9ee7-2c79b463b087,4,4,file,src/system.mli,,,,212.47506063933207
max,2,maintainability_index_four_property,Maintainability Index Four Property,729d4ded-b025-47be-ae9b-ed0561b8f9e6,bcpierce00__unison (sample analysis: 10 samples),Ocaml,46a965ea-d469-428d-9ee7-2c79b463b087,4,4,file,src/uigtk.mli,,,,209.7696644143026
max,3,maintainability_index_four_property,Maintainability Index Four Property,729d4ded-b025-47be-ae9b-ed0561b8f9e6,bcpierce00__unison (sample analysis: 10 samples),Ocaml,46a965ea-d469-428d-9ee7-2c79b463b087,4,4,file,src/test.mli,,,,208.6093179474687
max,4,maintainability_index_four_property,Maintainability Index Four Property,e749ce64-7ffd-4d8c-a44a-47ef93013510,airbus-seclab__bincat (sample analysis: 10 samples),Ocaml,e8be65c6-7d48-47e0-b835-ccf1d93b9959,4,4,file,ocaml/src/npk/newspeak/npk2lpk.mli,,,,200.04418106024286
max,5,maintainability_index_four_property,Maintainability Index Four Property,e749ce64-7ffd-4d8c-a44a-47ef93013510,airbus-seclab__bincat (sample analysis: 10 samples),Ocaml,e8be65c6-7d48-47e0-b835-ccf1d93b9959,4,4,file,ocaml/src/npk/c2newspeak/bare2C.mli,,,,200.04418106024286
min,1,maintainability_index_visual_studio,Maintainability Index Visual Studio,069ad96b-3762-4b18-b863-c8f40f8d0442,AlistGo__alist (sample analysis: 10 samples),Golang,c9009897-fb00-4444-ab78-d1806d44d7ad,4,4,file,drivers/189pc/utils.go,,,,0
min,2,maintainability_index_visual_studio,Maintainability Index Visual Studio,069ad96b-3762-4b18-b863-c8f40f8d0442,AlistGo__alist (sample analysis: 10 samples),Golang,c9009897-fb00-4444-ab78-d1806d44d7ad,4,4,file,internal/op/fs.go,,,,0
min,3,maintainability_index_visual_studio,Maintainability Index Visual Studio,069ad96b-3762-4b18-b863-c8f40f8d0442,AlistGo__alist (sample analysis: 10 samples),Golang,c9009897-fb00-4444-ab78-d1806d44d7ad,4,4,file,server/webdav/internal/xml/marshal.go,,,,0
min,4,maintainability_index_visual_studio,Maintainability Index Visual Studio,069ad96b-3762-4b18-b863-c8f40f8d0442,AlistGo__alist (sample analysis: 10 samples),Golang,c9009897-fb00-4444-ab78-d1806d44d7ad,4,4,file,server/webdav/internal/xml/marshal_test.go,,,,0
min,5,maintainability_index_visual_studio,Maintainability Index Visual Studio,069ad96b-3762-4b18-b863-c8f40f8d0442,AlistGo__alist (sample analysis: 10 samples),Golang,c9009897-fb00-4444-ab78-d1806d44d7ad,4,4,file,server/webdav/internal/xml/read.go,,,,0
max,1,maintainability_index_visual_studio,Maintainability Index Visual Studio,e9d92337-e257-41dd-9d58-bc6f84121654,astrada__google-drive-ocamlfuse (sample analysis: 10 samples),Ocaml,f18b7906-9dcd-4c09-a157-784056f756f3,4,4,function,setup.ml,exec_libdir:6372:15,6372,6372,99.86549707602339
max,2,maintainability_index_visual_studio,Maintainability Index Visual Studio,e9d92337-e257-41dd-9d58-bc6f84121654,astrada__google-drive-ocamlfuse (sample analysis: 10 samples),Ocaml,f18b7906-9dcd-4c09-a157-784056f756f3,4,4,function,setup.ml,var_ignore:3537:7,3537,3537,99.86549707602339
max,3,maintainability_index_visual_studio,Maintainability Index Visual Studio,e9d92337-e257-41dd-9d58-bc6f84121654,astrada__google-drive-ocamlfuse (sample analysis: 10 samples),Ocaml,f18b7906-9dcd-4c09-a157-784056f756f3,4,4,function,setup.ml,args:3253:7,3253,3253,99.86549707602339
max,4,maintainability_index_visual_studio,Maintainability Index Visual Studio,e9d92337-e257-41dd-9d58-bc6f84121654,astrada__google-drive-ocamlfuse (sample analysis: 10 samples),Ocaml,f18b7906-9dcd-4c09-a157-784056f756f3,4,4,function,setup.ml,var_choose:3241:7,3241,3241,99.86549707602339
max,5,maintainability_index_visual_studio,Maintainability Index Visual Studio,e9d92337-e257-41dd-9d58-bc6f84121654,astrada__google-drive-ocamlfuse (sample analysis: 10 samples),Ocaml,f18b7906-9dcd-4c09-a157-784056f756f3,4,4,function,myocamlbuild.ml,find_syntaxes:608:7,608,608,99.86549707602339
min,1,maintainability_index_comment_percentage,Maintainability Index Comment Percentage,069ad96b-3762-4b18-b863-c8f40f8d0442,AlistGo__alist (sample analysis: 10 samples),Golang,c9009897-fb00-4444-ab78-d1806d44d7ad,4,4,file,cmd/common.go,,,,0
min,2,maintainability_index_comment_percentage,Maintainability Index Comment Percentage,069ad96b-3762-4b18-b863-c8f40f8d0442,AlistGo__alist (sample analysis: 10 samples),Golang,c9009897-fb00-4444-ab78-d1806d44d7ad,4,4,function,cmd/common.go,Init:14:6,14,20,0
min,3,maintainability_index_comment_percentage,Maintainability Index Comment Percentage,069ad96b-3762-4b18-b863-c8f40f8d0442,AlistGo__alist (sample analysis: 10 samples),Golang,c9009897-fb00-4444-ab78-d1806d44d7ad,4,4,function,cmd/common.go,initDaemon:25:6,25,44,0
min,4,maintainability_index_comment_percentage,Maintainability Index Comment Percentage,069ad96b-3762-4b18-b863-c8f40f8d0442,AlistGo__alist (sample analysis: 10 samples),Golang,c9009897-fb00-4444-ab78-d1806d44d7ad,4,4,file,cmd/flags/config.go,,,,0
min,5,maintainability_index_comment_percentage,Maintainability Index Comment Percentage,069ad96b-3762-4b18-b863-c8f40f8d0442,AlistGo__alist (sample analysis: 10 samples),Golang,c9009897-fb00-4444-ab78-d1806d44d7ad,4,4,function,cmd/lang.go,firstUpper:27:6,27,32,0
max,1,maintainability_index_comment_percentage,Maintainability Index Comment Percentage,a81fc79f-6ea8-409c-8690-f034ab9400d8,BinaryAnalysisPlatform__bap (sample analysis: 10 samples),Ocaml,3bafefb5-9460-432f-b5bd-3dfc76c11e6c,4,4,file,lib/ogre/ogre.mli,,,,51300
max,2,maintainability_index_comment_percentage,Maintainability Index Comment Percentage,a81fc79f-6ea8-409c-8690-f034ab9400d8,BinaryAnalysisPlatform__bap (sample analysis: 10 samples),Ocaml,3bafefb5-9460-432f-b5bd-3dfc76c11e6c,4,4,file,lib/bap_primus/bap_primus_lisp_context.mli,,,,26200
max,3,maintainability_index_comment_percentage,Maintainability Index Comment Percentage,a81fc79f-6ea8-409c-8690-f034ab9400d8,BinaryAnalysisPlatform__bap (sample analysis: 10 samples),Ocaml,3bafefb5-9460-432f-b5bd-3dfc76c11e6c,4,4,file,lib/bare/bare.mli,,,,21800
max,4,maintainability_index_comment_percentage,Maintainability Index Comment Percentage,a81fc79f-6ea8-409c-8690-f034ab9400d8,BinaryAnalysisPlatform__bap (sample analysis: 10 samples),Ocaml,3bafefb5-9460-432f-b5bd-3dfc76c11e6c,4,4,file,lib/text_tags/text_tags.mli,,,,13900
max,5,maintainability_index_comment_percentage,Maintainability Index Comment Percentage,a81fc79f-6ea8-409c-8690-f034ab9400d8,BinaryAnalysisPlatform__bap (sample analysis: 10 samples),Ocaml,3bafefb5-9460-432f-b5bd-3dfc76c11e6c,4,4,file,lib/bap_language/bap_language.mli,,,,10300
min,1,total_halstead_unique_operators,Total Halstead Unique Operators/File,a81fc79f-6ea8-409c-8690-f034ab9400d8,BinaryAnalysisPlatform__bap (sample analysis: 10 samples),Ocaml,3bafefb5-9460-432f-b5bd-3dfc76c11e6c,4,4,file,lib/arm/arm_env.ml,,,,0
min,2,total_halstead_unique_operators,Total Halstead Unique Operators/File,a81fc79f-6ea8-409c-8690-f034ab9400d8,BinaryAnalysisPlatform__bap (sample analysis: 10 samples),Ocaml,3bafefb5-9460-432f-b5bd-3dfc76c11e6c,4,4,file,lib/arm/arm_lifter.ml,,,,0
min,3,total_halstead_unique_operators,Total Halstead Unique Operators/File,a81fc79f-6ea8-409c-8690-f034ab9400d8,BinaryAnalysisPlatform__bap (sample analysis: 10 samples),Ocaml,3bafefb5-9460-432f-b5bd-3dfc76c11e6c,4,4,file,lib/bap/bap_load_plugins.mli,,,,0
min,4,total_halstead_unique_operators,Total Halstead Unique Operators/File,a81fc79f-6ea8-409c-8690-f034ab9400d8,BinaryAnalysisPlatform__bap (sample analysis: 10 samples),Ocaml,3bafefb5-9460-432f-b5bd-3dfc76c11e6c,4,4,file,lib/bap_api/bap_api_attr.ml,,,,0
min,5,total_halstead_unique_operators,Total Halstead Unique Operators/File,a81fc79f-6ea8-409c-8690-f034ab9400d8,BinaryAnalysisPlatform__bap (sample analysis: 10 samples),Ocaml,3bafefb5-9460-432f-b5bd-3dfc76c11e6c,4,4,file,lib/bap_api/bap_api_attr.mli,,,,0
max,1,total_halstead_unique_operators,Total Halstead Unique Operators/File,729d4ded-b025-47be-ae9b-ed0561b8f9e6,bcpierce00__unison (sample analysis: 10 samples),Ocaml,46a965ea-d469-428d-9ee7-2c79b463b087,4,4,file,src/uigtk2.ml,,,,74
max,2,total_halstead_unique_operators,Total Halstead Unique Operators/File,729d4ded-b025-47be-ae9b-ed0561b8f9e6,bcpierce00__unison (sample analysis: 10 samples),Ocaml,46a965ea-d469-428d-9ee7-2c79b463b087,4,4,file,src/uigtk.ml,,,,65
max,3,total_halstead_unique_operators,Total Halstead Unique Operators/File,e9d92337-e257-41dd-9d58-bc6f84121654,astrada__google-drive-ocamlfuse (sample analysis: 10 samples),Ocaml,f18b7906-9dcd-4c09-a157-784056f756f3,4,4,file,setup.ml,,,,65
max,4,total_halstead_unique_operators,Total Halstead Unique Operators/File,a81fc79f-6ea8-409c-8690-f034ab9400d8,BinaryAnalysisPlatform__bap (sample analysis: 10 samples),Ocaml,3bafefb5-9460-432f-b5bd-3dfc76c11e6c,4,4,file,lib/bap_types/bap_helpers.ml,,,,62
max,5,total_halstead_unique_operators,Total Halstead Unique Operators/File,a81fc79f-6ea8-409c-8690-f034ab9400d8,BinaryAnalysisPlatform__bap (sample analysis: 10 samples),Ocaml,3bafefb5-9460-432f-b5bd-3dfc76c11e6c,4,4,file,plugins/mips/mips_rtl.ml,,,,60
min,1,total_halstead_unique_operands,Total Halstead Unique Operands/File,a81fc79f-6ea8-409c-8690-f034ab9400d8,BinaryAnalysisPlatform__bap (sample analysis: 10 samples),Ocaml,3bafefb5-9460-432f-b5bd-3dfc76c11e6c,4,4,file,lib/arm/arm_env.ml,,,,0
min,2,total_halstead_unique_operands,Total Halstead Unique Operands/File,a81fc79f-6ea8-409c-8690-f034ab9400d8,BinaryAnalysisPlatform__bap (sample analysis: 10 samples),Ocaml,3bafefb5-9460-432f-b5bd-3dfc76c11e6c,4,4,file,lib/arm/arm_lifter.ml,,,,0
min,3,total_halstead_unique_operands,Total Halstead Unique Operands/File,a81fc79f-6ea8-409c-8690-f034ab9400d8,BinaryAnalysisPlatform__bap (sample analysis: 10 samples),Ocaml,3bafefb5-9460-432f-b5bd-3dfc76c11e6c,4,4,file,lib/bap/bap_load_plugins.mli,,,,0
min,4,total_halstead_unique_operands,Total Halstead Unique Operands/File,a81fc79f-6ea8-409c-8690-f034ab9400d8,BinaryAnalysisPlatform__bap (sample analysis: 10 samples),Ocaml,3bafefb5-9460-432f-b5bd-3dfc76c11e6c,4,4,file,lib/bap_api/bap_api_attr.ml,,,,0
min,5,total_halstead_unique_operands,Total Halstead Unique Operands/File,a81fc79f-6ea8-409c-8690-f034ab9400d8,BinaryAnalysisPlatform__bap (sample analysis: 10 samples),Ocaml,3bafefb5-9460-432f-b5bd-3dfc76c11e6c,4,4,file,lib/bap_api/bap_api_attr.mli,,,,0
max,1,total_halstead_unique_operands,Total Halstead Unique Operands/File,729d4ded-b025-47be-ae9b-ed0561b8f9e6,bcpierce00__unison (sample analysis: 10 samples),Ocaml,46a965ea-d469-428d-9ee7-2c79b463b087,4,4,file,unicode_utils/unicode_build.ml,,,,4514
max,2,total_halstead_unique_operands,Total Halstead Unique Operands/File,729d4ded-b025-47be-ae9b-ed0561b8f9e6,bcpierce00__unison (sample analysis: 10 samples),Ocaml,46a965ea-d469-428d-9ee7-2c79b463b087,4,4,file,src/uigtk2.ml,,,,1945
max,3,total_halstead_unique_operands,Total Halstead Unique Operands/File,e9d92337-e257-41dd-9d58-bc6f84121654,astrada__google-drive-ocamlfuse (sample analysis: 10 samples),Ocaml,f18b7906-9dcd-4c09-a157-784056f756f3,4,4,file,src/mime.ml,,,,1764
max,4,total_halstead_unique_operands,Total Halstead Unique Operands/File,e9d92337-e257-41dd-9d58-bc6f84121654,astrada__google-drive-ocamlfuse (sample analysis: 10 samples),Ocaml,f18b7906-9dcd-4c09-a157-784056f756f3,4,4,file,setup.ml,,,,1691
max,5,total_halstead_unique_operands,Total Halstead Unique Operands/File,729d4ded-b025-47be-ae9b-ed0561b8f9e6,bcpierce00__unison (sample analysis: 10 samples),Ocaml,46a965ea-d469-428d-9ee7-2c79b463b087,4,4,file,src/unicode.ml,,,,1553
min,1,total_halstead_operators,Total Halstead Operators/File,a81fc79f-6ea8-409c-8690-f034ab9400d8,BinaryAnalysisPlatform__bap (sample analysis: 10 samples),Ocaml,3bafefb5-9460-432f-b5bd-3dfc76c11e6c,4,4,file,lib/arm/arm_env.ml,,,,0
min,2,total_halstead_operators,Total Halstead Operators/File,a81fc79f-6ea8-409c-8690-f034ab9400d8,BinaryAnalysisPlatform__bap (sample analysis: 10 samples),Ocaml,3bafefb5-9460-432f-b5bd-3dfc76c11e6c,4,4,file,lib/arm/arm_lifter.ml,,,,0
min,3,total_halstead_operators,Total Halstead Operators/File,a81fc79f-6ea8-409c-8690-f034ab9400d8,BinaryAnalysisPlatform__bap (sample analysis: 10 samples),Ocaml,3bafefb5-9460-432f-b5bd-3dfc76c11e6c,4,4,file,lib/bap/bap_load_plugins.mli,,,,0
min,4,total_halstead_operators,Total Halstead Operators/File,a81fc79f-6ea8-409c-8690-f034ab9400d8,BinaryAnalysisPlatform__bap (sample analysis: 10 samples),Ocaml,3bafefb5-9460-432f-b5bd-3dfc76c11e6c,4,4,file,lib/bap_api/bap_api_attr.ml,,,,0
min,5,total_halstead_operators,Total Halstead Operators/File,a81fc79f-6ea8-409c-8690-f034ab9400d8,BinaryAnalysisPlatform__bap (sample analysis: 10 samples),Ocaml,3bafefb5-9460-432f-b5bd-3dfc76c11e6c,4,4,file,lib/bap_api/bap_api_attr.mli,,,,0
max,1,total_halstead_operators,Total Halstead Operators/File,e9d92337-e257-41dd-9d58-bc6f84121654,astrada__google-drive-ocamlfuse (sample analysis: 10 samples),Ocaml,f18b7906-9dcd-4c09-a157-784056f756f3,4,4,file,setup.ml,,,,6690
max,2,total_halstead_operators,Total Halstead Operators/File,729d4ded-b025-47be-ae9b-ed0561b8f9e6,bcpierce00__unison (sample analysis: 10 samples),Ocaml,46a965ea-d469-428d-9ee7-2c79b463b087,4,4,file,src/uigtk2.ml,,,,6305
max,3,total_halstead_operators,Total Halstead Operators/File,a81fc79f-6ea8-409c-8690-f034ab9400d8,BinaryAnalysisPlatform__bap (sample analysis: 10 samples),Ocaml,3bafefb5-9460-432f-b5bd-3dfc76c11e6c,4,4,file,lib/bap/bap.mli,,,,5435
max,4,total_halstead_operators,Total Halstead Operators/File,e749ce64-7ffd-4d8c-a44a-47ef93013510,airbus-seclab__bincat (sample analysis: 10 samples),Ocaml,e8be65c6-7d48-47e0-b835-ccf1d93b9959,4,4,file,ocaml/src/disassembly/x86.ml,,,,4129
max,5,total_halstead_operators,Total Halstead Operators/File,729d4ded-b025-47be-ae9b-ed0561b8f9e6,bcpierce00__unison (sample analysis: 10 samples),Ocaml,46a965ea-d469-428d-9ee7-2c79b463b087,4,4,file,src/uigtk.ml,,,,3187
min,1,total_halstead_operands,Total Halstead Operands/File,a81fc79f-6ea8-409c-8690-f034ab9400d8,BinaryAnalysisPlatform__bap (sample analysis: 10 samples),Ocaml,3bafefb5-9460-432f-b5bd-3dfc76c11e6c,4,4,file,lib/arm/arm_env.ml,,,,0
min,2,total_halstead_operands,Total Halstead Operands/File,a81fc79f-6ea8-409c-8690-f034ab9400d8,BinaryAnalysisPlatform__bap (sample analysis: 10 samples),Ocaml,3bafefb5-9460-432f-b5bd-3dfc76c11e6c,4,4,file,lib/arm/arm_lifter.ml,,,,0
min,3,total_halstead_operands,Total Halstead Operands/File,a81fc79f-6ea8-409c-8690-f034ab9400d8,BinaryAnalysisPlatform__bap (sample analysis: 10 samples),Ocaml,3bafefb5-9460-432f-b5bd-3dfc76c11e6c,4,4,file,lib/bap/bap_load_plugins.mli,,,,0
min,4,total_halstead_operands,Total Halstead Operands/File,a81fc79f-6ea8-409c-8690-f034ab9400d8,BinaryAnalysisPlatform__bap (sample analysis: 10 samples),Ocaml,3bafefb5-9460-432f-b5bd-3dfc76c11e6c,4,4,file,lib/bap_api/bap_api_attr.ml,,,,0
min,5,total_halstead_operands,Total Halstead Operands/File,a81fc79f-6ea8-409c-8690-f034ab9400d8,BinaryAnalysisPlatform__bap (sample analysis: 10 samples),Ocaml,3bafefb5-9460-432f-b5bd-3dfc76c11e6c,4,4,file,lib/bap_api/bap_api_attr.mli,,,,0
max,1,total_halstead_operands,Total Halstead Operands/File,e9d92337-e257-41dd-9d58-bc6f84121654,astrada__google-drive-ocamlfuse (sample analysis: 10 samples),Ocaml,f18b7906-9dcd-4c09-a157-784056f756f3,4,4,file,setup.ml,,,,12339
max,2,total_halstead_operands,Total Halstead Operands/File,729d4ded-b025-47be-ae9b-ed0561b8f9e6,bcpierce00__unison (sample analysis: 10 samples),Ocaml,46a965ea-d469-428d-9ee7-2c79b463b087,4,4,file,unicode_utils/unicode_build.ml,,,,11918
max,3,total_halstead_operands,Total Halstead Operands/File,729d4ded-b025-47be-ae9b-ed0561b8f9e6,bcpierce00__unison (sample analysis: 10 samples),Ocaml,46a965ea-d469-428d-9ee7-2c79b463b087,4,4,file,src/uigtk2.ml,,,,11799
max,4,total_halstead_operands,Total Halstead Operands/File,e749ce64-7ffd-4d8c-a44a-47ef93013510,airbus-seclab__bincat (sample analysis: 10 samples),Ocaml,e8be65c6-7d48-47e0-b835-ccf1d93b9959,4,4,file,ocaml/src/disassembly/x86.ml,,,,10739
max,5,total_halstead_operands,Total Halstead Operands/File,a81fc79f-6ea8-409c-8690-f034ab9400d8,BinaryAnalysisPlatform__bap (sample analysis: 10 samples),Ocaml,3bafefb5-9460-432f-b5bd-3dfc76c11e6c,4,4,file,lib/bap/bap.mli,,,,8898
min,1,total_halstead_length,Total Halstead Length/File,a81fc79f-6ea8-409c-8690-f034ab9400d8,BinaryAnalysisPlatform__bap (sample analysis: 10 samples),Ocaml,3bafefb5-9460-432f-b5bd-3dfc76c11e6c,4,4,file,lib/arm/arm_env.ml,,,,0
min,2,total_halstead_length,Total Halstead Length/File,a81fc79f-6ea8-409c-8690-f034ab9400d8,BinaryAnalysisPlatform__bap (sample analysis: 10 samples),Ocaml,3bafefb5-9460-432f-b5bd-3dfc76c11e6c,4,4,file,lib/arm/arm_lifter.ml,,,,0
min,3,total_halstead_length,Total Halstead Length/File,a81fc79f-6ea8-409c-8690-f034ab9400d8,BinaryAnalysisPlatform__bap (sample analysis: 10 samples),Ocaml,3bafefb5-9460-432f-b5bd-3dfc76c11e6c,4,4,file,lib/bap/bap_load_plugins.mli,,,,0
min,4,total_halstead_length,Total Halstead Length/File,a81fc79f-6ea8-409c-8690-f034ab9400d8,BinaryAnalysisPlatform__bap (sample analysis: 10 samples),Ocaml,3bafefb5-9460-432f-b5bd-3dfc76c11e6c,4,4,file,lib/bap_api/bap_api_attr.ml,,,,0
min,5,total_halstead_length,Total Halstead Length/File,a81fc79f-6ea8-409c-8690-f034ab9400d8,BinaryAnalysisPlatform__bap (sample analysis: 10 samples),Ocaml,3bafefb5-9460-432f-b5bd-3dfc76c11e6c,4,4,file,lib/bap_api/bap_api_attr.mli,,,,0
max,1,total_halstead_length,Total Halstead Length/File,e9d92337-e257-41dd-9d58-bc6f84121654,astrada__google-drive-ocamlfuse (sample analysis: 10 samples),Ocaml,f18b7906-9dcd-4c09-a157-784056f756f3,4,4,file,setup.ml,,,,19029
max,2,total_halstead_length,Total Halstead Length/File,729d4ded-b025-47be-ae9b-ed0561b8f9e6,bcpierce00__unison (sample analysis: 10 samples),Ocaml,46a965ea-d469-428d-9ee7-2c79b463b087,4,4,file,src/uigtk2.ml,,,,18104
max,3,total_halstead_length,Total Halstead Length/File,e749ce64-7ffd-4d8c-a44a-47ef93013510,airbus-seclab__bincat (sample analysis: 10 samples),Ocaml,e8be65c6-7d48-47e0-b835-ccf1d93b9959,4,4,file,ocaml/src/disassembly/x86.ml,,,,14868
max,4,total_halstead_length,Total Halstead Length/File,a81fc79f-6ea8-409c-8690-f034ab9400d8,BinaryAnalysisPlatform__bap (sample analysis: 10 samples),Ocaml,3bafefb5-9460-432f-b5bd-3dfc76c11e6c,4,4,file,lib/bap/bap.mli,,,,14333
max,5,total_halstead_length,Total Halstead Length/File,729d4ded-b025-47be-ae9b-ed0561b8f9e6,bcpierce00__unison (sample analysis: 10 samples),Ocaml,46a965ea-d469-428d-9ee7-2c79b463b087,4,4,file,unicode_utils/unicode_build.ml,,,,12839
min,1,total_halstead_vocabulary,Total Halstead Vocabulary/File,a81fc79f-6ea8-409c-8690-f034ab9400d8,BinaryAnalysisPlatform__bap (sample analysis: 10 samples),Ocaml,3bafefb5-9460-432f-b5bd-3dfc76c11e6c,4,4,file,lib/arm/arm_env.ml,,,,0
min,2,total_halstead_vocabulary,Total Halstead Vocabulary/File,a81fc79f-6ea8-409c-8690-f034ab9400d8,BinaryAnalysisPlatform__bap (sample analysis: 10 samples),Ocaml,3bafefb5-9460-432f-b5bd-3dfc76c11e6c,4,4,file,lib/arm/arm_lifter.ml,,,,0
min,3,total_halstead_vocabulary,Total Halstead Vocabulary/File,a81fc79f-6ea8-409c-8690-f034ab9400d8,BinaryAnalysisPlatform__bap (sample analysis: 10 samples),Ocaml,3bafefb5-9460-432f-b5bd-3dfc76c11e6c,4,4,file,lib/bap/bap_load_plugins.mli,,,,0
min,4,total_halstead_vocabulary,Total Halstead Vocabulary/File,a81fc79f-6ea8-409c-8690-f034ab9400d8,BinaryAnalysisPlatform__bap (sample analysis: 10 samples),Ocaml,3bafefb5-9460-432f-b5bd-3dfc76c11e6c,4,4,file,lib/bap_api/bap_api_attr.ml,,,,0
min,5,total_halstead_vocabulary,Total Halstead Vocabulary/File,a81fc79f-6ea8-409c-8690-f034ab9400d8,BinaryAnalysisPlatform__bap (sample analysis: 10 samples),Ocaml,3bafefb5-9460-432f-b5bd-3dfc76c11e6c,4,4,file,lib/bap_api/bap_api_attr.mli,,,,0
max,1,total_halstead_vocabulary,Total Halstead Vocabulary/File,729d4ded-b025-47be-ae9b-ed0561b8f9e6,bcpierce00__unison (sample analysis: 10 samples),Ocaml,46a965ea-d469-428d-9ee7-2c79b463b087,4,4,file,unicode_utils/unicode_build.ml,,,,4564
max,2,total_halstead_vocabulary,Total Halstead Vocabulary/File,729d4ded-b025-47be-ae9b-ed0561b8f9e6,bcpierce00__unison (sample analysis: 10 samples),Ocaml,46a965ea-d469-428d-9ee7-2c79b463b087,4,4,file,src/uigtk2.ml,,,,2019
max,3,total_halstead_vocabulary,Total Halstead Vocabulary/File,e9d92337-e257-41dd-9d58-bc6f84121654,astrada__google-drive-ocamlfuse (sample analysis: 10 samples),Ocaml,f18b7906-9dcd-4c09-a157-784056f756f3,4,4,file,src/mime.ml,,,,1774
max,4,total_halstead_vocabulary,Total Halstead Vocabulary/File,e9d92337-e257-41dd-9d58-bc6f84121654,astrada__google-drive-ocamlfuse (sample analysis: 10 samples),Ocaml,f18b7906-9dcd-4c09-a157-784056f756f3,4,4,file,setup.ml,,,,1756
max,5,total_halstead_vocabulary,Total Halstead Vocabulary/File,729d4ded-b025-47be-ae9b-ed0561b8f9e6,bcpierce00__unison (sample analysis: 10 samples),Ocaml,46a965ea-d469-428d-9ee7-2c79b463b087,4,4,file,src/unicode.ml,,,,1587
min,1,total_halstead_calculated_length,Total Halstead Calculated Length/File,069ad96b-3762-4b18-b863-c8f40f8d0442,AlistGo__alist (sample analysis: 10 samples),Golang,c9009897-fb00-4444-ab78-d1806d44d7ad,4,4,file,drivers/alias/types.go,,,,0
min,2,total_halstead_calculated_length,Total Halstead Calculated Length/File,069ad96b-3762-4b18-b863-c8f40f8d0442,AlistGo__alist (sample analysis: 10 samples),Golang,c9009897-fb00-4444-ab78-d1806d44d7ad,4,4,file,drivers/alist_v2/util.go,,,,0
min,3,total_halstead_calculated_length,Total Halstead Calculated Length/File,069ad96b-3762-4b18-b863-c8f40f8d0442,AlistGo__alist (sample analysis: 10 samples),Golang,c9009897-fb00-4444-ab78-d1806d44d7ad,4,4,file,drivers/baidu_share/types.go,,,,0
min,4,total_halstead_calculated_length,Total Halstead Calculated Length/File,069ad96b-3762-4b18-b863-c8f40f8d0442,AlistGo__alist (sample analysis: 10 samples),Golang,c9009897-fb00-4444-ab78-d1806d44d7ad,4,4,file,drivers/baidu_share/util.go,,,,0
min,5,total_halstead_calculated_length,Total Halstead Calculated Length/File,069ad96b-3762-4b18-b863-c8f40f8d0442,AlistGo__alist (sample analysis: 10 samples),Golang,c9009897-fb00-4444-ab78-d1806d44d7ad,4,4,file,drivers/ftp/types.go,,,,0
max,1,total_halstead_calculated_length,Total Halstead Calculated Length/File,729d4ded-b025-47be-ae9b-ed0561b8f9e6,bcpierce00__unison (sample analysis: 10 samples),Ocaml,46a965ea-d469-428d-9ee7-2c79b463b087,4,4,file,unicode_utils/unicode_build.ml,,,,55083.01364369668
max,2,total_halstead_calculated_length,Total Halstead Calculated Length/File,729d4ded-b025-47be-ae9b-ed0561b8f9e6,bcpierce00__unison (sample analysis: 10 samples),Ocaml,46a965ea-d469-428d-9ee7-2c79b463b087,4,4,file,src/uigtk2.ml,,,,21709.702934610606
max,3,total_halstead_calculated_length,Total Halstead Calculated Length/File,e9d92337-e257-41dd-9d58-bc6f84121654,astrada__google-drive-ocamlfuse (sample analysis: 10 samples),Ocaml,f18b7906-9dcd-4c09-a157-784056f756f3,4,4,file,src/mime.ml,,,,19057.31514851234
max,4,total_halstead_calculated_length,Total Halstead Calculated Length/File,e9d92337-e257-41dd-9d58-bc6f84121654,astrada__google-drive-ocamlfuse (sample analysis: 10 samples),Ocaml,f18b7906-9dcd-4c09-a157-784056f756f3,4,4,file,setup.ml,,,,18525.16456484413
max,5,total_halstead_calculated_length,Total Halstead Calculated Length/File,729d4ded-b025-47be-ae9b-ed0561b8f9e6,bcpierce00__unison (sample analysis: 10 samples),Ocaml,46a965ea-d469-428d-9ee7-2c79b463b087,4,4,file,src/unicode.ml,,,,16636.081540245992
min,1,total_halstead_volume,Total Halstead Volume/File,a81fc79f-6ea8-409c-8690-f034ab9400d8,BinaryAnalysisPlatform__bap (sample analysis: 10 samples),Ocaml,3bafefb5-9460-432f-b5bd-3dfc76c11e6c,4,4,file,lib/arm/arm_env.ml,,,,0
min,2,total_halstead_volume,Total Halstead Volume/File,a81fc79f-6ea8-409c-8690-f034ab9400d8,BinaryAnalysisPlatform__bap (sample analysis: 10 samples),Ocaml,3bafefb5-9460-432f-b5bd-3dfc76c11e6c,4,4,file,lib/arm/arm_lifter.ml,,,,0
min,3,total_halstead_volume,Total Halstead Volume/File,a81fc79f-6ea8-409c-8690-f034ab9400d8,BinaryAnalysisPlatform__bap (sample analysis: 10 samples),Ocaml,3bafefb5-9460-432f-b5bd-3dfc76c11e6c,4,4,file,lib/bap/bap_load_plugins.mli,,,,0
min,4,total_halstead_volume,Total Halstead Volume/File,a81fc79f-6ea8-409c-8690-f034ab9400d8,BinaryAnalysisPlatform__bap (sample analysis: 10 samples),Ocaml,3bafefb5-9460-432f-b5bd-3dfc76c11e6c,4,4,file,lib/bap_api/bap_api_attr.ml,,,,0
min,5,total_halstead_volume,Total Halstead Volume/File,a81fc79f-6ea8-409c-8690-f034ab9400d8,BinaryAnalysisPlatform__bap (sample analysis: 10 samples),Ocaml,3bafefb5-9460-432f-b5bd-3dfc76c11e6c,4,4,file,lib/bap_api/bap_api_attr.mli,,,,0
max,1,total_halstead_volume,Total Halstead Volume/File,e9d92337-e257-41dd-9d58-bc6f84121654,astrada__google-drive-ocamlfuse (sample analysis: 10 samples),Ocaml,f18b7906-9dcd-4c09-a157-784056f756f3,4,4,file,setup.ml,,,,205096.02969792832
max,2,total_halstead_volume,Total Halstead Volume/File,729d4ded-b025-47be-ae9b-ed0561b8f9e6,bcpierce00__unison (sample analysis: 10 samples),Ocaml,46a965ea-d469-428d-9ee7-2c79b463b087,4,4,file,src/uigtk2.ml,,,,198771.513736281
max,3,total_halstead_volume,Total Halstead Volume/File,729d4ded-b025-47be-ae9b-ed0561b8f9e6,bcpierce00__unison (sample analysis: 10 samples),Ocaml,46a965ea-d469-428d-9ee7-2c79b463b087,4,4,file,unicode_utils/unicode_build.ml,,,,156071.95061647036
max,4,total_halstead_volume,Total Halstead Volume/File,e749ce64-7ffd-4d8c-a44a-47ef93013510,airbus-seclab__bincat (sample analysis: 10 samples),Ocaml,e8be65c6-7d48-47e0-b835-ccf1d93b9959,4,4,file,ocaml/src/disassembly/x86.ml,,,,150098.36293487975
max,5,total_halstead_volume,Total Halstead Volume/File,a81fc79f-6ea8-409c-8690-f034ab9400d8,BinaryAnalysisPlatform__bap (sample analysis: 10 samples),Ocaml,3bafefb5-9460-432f-b5bd-3dfc76c11e6c,4,4,file,lib/bap/bap.mli,,,,148658.67464329547
min,1,total_halstead_difficulty,Total Halstead Difficulty/File,a81fc79f-6ea8-409c-8690-f034ab9400d8,BinaryAnalysisPlatform__bap (sample analysis: 10 samples),Ocaml,3bafefb5-9460-432f-b5bd-3dfc76c11e6c,4,4,file,lib/arm/arm_env.ml,,,,0
min,2,total_halstead_difficulty,Total Halstead Difficulty/File,a81fc79f-6ea8-409c-8690-f034ab9400d8,BinaryAnalysisPlatform__bap (sample analysis: 10 samples),Ocaml,3bafefb5-9460-432f-b5bd-3dfc76c11e6c,4,4,file,lib/arm/arm_lifter.ml,,,,0
min,3,total_halstead_difficulty,Total Halstead Difficulty/File,a81fc79f-6ea8-409c-8690-f034ab9400d8,BinaryAnalysisPlatform__bap (sample analysis: 10 samples),Ocaml,3bafefb5-9460-432f-b5bd-3dfc76c11e6c,4,4,file,lib/bap/bap_load_plugins.mli,,,,0
min,4,total_halstead_difficulty,Total Halstead Difficulty/File,a81fc79f-6ea8-409c-8690-f034ab9400d8,BinaryAnalysisPlatform__bap (sample analysis: 10 samples),Ocaml,3bafefb5-9460-432f-b5bd-3dfc76c11e6c,4,4,file,lib/bap_api/bap_api_attr.ml,,,,0
min,5,total_halstead_difficulty,Total Halstead Difficulty/File,a81fc79f-6ea8-409c-8690-f034ab9400d8,BinaryAnalysisPlatform__bap (sample analysis: 10 samples),Ocaml,3bafefb5-9460-432f-b5bd-3dfc76c11e6c,4,4,file,lib/bap_api/bap_api_attr.mli,,,,0
max,1,total_halstead_difficulty,Total Halstead Difficulty/File,a81fc79f-6ea8-409c-8690-f034ab9400d8,BinaryAnalysisPlatform__bap (sample analysis: 10 samples),Ocaml,3bafefb5-9460-432f-b5bd-3dfc76c11e6c,4,4,file,lib/monads/monads_monad.ml,,,,446.69366197183103
max,2,total_halstead_difficulty,Total Halstead Difficulty/File,a81fc79f-6ea8-409c-8690-f034ab9400d8,BinaryAnalysisPlatform__bap (sample analysis: 10 samples),Ocaml,3bafefb5-9460-432f-b5bd-3dfc76c11e6c,4,4,file,lib/graphlib/graphlib_graph.ml,,,,263.536717062635
max,3,total_halstead_difficulty,Total Halstead Difficulty/File,e749ce64-7ffd-4d8c-a44a-47ef93013510,airbus-seclab__bincat (sample analysis: 10 samples),Ocaml,e8be65c6-7d48-47e0-b835-ccf1d93b9959,4,4,file,ocaml/src/disassembly/x86.ml,,,,262.55465004793865
max,4,total_halstead_difficulty,Total Halstead Difficulty/File,a81fc79f-6ea8-409c-8690-f034ab9400d8,BinaryAnalysisPlatform__bap (sample analysis: 10 samples),Ocaml,3bafefb5-9460-432f-b5bd-3dfc76c11e6c,4,4,file,lib/bap_types/bap_helpers.ml,,,,257.7349665924276
max,5,total_halstead_difficulty,Total Halstead Difficulty/File,a81fc79f-6ea8-409c-8690-f034ab9400d8,BinaryAnalysisPlatform__bap (sample analysis: 10 samples),Ocaml,3bafefb5-9460-432f-b5bd-3dfc76c11e6c,4,4,file,lib/monads/monads.mli,,,,256.2857142857143
min,1,total_halstead_effort,Total Halstead Effort/File,a81fc79f-6ea8-409c-8690-f034ab9400d8,BinaryAnalysisPlatform__bap (sample analysis: 10 samples),Ocaml,3bafefb5-9460-432f-b5bd-3dfc76c11e6c,4,4,file,lib/arm/arm_env.ml,,,,0
min,2,total_halstead_effort,Total Halstead Effort/File,a81fc79f-6ea8-409c-8690-f034ab9400d8,BinaryAnalysisPlatform__bap (sample analysis: 10 samples),Ocaml,3bafefb5-9460-432f-b5bd-3dfc76c11e6c,4,4,file,lib/arm/arm_lifter.ml,,,,0
min,3,total_halstead_effort,Total Halstead Effort/File,a81fc79f-6ea8-409c-8690-f034ab9400d8,BinaryAnalysisPlatform__bap (sample analysis: 10 samples),Ocaml,3bafefb5-9460-432f-b5bd-3dfc76c11e6c,4,4,file,lib/bap/bap_load_plugins.mli,,,,0
min,4,total_halstead_effort,Total Halstead Effort/File,a81fc79f-6ea8-409c-8690-f034ab9400d8,BinaryAnalysisPlatform__bap (sample analysis: 10 samples),Ocaml,3bafefb5-9460-432f-b5bd-3dfc76c11e6c,4,4,file,lib/bap_api/bap_api_attr.ml,,,,0
min,5,total_halstead_effort,Total Halstead Effort/File,a81fc79f-6ea8-409c-8690-f034ab9400d8,BinaryAnalysisPlatform__bap (sample analysis: 10 samples),Ocaml,3bafefb5-9460-432f-b5bd-3dfc76c11e6c,4,4,file,lib/bap_api/bap_api_attr.mli,,,,0
max,1,total_halstead_effort,Total Halstead Effort/File,e9d92337-e257-41dd-9d58-bc6f84121654,astrada__google-drive-ocamlfuse (sample analysis: 10 samples),Ocaml,f18b7906-9dcd-4c09-a157-784056f756f3,4,4,file,setup.ml,,,,48638141.38934889
max,2,total_halstead_effort,Total Halstead Effort/File,729d4ded-b025-47be-ae9b-ed0561b8f9e6,bcpierce00__unison (sample analysis: 10 samples),Ocaml,46a965ea-d469-428d-9ee7-2c79b463b087,4,4,file,src/uigtk2.ml,,,,44615058.278278686
max,3,total_halstead_effort,Total Halstead Effort/File,e749ce64-7ffd-4d8c-a44a-47ef93013510,airbus-seclab__bincat (sample analysis: 10 samples),Ocaml,e8be65c6-7d48-47e0-b835-ccf1d93b9959,4,4,file,ocaml/src/disassembly/x86.ml,,,,39409023.15313584
max,4,total_halstead_effort,Total Halstead Effort/File,a81fc79f-6ea8-409c-8690-f034ab9400d8,BinaryAnalysisPlatform__bap (sample analysis: 10 samples),Ocaml,3bafefb5-9460-432f-b5bd-3dfc76c11e6c,4,4,file,lib/monads/monads_monad.ml,,,,30921048.631921664
max,5,total_halstead_effort,Total Halstead Effort/File,a81fc79f-6ea8-409c-8690-f034ab9400d8,BinaryAnalysisPlatform__bap (sample analysis: 10 samples),Ocaml,3bafefb5-9460-432f-b5bd-3dfc76c11e6c,4,4,file,lib/bap/bap.mli,,,,29186301.68268653
min,1,total_halstead_time_seconds,Total Halstead Time Seconds/File,a81fc79f-6ea8-409c-8690-f034ab9400d8,BinaryAnalysisPlatform__bap (sample analysis: 10 samples),Ocaml,3bafefb5-9460-432f-b5bd-3dfc76c11e6c,4,4,file,lib/arm/arm_env.ml,,,,0
min,2,total_halstead_time_seconds,Total Halstead Time Seconds/File,a81fc79f-6ea8-409c-8690-f034ab9400d8,BinaryAnalysisPlatform__bap (sample analysis: 10 samples),Ocaml,3bafefb5-9460-432f-b5bd-3dfc76c11e6c,4,4,file,lib/arm/arm_lifter.ml,,,,0
min,3,total_halstead_time_seconds,Total Halstead Time Seconds/File,a81fc79f-6ea8-409c-8690-f034ab9400d8,BinaryAnalysisPlatform__bap (sample analysis: 10 samples),Ocaml,3bafefb5-9460-432f-b5bd-3dfc76c11e6c,4,4,file,lib/bap/bap_load_plugins.mli,,,,0
min,4,total_halstead_time_seconds,Total Halstead Time Seconds/File,a81fc79f-6ea8-409c-8690-f034ab9400d8,BinaryAnalysisPlatform__bap (sample analysis: 10 samples),Ocaml,3bafefb5-9460-432f-b5bd-3dfc76c11e6c,4,4,file,lib/bap_api/bap_api_attr.ml,,,,0
min,5,total_halstead_time_seconds,Total Halstead Time Seconds/File,a81fc79f-6ea8-409c-8690-f034ab9400d8,BinaryAnalysisPlatform__bap (sample analysis: 10 samples),Ocaml,3bafefb5-9460-432f-b5bd-3dfc76c11e6c,4,4,file,lib/bap_api/bap_api_attr.mli,,,,0
max,1,total_halstead_time_seconds,Total Halstead Time Seconds/File,e9d92337-e257-41dd-9d58-bc6f84121654,astrada__google-drive-ocamlfuse (sample analysis: 10 samples),Ocaml,f18b7906-9dcd-4c09-a157-784056f756f3,4,4,file,setup.ml,,,,2702118.966074938
max,2,total_halstead_time_seconds,Total Halstead Time Seconds/File,729d4ded-b025-47be-ae9b-ed0561b8f9e6,bcpierce00__unison (sample analysis: 10 samples),Ocaml,46a965ea-d469-428d-9ee7-2c79b463b087,4,4,file,src/uigtk2.ml,,,,2478614.3487932603
max,3,total_halstead_time_seconds,Total Halstead Time Seconds/File,e749ce64-7ffd-4d8c-a44a-47ef93013510,airbus-seclab__bincat (sample analysis: 10 samples),Ocaml,e8be65c6-7d48-47e0-b835-ccf1d93b9959,4,4,file,ocaml/src/disassembly/x86.ml,,,,2189390.1751742135
max,4,total_halstead_time_seconds,Total Halstead Time Seconds/File,a81fc79f-6ea8-409c-8690-f034ab9400d8,BinaryAnalysisPlatform__bap (sample analysis: 10 samples),Ocaml,3bafefb5-9460-432f-b5bd-3dfc76c11e6c,4,4,file,lib/monads/monads_monad.ml,,,,1717836.035106759
max,5,total_halstead_time_seconds,Total Halstead Time Seconds/File,a81fc79f-6ea8-409c-8690-f034ab9400d8,BinaryAnalysisPlatform__bap (sample analysis: 10 samples),Ocaml,3bafefb5-9460-432f-b5bd-3dfc76c11e6c,4,4,file,lib/bap/bap.mli,,,,1621461.2045936962
min,1,total_halstead_bugs,Total Halstead Bugs/File,a81fc79f-6ea8-409c-8690-f034ab9400d8,BinaryAnalysisPlatform__bap (sample analysis: 10 samples),Ocaml,3bafefb5-9460-432f-b5bd-3dfc76c11e6c,4,4,file,lib/arm/arm_env.ml,,,,0
min,2,total_halstead_bugs,Total Halstead Bugs/File,a81fc79f-6ea8-409c-8690-f034ab9400d8,BinaryAnalysisPlatform__bap (sample analysis: 10 samples),Ocaml,3bafefb5-9460-432f-b5bd-3dfc76c11e6c,4,4,file,lib/arm/arm_lifter.ml,,,,0
min,3,total_halstead_bugs,Total Halstead Bugs/File,a81fc79f-6ea8-409c-8690-f034ab9400d8,BinaryAnalysisPlatform__bap (sample analysis: 10 samples),Ocaml,3bafefb5-9460-432f-b5bd-3dfc76c11e6c,4,4,file,lib/bap/bap_load_plugins.mli,,,,0
min,4,total_halstead_bugs,Total Halstead Bugs/File,a81fc79f-6ea8-409c-8690-f034ab9400d8,BinaryAnalysisPlatform__bap (sample analysis: 10 samples),Ocaml,3bafefb5-9460-432f-b5bd-3dfc76c11e6c,4,4,file,lib/bap_api/bap_api_attr.ml,,,,0
min,5,total_halstead_bugs,Total Halstead Bugs/File,a81fc79f-6ea8-409c-8690-f034ab9400d8,BinaryAnalysisPlatform__bap (sample analysis: 10 samples),Ocaml,3bafefb5-9460-432f-b5bd-3dfc76c11e6c,4,4,file,lib/bap_api/bap_api_attr.mli,,,,0
max,1,total_halstead_bugs,Total Halstead Bugs/File,e9d92337-e257-41dd-9d58-bc6f84121654,astrada__google-drive-ocamlfuse (sample analysis: 10 samples),Ocaml,f18b7906-9dcd-4c09-a157-784056f756f3,4,4,file,setup.ml,,,,68.36534323264277
max,2,total_halstead_bugs,Total Halstead Bugs/File,729d4ded-b025-47be-ae9b-ed0561b8f9e6,bcpierce00__unison (sample analysis: 10 samples),Ocaml,46a965ea-d469-428d-9ee7-2c79b463b087,4,4,file,src/uigtk2.ml,,,,66.257171245427
max,3,total_halstead_bugs,Total Halstead Bugs/File,729d4ded-b025-47be-ae9b-ed0561b8f9e6,bcpierce00__unison (sample analysis: 10 samples),Ocaml,46a965ea-d469-428d-9ee7-2c79b463b087,4,4,file,unicode_utils/unicode_build.ml,,,,52.02398353882345
max,4,total_halstead_bugs,Total Halstead Bugs/File,e749ce64-7ffd-4d8c-a44a-47ef93013510,airbus-seclab__bincat (sample analysis: 10 samples),Ocaml,e8be65c6-7d48-47e0-b835-ccf1d93b9959,4,4,file,ocaml/src/disassembly/x86.ml,,,,50.03278764495992
max,5,total_halstead_bugs,Total Halstead Bugs/File,a81fc79f-6ea8-409c-8690-f034ab9400d8,BinaryAnalysisPlatform__bap (sample analysis: 10 samples),Ocaml,3bafefb5-9460-432f-b5bd-3dfc76c11e6c,4,4,file,lib/bap/bap.mli,,,,49.55289154776516
min,1,mean_outdegree_per_file,Mean Outdegree/File,069ad96b-3762-4b18-b863-c8f40f8d0442,AlistGo__alist (sample analysis: 10 samples),Golang,c9009897-fb00-4444-ab78-d1806d44d7ad,4,4,file,cmd/flags/config.go,,,,0
min,2,mean_outdegree_per_file,Mean Outdegree/File,069ad96b-3762-4b18-b863-c8f40f8d0442,AlistGo__alist (sample analysis: 10 samples),Golang,c9009897-fb00-4444-ab78-d1806d44d7ad,4,4,file,drivers/115/types.go,,,,0
min,3,mean_outdegree_per_file,Mean Outdegree/File,069ad96b-3762-4b18-b863-c8f40f8d0442,AlistGo__alist (sample analysis: 10 samples),Golang,c9009897-fb00-4444-ab78-d1806d44d7ad,4,4,file,drivers/139/types.go,,,,0
min,4,mean_outdegree_per_file,Mean Outdegree/File,069ad96b-3762-4b18-b863-c8f40f8d0442,AlistGo__alist (sample analysis: 10 samples),Golang,c9009897-fb00-4444-ab78-d1806d44d7ad,4,4,file,drivers/189/types.go,,,,0
min,5,mean_outdegree_per_file,Mean Outdegree/File,069ad96b-3762-4b18-b863-c8f40f8d0442,AlistGo__alist (sample analysis: 10 samples),Golang,c9009897-fb00-4444-ab78-d1806d44d7ad,4,4,file,drivers/alias/types.go,,,,0
max,1,mean_outdegree_per_file,Mean Outdegree/File,24cc32f1-80f1-40da-9ad5-e2285210d73d,router-for-me__CLIProxyAPI (sample analysis: 10 samples),Golang,b2df923c-1801-45d4-9a9d-1b12ebdbc0d4,4,4,file,internal/translator/claude/gemini/claude_gemini_request.go,,,,97
max,2,mean_outdegree_per_file,Mean Outdegree/File,24cc32f1-80f1-40da-9ad5-e2285210d73d,router-for-me__CLIProxyAPI (sample analysis: 10 samples),Golang,b2df923c-1801-45d4-9a9d-1b12ebdbc0d4,4,4,file,internal/translator/openai/gemini/openai_gemini_request.go,,,,78
max,3,mean_outdegree_per_file,Mean Outdegree/File,24cc32f1-80f1-40da-9ad5-e2285210d73d,router-for-me__CLIProxyAPI (sample analysis: 10 samples),Golang,b2df923c-1801-45d4-9a9d-1b12ebdbc0d4,4,4,file,internal/translator/gemini/openai/responses/gemini_openai-responses_request.go,,,,78
max,4,mean_outdegree_per_file,Mean Outdegree/File,24cc32f1-80f1-40da-9ad5-e2285210d73d,router-for-me__CLIProxyAPI (sample analysis: 10 samples),Golang,b2df923c-1801-45d4-9a9d-1b12ebdbc0d4,4,4,file,internal/translator/claude/openai/responses/claude_openai-responses_request.go,,,,77
max,5,mean_outdegree_per_file,Mean Outdegree/File,24cc32f1-80f1-40da-9ad5-e2285210d73d,router-for-me__CLIProxyAPI (sample analysis: 10 samples),Golang,b2df923c-1801-45d4-9a9d-1b12ebdbc0d4,4,4,file,internal/translator/claude/openai/chat-completions/claude_openai_request.go,,,,77
min,1,mean_indegree_per_file,Mean Indegree/File,069ad96b-3762-4b18-b863-c8f40f8d0442,AlistGo__alist (sample analysis: 10 samples),Golang,c9009897-fb00-4444-ab78-d1806d44d7ad,4,4,file,cmd/admin.go,,,,0
min,2,mean_indegree_per_file,Mean Indegree/File,069ad96b-3762-4b18-b863-c8f40f8d0442,AlistGo__alist (sample analysis: 10 samples),Golang,c9009897-fb00-4444-ab78-d1806d44d7ad,4,4,file,cmd/cancel2FA.go,,,,0
min,3,mean_indegree_per_file,Mean Indegree/File,069ad96b-3762-4b18-b863-c8f40f8d0442,AlistGo__alist (sample analysis: 10 samples),Golang,c9009897-fb00-4444-ab78-d1806d44d7ad,4,4,file,cmd/common.go,,,,0
min,4,mean_indegree_per_file,Mean Indegree/File,069ad96b-3762-4b18-b863-c8f40f8d0442,AlistGo__alist (sample analysis: 10 samples),Golang,c9009897-fb00-4444-ab78-d1806d44d7ad,4,4,file,cmd/flags/config.go,,,,0
min,5,mean_indegree_per_file,Mean Indegree/File,069ad96b-3762-4b18-b863-c8f40f8d0442,AlistGo__alist (sample analysis: 10 samples),Golang,c9009897-fb00-4444-ab78-d1806d44d7ad,4,4,file,cmd/restart.go,,,,0
max,1,mean_indegree_per_file,Mean Indegree/File,a81fc79f-6ea8-409c-8690-f034ab9400d8,BinaryAnalysisPlatform__bap (sample analysis: 10 samples),Ocaml,3bafefb5-9460-432f-b5bd-3dfc76c11e6c,4,4,file,lib/bap_future/bap_future.ml,,,,3.4857142857142858
max,2,mean_indegree_per_file,Mean Indegree/File,729d4ded-b025-47be-ae9b-ed0561b8f9e6,bcpierce00__unison (sample analysis: 10 samples),Ocaml,46a965ea-d469-428d-9ee7-2c79b463b087,4,4,file,src/unicode.ml,,,,3.388888888888889
max,3,mean_indegree_per_file,Mean Indegree/File,e749ce64-7ffd-4d8c-a44a-47ef93013510,airbus-seclab__bincat (sample analysis: 10 samples),Ocaml,e8be65c6-7d48-47e0-b835-ccf1d93b9959,4,4,file,ocaml/src/disassembly/x86.ml,,,,2.988372093023256
max,4,mean_indegree_per_file,Mean Indegree/File,08fc41ef-3162-4883-934f-1f96a9db7b1a,fastpack__fastpack (sample analysis: 10 samples),Ocaml,f4bc61b9-6e67-4904-8087-995b69c37038,4,4,file,FastpackUtil/Printer.ml,,,,2.723684210526316
max,5,mean_indegree_per_file,Mean Indegree/File,e749ce64-7ffd-4d8c-a44a-47ef93013510,airbus-seclab__bincat (sample analysis: 10 samples),Ocaml,e8be65c6-7d48-47e0-b835-ccf1d93b9959,4,4,file,ocaml/src/npk/c2newspeak/typedC2Cir.ml,,,,2.6
min,1,mean_cyclomatic_per_function_per_file,Mean Function Cyclomatic/File,069ad96b-3762-4b18-b863-c8f40f8d0442,AlistGo__alist (sample analysis: 10 samples),Golang,c9009897-fb00-4444-ab78-d1806d44d7ad,4,4,file,cmd/flags/config.go,,,,0
min,2,mean_cyclomatic_per_function_per_file,Mean Function Cyclomatic/File,069ad96b-3762-4b18-b863-c8f40f8d0442,AlistGo__alist (sample analysis: 10 samples),Golang,c9009897-fb00-4444-ab78-d1806d44d7ad,4,4,file,drivers/115/types.go,,,,0
min,3,mean_cyclomatic_per_function_per_file,Mean Function Cyclomatic/File,069ad96b-3762-4b18-b863-c8f40f8d0442,AlistGo__alist (sample analysis: 10 samples),Golang,c9009897-fb00-4444-ab78-d1806d44d7ad,4,4,file,drivers/139/types.go,,,,0
min,4,mean_cyclomatic_per_function_per_file,Mean Function Cyclomatic/File,069ad96b-3762-4b18-b863-c8f40f8d0442,AlistGo__alist (sample analysis: 10 samples),Golang,c9009897-fb00-4444-ab78-d1806d44d7ad,4,4,file,drivers/189/types.go,,,,0
min,5,mean_cyclomatic_per_function_per_file,Mean Function Cyclomatic/File,069ad96b-3762-4b18-b863-c8f40f8d0442,AlistGo__alist (sample analysis: 10 samples),Golang,c9009897-fb00-4444-ab78-d1806d44d7ad,4,4,file,drivers/alias/types.go,,,,0
max,1,mean_cyclomatic_per_function_per_file,Mean Function Cyclomatic/File,e9d92337-e257-41dd-9d58-bc6f84121654,astrada__google-drive-ocamlfuse (sample analysis: 10 samples),Ocaml,f18b7906-9dcd-4c09-a157-784056f756f3,4,4,file,src/mime.ml,,,,771
max,2,mean_cyclomatic_per_function_per_file,Mean Function Cyclomatic/File,24cc32f1-80f1-40da-9ad5-e2285210d73d,router-for-me__CLIProxyAPI (sample analysis: 10 samples),Golang,b2df923c-1801-45d4-9a9d-1b12ebdbc0d4,4,4,file,internal/translator/claude/openai/responses/claude_openai-responses_request.go,,,,75
max,3,mean_cyclomatic_per_function_per_file,Mean Function Cyclomatic/File,24cc32f1-80f1-40da-9ad5-e2285210d73d,router-for-me__CLIProxyAPI (sample analysis: 10 samples),Golang,b2df923c-1801-45d4-9a9d-1b12ebdbc0d4,4,4,file,internal/translator/claude/gemini/claude_gemini_request.go,,,,62
max,4,mean_cyclomatic_per_function_per_file,Mean Function Cyclomatic/File,24cc32f1-80f1-40da-9ad5-e2285210d73d,router-for-me__CLIProxyAPI (sample analysis: 10 samples),Golang,b2df923c-1801-45d4-9a9d-1b12ebdbc0d4,4,4,file,internal/translator/gemini/openai/responses/gemini_openai-responses_request.go,,,,58
max,5,mean_cyclomatic_per_function_per_file,Mean Function Cyclomatic/File,24cc32f1-80f1-40da-9ad5-e2285210d73d,router-for-me__CLIProxyAPI (sample analysis: 10 samples),Golang,b2df923c-1801-45d4-9a9d-1b12ebdbc0d4,4,4,file,internal/translator/claude/openai/chat-completions/claude_openai_request.go,,,,56
min,1,function_length,Function Length,069ad96b-3762-4b18-b863-c8f40f8d0442,AlistGo__alist (sample analysis: 10 samples),Golang,c9009897-fb00-4444-ab78-d1806d44d7ad,4,4,function,drivers/189pc/types.go,GetSize:136:24,136,136,0
min,2,function_length,Function Length,069ad96b-3762-4b18-b863-c8f40f8d0442,AlistGo__alist (sample analysis: 10 samples),Golang,c9009897-fb00-4444-ab78-d1806d44d7ad,4,4,function,drivers/189pc/types.go,GetName:137:24,137,137,0
min,3,function_length,Function Length,069ad96b-3762-4b18-b863-c8f40f8d0442,AlistGo__alist (sample analysis: 10 samples),Golang,c9009897-fb00-4444-ab78-d1806d44d7ad,4,4,function,drivers/189pc/types.go,IsDir:144:24,144,144,0
min,4,function_length,Function Length,069ad96b-3762-4b18-b863-c8f40f8d0442,AlistGo__alist (sample analysis: 10 samples),Golang,c9009897-fb00-4444-ab78-d1806d44d7ad,4,4,function,drivers/189pc/types.go,GetID:145:24,145,145,0
min,5,function_length,Function Length,069ad96b-3762-4b18-b863-c8f40f8d0442,AlistGo__alist (sample analysis: 10 samples),Golang,c9009897-fb00-4444-ab78-d1806d44d7ad,4,4,function,drivers/189pc/types.go,GetPath:146:24,146,146,0
max,1,function_length,Function Length,729d4ded-b025-47be-ae9b-ed0561b8f9e6,bcpierce00__unison (sample analysis: 10 samples),Ocaml,46a965ea-d469-428d-9ee7-2c79b463b087,4,4,function,src/uigtk2.ml,createToplevelWindow:2646:5,2646,4224,1578
max,2,function_length,Function Length,a81fc79f-6ea8-409c-8690-f034ab9400d8,BinaryAnalysisPlatform__bap (sample analysis: 10 samples),Ocaml,3bafefb5-9460-432f-b5bd-3dfc76c11e6c,4,4,function,plugins/x86/x86_lifter.ml,to_ir:275:11,275,1546,1271
max,3,function_length,Function Length,a81fc79f-6ea8-409c-8690-f034ab9400d8,BinaryAnalysisPlatform__bap (sample analysis: 10 samples),Ocaml,3bafefb5-9460-432f-b5bd-3dfc76c11e6c,4,4,function,plugins/x86/x86_disasm.ml,parse_instr:25:5,25,1249,1224
max,4,function_length,Function Length,e749ce64-7ffd-4d8c-a44a-47ef93013510,airbus-seclab__bincat (sample analysis: 10 samples),Ocaml,e8be65c6-7d48-47e0-b835-ccf1d93b9959,4,4,function,ocaml/src/npk/c2newspeak/typedC2Cir.ml,translate:125:5,125,1318,1193
max,5,function_length,Function Length,08fc41ef-3162-4883-934f-1f96a9db7b1a,fastpack__fastpack (sample analysis: 10 samples),Ocaml,f4bc61b9-6e67-4904-8087-995b69c37038,4,4,function,FastpackUtil/Printer.ml,print:266:5,266,1364,1098
min,1,cyclomatic,Function Cyclomatic,069ad96b-3762-4b18-b863-c8f40f8d0442,AlistGo__alist (sample analysis: 10 samples),Golang,c9009897-fb00-4444-ab78-d1806d44d7ad,4,4,function,cmd/admin.go,init:28:6,28,40,1
min,2,cyclomatic,Function Cyclomatic,069ad96b-3762-4b18-b863-c8f40f8d0442,AlistGo__alist (sample analysis: 10 samples),Golang,c9009897-fb00-4444-ab78-d1806d44d7ad,4,4,function,cmd/cancel2FA.go,init:32:6,32,44,1
min,3,cyclomatic,Function Cyclomatic,069ad96b-3762-4b18-b863-c8f40f8d0442,AlistGo__alist (sample analysis: 10 samples),Golang,c9009897-fb00-4444-ab78-d1806d44d7ad,4,4,function,cmd/common.go,Init:14:6,14,20,1
min,4,cyclomatic,Function Cyclomatic,069ad96b-3762-4b18-b863-c8f40f8d0442,AlistGo__alist (sample analysis: 10 samples),Golang,c9009897-fb00-4444-ab78-d1806d44d7ad,4,4,function,cmd/lang.go,convert:34:6,34,38,1
min,5,cyclomatic,Function Cyclomatic,069ad96b-3762-4b18-b863-c8f40f8d0442,AlistGo__alist (sample analysis: 10 samples),Golang,c9009897-fb00-4444-ab78-d1806d44d7ad,4,4,function,cmd/lang.go,init:149:6,149,161,1
max,1,cyclomatic,Function Cyclomatic,e9d92337-e257-41dd-9d58-bc6f84121654,astrada__google-drive-ocamlfuse (sample analysis: 10 samples),Ocaml,f18b7906-9dcd-4c09-a157-784056f756f3,4,4,function,src/mime.ml,map_filename_to_mime_type:3:5,3,777,771
max,2,cyclomatic,Function Cyclomatic,a81fc79f-6ea8-409c-8690-f034ab9400d8,BinaryAnalysisPlatform__bap (sample analysis: 10 samples),Ocaml,3bafefb5-9460-432f-b5bd-3dfc76c11e6c,4,4,function,plugins/x86/x86_disasm.ml,get_opcode:420:7,420,1178,412
max,3,cyclomatic,Function Cyclomatic,a81fc79f-6ea8-409c-8690-f034ab9400d8,BinaryAnalysisPlatform__bap (sample analysis: 10 samples),Ocaml,3bafefb5-9460-432f-b5bd-3dfc76c11e6c,4,4,function,plugins/x86/x86_lifter.ml,to_ir:275:11,275,1546,231
max,4,cyclomatic,Function Cyclomatic,e749ce64-7ffd-4d8c-a44a-47ef93013510,airbus-seclab__bincat (sample analysis: 10 samples),Ocaml,e8be65c6-7d48-47e0-b835-ccf1d93b9959,4,4,function,ocaml/src/disassembly/x86.ml,decode:2230:17,2230,2455,197
max,5,cyclomatic,Function Cyclomatic,3e629e34-e52d-445d-9487-cfbcb29d77e8,junegunn__fzf (sample analysis: 10 samples),Golang,492cc07b-9300-497c-8968-c324615a66fb,4,4,function,src/terminal.go,Loop:1296:20,1296,1839,178
min,1,cyclomatic_match_as_single_branch,Function Cyclomatic Match As Single Branch,069ad96b-3762-4b18-b863-c8f40f8d0442,AlistGo__alist (sample analysis: 10 samples),Golang,c9009897-fb00-4444-ab78-d1806d44d7ad,4,4,function,cmd/admin.go,init:28:6,28,40,1
min,2,cyclomatic_match_as_single_branch,Function Cyclomatic Match As Single Branch,069ad96b-3762-4b18-b863-c8f40f8d0442,AlistGo__alist (sample analysis: 10 samples),Golang,c9009897-fb00-4444-ab78-d1806d44d7ad,4,4,function,cmd/cancel2FA.go,init:32:6,32,44,1
min,3,cyclomatic_match_as_single_branch,Function Cyclomatic Match As Single Branch,069ad96b-3762-4b18-b863-c8f40f8d0442,AlistGo__alist (sample analysis: 10 samples),Golang,c9009897-fb00-4444-ab78-d1806d44d7ad,4,4,function,cmd/common.go,Init:14:6,14,20,1
min,4,cyclomatic_match_as_single_branch,Function Cyclomatic Match As Single Branch,069ad96b-3762-4b18-b863-c8f40f8d0442,AlistGo__alist (sample analysis: 10 samples),Golang,c9009897-fb00-4444-ab78-d1806d44d7ad,4,4,function,cmd/lang.go,convert:34:6,34,38,1
min,5,cyclomatic_match_as_single_branch,Function Cyclomatic Match As Single Branch,069ad96b-3762-4b18-b863-c8f40f8d0442,AlistGo__alist (sample analysis: 10 samples),Golang,c9009897-fb00-4444-ab78-d1806d44d7ad,4,4,function,cmd/lang.go,init:149:6,149,161,1
max,1,cyclomatic_match_as_single_branch,Function Cyclomatic Match As Single Branch,3e629e34-e52d-445d-9487-cfbcb29d77e8,junegunn__fzf (sample analysis: 10 samples),Golang,492cc07b-9300-497c-8968-c324615a66fb,4,4,function,src/terminal.go,Loop:1296:20,1296,1839,112
max,2,cyclomatic_match_as_single_branch,Function Cyclomatic Match As Single Branch,9539fa79-4e99-4b7c-8679-62b23d3abedd,go-gorm__gorm (sample analysis: 10 samples),Golang,34c8e6b2-ad40-40e8-8eff-ca267d4c76e2,4,4,function,model_struct.go,GetModelStruct:137:21,137,607,109
max,3,cyclomatic_match_as_single_branch,Function Cyclomatic Match As Single Branch,24cc32f1-80f1-40da-9ad5-e2285210d73d,router-for-me__CLIProxyAPI (sample analysis: 10 samples),Golang,b2df923c-1801-45d4-9a9d-1b12ebdbc0d4,4,4,function,internal/translator/openai/openai/responses/openai_openai-responses_response.go,ConvertOpenAIChatCompletionsResponseToOpenAIResponses:50:6,50,580,107
max,4,cyclomatic_match_as_single_branch,Function Cyclomatic Match As Single Branch,a81fc79f-6ea8-409c-8690-f034ab9400d8,BinaryAnalysisPlatform__bap (sample analysis: 10 samples),Ocaml,3bafefb5-9460-432f-b5bd-3dfc76c11e6c,4,4,function,plugins/x86/x86_disasm.ml,get_opcode:420:7,420,1178,97
max,5,cyclomatic_match_as_single_branch,Function Cyclomatic Match As Single Branch,24cc32f1-80f1-40da-9ad5-e2285210d73d,router-for-me__CLIProxyAPI (sample analysis: 10 samples),Golang,b2df923c-1801-45d4-9a9d-1b12ebdbc0d4,4,4,function,cmd/server/main.go,main:49:6,49,444,79
min,1,indegree,Function Indegree,069ad96b-3762-4b18-b863-c8f40f8d0442,AlistGo__alist (sample analysis: 10 samples),Golang,c9009897-fb00-4444-ab78-d1806d44d7ad,4,4,function,cmd/admin.go,init:28:6,28,40,0
min,2,indegree,Function Indegree,069ad96b-3762-4b18-b863-c8f40f8d0442,AlistGo__alist (sample analysis: 10 samples),Golang,c9009897-fb00-4444-ab78-d1806d44d7ad,4,4,function,cmd/cancel2FA.go,init:32:6,32,44,0
min,3,indegree,Function Indegree,069ad96b-3762-4b18-b863-c8f40f8d0442,AlistGo__alist (sample analysis: 10 samples),Golang,c9009897-fb00-4444-ab78-d1806d44d7ad,4,4,function,cmd/common.go,Init:14:6,14,20,0
min,4,indegree,Function Indegree,069ad96b-3762-4b18-b863-c8f40f8d0442,AlistGo__alist (sample analysis: 10 samples),Golang,c9009897-fb00-4444-ab78-d1806d44d7ad,4,4,function,cmd/common.go,initDaemon:25:6,25,44,0
min,5,indegree,Function Indegree,069ad96b-3762-4b18-b863-c8f40f8d0442,AlistGo__alist (sample analysis: 10 samples),Golang,c9009897-fb00-4444-ab78-d1806d44d7ad,4,4,function,cmd/lang.go,generateDriversJson:78:6,78,112,0
max,1,indegree,Function Indegree,e9d92337-e257-41dd-9d58-bc6f84121654,astrada__google-drive-ocamlfuse (sample analysis: 10 samples),Ocaml,f18b7906-9dcd-4c09-a157-784056f756f3,4,4,function,setup.ml,f_:16:7,16,16,59
max,2,indegree,Function Indegree,a81fc79f-6ea8-409c-8690-f034ab9400d8,BinaryAnalysisPlatform__bap (sample analysis: 10 samples),Ocaml,3bafefb5-9460-432f-b5bd-3dfc76c11e6c,4,4,function,lib/monads/monads_monad.ml,f:199:15,199,201,54
max,3,indegree,Function Indegree,e749ce64-7ffd-4d8c-a44a-47ef93013510,airbus-seclab__bincat (sample analysis: 10 samples),Ocaml,e8be65c6-7d48-47e0-b835-ccf1d93b9959,4,4,function,ocaml/src/disassembly/x86.ml,return:369:9,369,373,51
max,4,indegree,Function Indegree,08fc41ef-3162-4883-934f-1f96a9db7b1a,fastpack__fastpack (sample analysis: 10 samples),Ocaml,f4bc61b9-6e67-4904-8087-995b69c37038,4,4,function,FastpackUtil/Printer.ml,emit:198:5,198,200,47
max,5,indegree,Function Indegree,24e65021-62fe-4607-8cfb-8f06e8e5257f,spf13__cobra (sample analysis: 10 samples),Golang,f8a947cd-3d5c-404c-a699-6e2a20a9feb7,4,4,function,command_test.go,executeCommand:16:6,16,19,41
min,1,outdegree,Function Outdegree,069ad96b-3762-4b18-b863-c8f40f8d0442,AlistGo__alist (sample analysis: 10 samples),Golang,c9009897-fb00-4444-ab78-d1806d44d7ad,4,4,function,drivers/115/driver.go,Config:20:18,20,22,0
min,2,outdegree,Function Outdegree,069ad96b-3762-4b18-b863-c8f40f8d0442,AlistGo__alist (sample analysis: 10 samples),Golang,c9009897-fb00-4444-ab78-d1806d44d7ad,4,4,function,drivers/115/driver.go,GetAddition:24:18,24,26,0
min,3,outdegree,Function Outdegree,069ad96b-3762-4b18-b863-c8f40f8d0442,AlistGo__alist (sample analysis: 10 samples),Golang,c9009897-fb00-4444-ab78-d1806d44d7ad,4,4,function,drivers/115/driver.go,Drop:32:18,32,34,0
min,4,outdegree,Function Outdegree,069ad96b-3762-4b18-b863-c8f40f8d0442,AlistGo__alist (sample analysis: 10 samples),Golang,c9009897-fb00-4444-ab78-d1806d44d7ad,4,4,function,drivers/123/driver.go,Config:34:18,34,36,0
min,5,outdegree,Function Outdegree,069ad96b-3762-4b18-b863-c8f40f8d0442,AlistGo__alist (sample analysis: 10 samples),Golang,c9009897-fb00-4444-ab78-d1806d44d7ad,4,4,function,drivers/123/driver.go,GetAddition:38:18,38,40,0
max,1,outdegree,Function Outdegree,a81fc79f-6ea8-409c-8690-f034ab9400d8,BinaryAnalysisPlatform__bap (sample analysis: 10 samples),Ocaml,3bafefb5-9460-432f-b5bd-3dfc76c11e6c,4,4,function,plugins/x86/x86_lifter.ml,to_ir:275:11,275,1546,127
max,2,outdegree,Function Outdegree,a81fc79f-6ea8-409c-8690-f034ab9400d8,BinaryAnalysisPlatform__bap (sample analysis: 10 samples),Ocaml,3bafefb5-9460-432f-b5bd-3dfc76c11e6c,4,4,function,plugins/x86/x86_disasm.ml,get_opcode:420:7,420,1178,124
max,3,outdegree,Function Outdegree,729d4ded-b025-47be-ae9b-ed0561b8f9e6,bcpierce00__unison (sample analysis: 10 samples),Ocaml,46a965ea-d469-428d-9ee7-2c79b463b087,4,4,function,src/uigtk2.ml,createToplevelWindow:2646:5,2646,4224,105
max,4,outdegree,Function Outdegree,729d4ded-b025-47be-ae9b-ed0561b8f9e6,bcpierce00__unison (sample analysis: 10 samples),Ocaml,46a965ea-d469-428d-9ee7-2c79b463b087,4,4,function,src/uigtk.ml,createToplevelWindow:1022:9,1022,2089,105
max,5,outdegree,Function Outdegree,24cc32f1-80f1-40da-9ad5-e2285210d73d,router-for-me__CLIProxyAPI (sample analysis: 10 samples),Golang,b2df923c-1801-45d4-9a9d-1b12ebdbc0d4,4,4,function,internal/translator/claude/gemini/claude_gemini_request.go,ConvertGeminiRequestToClaude:47:6,47,338,97
min,1,halstead_unique_operators,Function Halstead Unique Operators,e9d92337-e257-41dd-9d58-bc6f84121654,astrada__google-drive-ocamlfuse (sample analysis: 10 samples),Ocaml,f18b7906-9dcd-4c09-a157-784056f756f3,4,4,function,myocamlbuild.ml,var_choose:519:7,519,519,0
min,2,halstead_unique_operators,Function Halstead Unique Operators,e9d92337-e257-41dd-9d58-bc6f84121654,astrada__google-drive-ocamlfuse (sample analysis: 10 samples),Ocaml,f18b7906-9dcd-4c09-a157-784056f756f3,4,4,function,myocamlbuild.ml,split_nl:591:7,591,591,0
min,3,halstead_unique_operators,Function Halstead Unique Operators,e9d92337-e257-41dd-9d58-bc6f84121654,astrada__google-drive-ocamlfuse (sample analysis: 10 samples),Ocaml,f18b7906-9dcd-4c09-a157-784056f756f3,4,4,function,myocamlbuild.ml,ocamlfind:600:7,600,600,0
min,4,halstead_unique_operators,Function Halstead Unique Operators,e9d92337-e257-41dd-9d58-bc6f84121654,astrada__google-drive-ocamlfuse (sample analysis: 10 samples),Ocaml,f18b7906-9dcd-4c09-a157-784056f756f3,4,4,function,myocamlbuild.ml,find_syntaxes:608:7,608,608,0
min,5,halstead_unique_operators,Function Halstead Unique Operators,e9d92337-e257-41dd-9d58-bc6f84121654,astrada__google-drive-ocamlfuse (sample analysis: 10 samples),Ocaml,f18b7906-9dcd-4c09-a157-784056f756f3,4,4,function,myocamlbuild.ml,dispatch_default:873:7,873,878,0
max,1,halstead_unique_operators,Function Halstead Unique Operators,a81fc79f-6ea8-409c-8690-f034ab9400d8,BinaryAnalysisPlatform__bap (sample analysis: 10 samples),Ocaml,3bafefb5-9460-432f-b5bd-3dfc76c11e6c,4,4,function,plugins/x86/x86_lifter.ml,to_ir:275:11,275,1546,51
max,2,halstead_unique_operators,Function Halstead Unique Operators,729d4ded-b025-47be-ae9b-ed0561b8f9e6,bcpierce00__unison (sample analysis: 10 samples),Ocaml,46a965ea-d469-428d-9ee7-2c79b463b087,4,4,function,src/uigtk2.ml,createToplevelWindow:2646:5,2646,4224,50
max,3,halstead_unique_operators,Function Halstead Unique Operators,a81fc79f-6ea8-409c-8690-f034ab9400d8,BinaryAnalysisPlatform__bap (sample analysis: 10 samples),Ocaml,3bafefb5-9460-432f-b5bd-3dfc76c11e6c,4,4,function,plugins/x86/x86_disasm.ml,parse_instr:25:5,25,1249,45
max,4,halstead_unique_operators,Function Halstead Unique Operators,729d4ded-b025-47be-ae9b-ed0561b8f9e6,bcpierce00__unison (sample analysis: 10 samples),Ocaml,46a965ea-d469-428d-9ee7-2c79b463b087,4,4,function,src/uigtk.ml,createToplevelWindow:1022:9,1022,2089,44
max,5,halstead_unique_operators,Function Halstead Unique Operators,e749ce64-7ffd-4d8c-a44a-47ef93013510,airbus-seclab__bincat (sample analysis: 10 samples),Ocaml,e8be65c6-7d48-47e0-b835-ccf1d93b9959,4,4,function,ocaml/src/npk/c2newspeak/typedC2Cir.ml,translate:883:13,883,914,42
min,1,halstead_unique_operands,Function Halstead Unique Operands,e9d92337-e257-41dd-9d58-bc6f84121654,astrada__google-drive-ocamlfuse (sample analysis: 10 samples),Ocaml,f18b7906-9dcd-4c09-a157-784056f756f3,4,4,function,myocamlbuild.ml,var_choose:519:7,519,519,0
min,2,halstead_unique_operands,Function Halstead Unique Operands,e9d92337-e257-41dd-9d58-bc6f84121654,astrada__google-drive-ocamlfuse (sample analysis: 10 samples),Ocaml,f18b7906-9dcd-4c09-a157-784056f756f3,4,4,function,myocamlbuild.ml,split_nl:591:7,591,591,0
min,3,halstead_unique_operands,Function Halstead Unique Operands,e9d92337-e257-41dd-9d58-bc6f84121654,astrada__google-drive-ocamlfuse (sample analysis: 10 samples),Ocaml,f18b7906-9dcd-4c09-a157-784056f756f3,4,4,function,myocamlbuild.ml,ocamlfind:600:7,600,600,0
min,4,halstead_unique_operands,Function Halstead Unique Operands,e9d92337-e257-41dd-9d58-bc6f84121654,astrada__google-drive-ocamlfuse (sample analysis: 10 samples),Ocaml,f18b7906-9dcd-4c09-a157-784056f756f3,4,4,function,myocamlbuild.ml,find_syntaxes:608:7,608,608,0
min,5,halstead_unique_operands,Function Halstead Unique Operands,e9d92337-e257-41dd-9d58-bc6f84121654,astrada__google-drive-ocamlfuse (sample analysis: 10 samples),Ocaml,f18b7906-9dcd-4c09-a157-784056f756f3,4,4,function,setup.ml,var_choose:3241:7,3241,3241,0
max,1,halstead_unique_operands,Function Halstead Unique Operands,e9d92337-e257-41dd-9d58-bc6f84121654,astrada__google-drive-ocamlfuse (sample analysis: 10 samples),Ocaml,f18b7906-9dcd-4c09-a157-784056f756f3,4,4,function,src/mime.ml,map_filename_to_mime_type:3:5,3,777,1763
max,2,halstead_unique_operands,Function Halstead Unique Operands,729d4ded-b025-47be-ae9b-ed0561b8f9e6,bcpierce00__unison (sample analysis: 10 samples),Ocaml,46a965ea-d469-428d-9ee7-2c79b463b087,4,4,function,src/uigtk2.ml,createToplevelWindow:2646:5,2646,4224,838
max,3,halstead_unique_operands,Function Halstead Unique Operands,a81fc79f-6ea8-409c-8690-f034ab9400d8,BinaryAnalysisPlatform__bap (sample analysis: 10 samples),Ocaml,3bafefb5-9460-432f-b5bd-3dfc76c11e6c,4,4,function,plugins/x86/x86_disasm.ml,parse_instr:25:5,25,1249,719
max,4,halstead_unique_operands,Function Halstead Unique Operands,a81fc79f-6ea8-409c-8690-f034ab9400d8,BinaryAnalysisPlatform__bap (sample analysis: 10 samples),Ocaml,3bafefb5-9460-432f-b5bd-3dfc76c11e6c,4,4,function,plugins/x86/x86_lifter.ml,to_ir:275:11,275,1546,707
max,5,halstead_unique_operands,Function Halstead Unique Operands,729d4ded-b025-47be-ae9b-ed0561b8f9e6,bcpierce00__unison (sample analysis: 10 samples),Ocaml,46a965ea-d469-428d-9ee7-2c79b463b087,4,4,function,src/uigtk.ml,createToplevelWindow:1022:9,1022,2089,624
min,1,halstead_operators,Function Halstead Operators,e9d92337-e257-41dd-9d58-bc6f84121654,astrada__google-drive-ocamlfuse (sample analysis: 10 samples),Ocaml,f18b7906-9dcd-4c09-a157-784056f756f3,4,4,function,myocamlbuild.ml,var_choose:519:7,519,519,0
min,2,halstead_operators,Function Halstead Operators,e9d92337-e257-41dd-9d58-bc6f84121654,astrada__google-drive-ocamlfuse (sample analysis: 10 samples),Ocaml,f18b7906-9dcd-4c09-a157-784056f756f3,4,4,function,myocamlbuild.ml,split_nl:591:7,591,591,0
min,3,halstead_operators,Function Halstead Operators,e9d92337-e257-41dd-9d58-bc6f84121654,astrada__google-drive-ocamlfuse (sample analysis: 10 samples),Ocaml,f18b7906-9dcd-4c09-a157-784056f756f3,4,4,function,myocamlbuild.ml,ocamlfind:600:7,600,600,0
min,4,halstead_operators,Function Halstead Operators,e9d92337-e257-41dd-9d58-bc6f84121654,astrada__google-drive-ocamlfuse (sample analysis: 10 samples),Ocaml,f18b7906-9dcd-4c09-a157-784056f756f3,4,4,function,myocamlbuild.ml,find_syntaxes:608:7,608,608,0
min,5,halstead_operators,Function Halstead Operators,e9d92337-e257-41dd-9d58-bc6f84121654,astrada__google-drive-ocamlfuse (sample analysis: 10 samples),Ocaml,f18b7906-9dcd-4c09-a157-784056f756f3,4,4,function,myocamlbuild.ml,dispatch_default:873:7,873,878,0
max,1,halstead_operators,Function Halstead Operators,a81fc79f-6ea8-409c-8690-f034ab9400d8,BinaryAnalysisPlatform__bap (sample analysis: 10 samples),Ocaml,3bafefb5-9460-432f-b5bd-3dfc76c11e6c,4,4,function,plugins/x86/x86_disasm.ml,parse_instr:25:5,25,1249,2827
max,2,halstead_operators,Function Halstead Operators,a81fc79f-6ea8-409c-8690-f034ab9400d8,BinaryAnalysisPlatform__bap (sample analysis: 10 samples),Ocaml,3bafefb5-9460-432f-b5bd-3dfc76c11e6c,4,4,function,plugins/x86/x86_lifter.ml,to_ir:275:11,275,1546,2406
max,3,halstead_operators,Function Halstead Operators,729d4ded-b025-47be-ae9b-ed0561b8f9e6,bcpierce00__unison (sample analysis: 10 samples),Ocaml,46a965ea-d469-428d-9ee7-2c79b463b087,4,4,function,src/uigtk2.ml,createToplevelWindow:2646:5,2646,4224,2119
max,4,halstead_operators,Function Halstead Operators,e749ce64-7ffd-4d8c-a44a-47ef93013510,airbus-seclab__bincat (sample analysis: 10 samples),Ocaml,e8be65c6-7d48-47e0-b835-ccf1d93b9959,4,4,function,ocaml/src/npk/c2newspeak/typedC2Cir.ml,translate:883:13,883,914,1970
max,5,halstead_operators,Function Halstead Operators,e749ce64-7ffd-4d8c-a44a-47ef93013510,airbus-seclab__bincat (sample analysis: 10 samples),Ocaml,e8be65c6-7d48-47e0-b835-ccf1d93b9959,4,4,function,ocaml/src/npk/c2newspeak/typedC2Cir.ml,translate:771:9,771,776,1970
min,1,halstead_operands,Function Halstead Operands,e9d92337-e257-41dd-9d58-bc6f84121654,astrada__google-drive-ocamlfuse (sample analysis: 10 samples),Ocaml,f18b7906-9dcd-4c09-a157-784056f756f3,4,4,function,myocamlbuild.ml,var_choose:519:7,519,519,0
min,2,halstead_operands,Function Halstead Operands,e9d92337-e257-41dd-9d58-bc6f84121654,astrada__google-drive-ocamlfuse (sample analysis: 10 samples),Ocaml,f18b7906-9dcd-4c09-a157-784056f756f3,4,4,function,myocamlbuild.ml,split_nl:591:7,591,591,0
min,3,halstead_operands,Function Halstead Operands,e9d92337-e257-41dd-9d58-bc6f84121654,astrada__google-drive-ocamlfuse (sample analysis: 10 samples),Ocaml,f18b7906-9dcd-4c09-a157-784056f756f3,4,4,function,myocamlbuild.ml,ocamlfind:600:7,600,600,0
min,4,halstead_operands,Function Halstead Operands,e9d92337-e257-41dd-9d58-bc6f84121654,astrada__google-drive-ocamlfuse (sample analysis: 10 samples),Ocaml,f18b7906-9dcd-4c09-a157-784056f756f3,4,4,function,myocamlbuild.ml,find_syntaxes:608:7,608,608,0
min,5,halstead_operands,Function Halstead Operands,e9d92337-e257-41dd-9d58-bc6f84121654,astrada__google-drive-ocamlfuse (sample analysis: 10 samples),Ocaml,f18b7906-9dcd-4c09-a157-784056f756f3,4,4,function,setup.ml,var_choose:3241:7,3241,3241,0
max,1,halstead_operands,Function Halstead Operands,a81fc79f-6ea8-409c-8690-f034ab9400d8,BinaryAnalysisPlatform__bap (sample analysis: 10 samples),Ocaml,3bafefb5-9460-432f-b5bd-3dfc76c11e6c,4,4,function,plugins/x86/x86_lifter.ml,to_ir:275:11,275,1546,4852
max,2,halstead_operands,Function Halstead Operands,a81fc79f-6ea8-409c-8690-f034ab9400d8,BinaryAnalysisPlatform__bap (sample analysis: 10 samples),Ocaml,3bafefb5-9460-432f-b5bd-3dfc76c11e6c,4,4,function,plugins/x86/x86_disasm.ml,parse_instr:25:5,25,1249,4721
max,3,halstead_operands,Function Halstead Operands,e749ce64-7ffd-4d8c-a44a-47ef93013510,airbus-seclab__bincat (sample analysis: 10 samples),Ocaml,e8be65c6-7d48-47e0-b835-ccf1d93b9959,4,4,function,ocaml/src/npk/c2newspeak/typedC2Cir.ml,translate:883:13,883,914,3654
max,4,halstead_operands,Function Halstead Operands,e749ce64-7ffd-4d8c-a44a-47ef93013510,airbus-seclab__bincat (sample analysis: 10 samples),Ocaml,e8be65c6-7d48-47e0-b835-ccf1d93b9959,4,4,function,ocaml/src/npk/c2newspeak/typedC2Cir.ml,translate:771:9,771,776,3654
max,5,halstead_operands,Function Halstead Operands,e749ce64-7ffd-4d8c-a44a-47ef93013510,airbus-seclab__bincat (sample analysis: 10 samples),Ocaml,e8be65c6-7d48-47e0-b835-ccf1d93b9959,4,4,function,ocaml/src/npk/c2newspeak/typedC2Cir.ml,translate:735:9,735,762,3654
min,1,halstead_length,Function Halstead Length,e9d92337-e257-41dd-9d58-bc6f84121654,astrada__google-drive-ocamlfuse (sample analysis: 10 samples),Ocaml,f18b7906-9dcd-4c09-a157-784056f756f3,4,4,function,myocamlbuild.ml,var_choose:519:7,519,519,0
min,2,halstead_length,Function Halstead Length,e9d92337-e257-41dd-9d58-bc6f84121654,astrada__google-drive-ocamlfuse (sample analysis: 10 samples),Ocaml,f18b7906-9dcd-4c09-a157-784056f756f3,4,4,function,myocamlbuild.ml,split_nl:591:7,591,591,0
min,3,halstead_length,Function Halstead Length,e9d92337-e257-41dd-9d58-bc6f84121654,astrada__google-drive-ocamlfuse (sample analysis: 10 samples),Ocaml,f18b7906-9dcd-4c09-a157-784056f756f3,4,4,function,myocamlbuild.ml,ocamlfind:600:7,600,600,0
min,4,halstead_length,Function Halstead Length,e9d92337-e257-41dd-9d58-bc6f84121654,astrada__google-drive-ocamlfuse (sample analysis: 10 samples),Ocaml,f18b7906-9dcd-4c09-a157-784056f756f3,4,4,function,myocamlbuild.ml,find_syntaxes:608:7,608,608,0
min,5,halstead_length,Function Halstead Length,e9d92337-e257-41dd-9d58-bc6f84121654,astrada__google-drive-ocamlfuse (sample analysis: 10 samples),Ocaml,f18b7906-9dcd-4c09-a157-784056f756f3,4,4,function,setup.ml,var_choose:3241:7,3241,3241,0
max,1,halstead_length,Function Halstead Length,a81fc79f-6ea8-409c-8690-f034ab9400d8,BinaryAnalysisPlatform__bap (sample analysis: 10 samples),Ocaml,3bafefb5-9460-432f-b5bd-3dfc76c11e6c,4,4,function,plugins/x86/x86_disasm.ml,parse_instr:25:5,25,1249,7548
max,2,halstead_length,Function Halstead Length,a81fc79f-6ea8-409c-8690-f034ab9400d8,BinaryAnalysisPlatform__bap (sample analysis: 10 samples),Ocaml,3bafefb5-9460-432f-b5bd-3dfc76c11e6c,4,4,function,plugins/x86/x86_lifter.ml,to_ir:275:11,275,1546,7258
max,3,halstead_length,Function Halstead Length,729d4ded-b025-47be-ae9b-ed0561b8f9e6,bcpierce00__unison (sample analysis: 10 samples),Ocaml,46a965ea-d469-428d-9ee7-2c79b463b087,4,4,function,src/uigtk2.ml,createToplevelWindow:2646:5,2646,4224,5663
max,4,halstead_length,Function Halstead Length,e749ce64-7ffd-4d8c-a44a-47ef93013510,airbus-seclab__bincat (sample analysis: 10 samples),Ocaml,e8be65c6-7d48-47e0-b835-ccf1d93b9959,4,4,function,ocaml/src/npk/c2newspeak/typedC2Cir.ml,translate:883:13,883,914,5624
max,5,halstead_length,Function Halstead Length,e749ce64-7ffd-4d8c-a44a-47ef93013510,airbus-seclab__bincat (sample analysis: 10 samples),Ocaml,e8be65c6-7d48-47e0-b835-ccf1d93b9959,4,4,function,ocaml/src/npk/c2newspeak/typedC2Cir.ml,translate:771:9,771,776,5624
min,1,halstead_vocabulary,Function Halstead Vocabulary,e9d92337-e257-41dd-9d58-bc6f84121654,astrada__google-drive-ocamlfuse (sample analysis: 10 samples),Ocaml,f18b7906-9dcd-4c09-a157-784056f756f3,4,4,function,myocamlbuild.ml,var_choose:519:7,519,519,0
min,2,halstead_vocabulary,Function Halstead Vocabulary,e9d92337-e257-41dd-9d58-bc6f84121654,astrada__google-drive-ocamlfuse (sample analysis: 10 samples),Ocaml,f18b7906-9dcd-4c09-a157-784056f756f3,4,4,function,myocamlbuild.ml,split_nl:591:7,591,591,0
min,3,halstead_vocabulary,Function Halstead Vocabulary,e9d92337-e257-41dd-9d58-bc6f84121654,astrada__google-drive-ocamlfuse (sample analysis: 10 samples),Ocaml,f18b7906-9dcd-4c09-a157-784056f756f3,4,4,function,myocamlbuild.ml,ocamlfind:600:7,600,600,0
min,4,halstead_vocabulary,Function Halstead Vocabulary,e9d92337-e257-41dd-9d58-bc6f84121654,astrada__google-drive-ocamlfuse (sample analysis: 10 samples),Ocaml,f18b7906-9dcd-4c09-a157-784056f756f3,4,4,function,myocamlbuild.ml,find_syntaxes:608:7,608,608,0
min,5,halstead_vocabulary,Function Halstead Vocabulary,e9d92337-e257-41dd-9d58-bc6f84121654,astrada__google-drive-ocamlfuse (sample analysis: 10 samples),Ocaml,f18b7906-9dcd-4c09-a157-784056f756f3,4,4,function,setup.ml,var_choose:3241:7,3241,3241,0
max,1,halstead_vocabulary,Function Halstead Vocabulary,e9d92337-e257-41dd-9d58-bc6f84121654,astrada__google-drive-ocamlfuse (sample analysis: 10 samples),Ocaml,f18b7906-9dcd-4c09-a157-784056f756f3,4,4,function,src/mime.ml,map_filename_to_mime_type:3:5,3,777,1772
max,2,halstead_vocabulary,Function Halstead Vocabulary,729d4ded-b025-47be-ae9b-ed0561b8f9e6,bcpierce00__unison (sample analysis: 10 samples),Ocaml,46a965ea-d469-428d-9ee7-2c79b463b087,4,4,function,src/uigtk2.ml,createToplevelWindow:2646:5,2646,4224,888
max,3,halstead_vocabulary,Function Halstead Vocabulary,a81fc79f-6ea8-409c-8690-f034ab9400d8,BinaryAnalysisPlatform__bap (sample analysis: 10 samples),Ocaml,3bafefb5-9460-432f-b5bd-3dfc76c11e6c,4,4,function,plugins/x86/x86_disasm.ml,parse_instr:25:5,25,1249,764
max,4,halstead_vocabulary,Function Halstead Vocabulary,a81fc79f-6ea8-409c-8690-f034ab9400d8,BinaryAnalysisPlatform__bap (sample analysis: 10 samples),Ocaml,3bafefb5-9460-432f-b5bd-3dfc76c11e6c,4,4,function,plugins/x86/x86_lifter.ml,to_ir:275:11,275,1546,758
max,5,halstead_vocabulary,Function Halstead Vocabulary,729d4ded-b025-47be-ae9b-ed0561b8f9e6,bcpierce00__unison (sample analysis: 10 samples),Ocaml,46a965ea-d469-428d-9ee7-2c79b463b087,4,4,function,src/uigtk.ml,createToplevelWindow:1022:9,1022,2089,668
min,1,halstead_calculated_length,Function Halstead Calculated Length,069ad96b-3762-4b18-b863-c8f40f8d0442,AlistGo__alist (sample analysis: 10 samples),Golang,c9009897-fb00-4444-ab78-d1806d44d7ad,4,4,function,drivers/all.go,All:49:6,49,51,0
min,2,halstead_calculated_length,Function Halstead Calculated Length,e8c37d0d-f999-4ab0-9696-770ba31bbe18,gin-gonic__gin (sample analysis: 10 samples),Golang,287da131-528e-476d-b496-919b16e74949,4,4,function,utils_test.go,somefunction:84:6,84,86,0
min,3,halstead_calculated_length,Function Halstead Calculated Length,a81fc79f-6ea8-409c-8690-f034ab9400d8,BinaryAnalysisPlatform__bap (sample analysis: 10 samples),Ocaml,3bafefb5-9460-432f-b5bd-3dfc76c11e6c,4,4,function,lib/monads/monads_monad.ml,zero:237:13,237,237,0
min,4,halstead_calculated_length,Function Halstead Calculated Length,a81fc79f-6ea8-409c-8690-f034ab9400d8,BinaryAnalysisPlatform__bap (sample analysis: 10 samples),Ocaml,3bafefb5-9460-432f-b5bd-3dfc76c11e6c,4,4,function,lib/monads/monads_monad.ml,zero:247:13,247,247,0
min,5,halstead_calculated_length,Function Halstead Calculated Length,a81fc79f-6ea8-409c-8690-f034ab9400d8,BinaryAnalysisPlatform__bap (sample analysis: 10 samples),Ocaml,3bafefb5-9460-432f-b5bd-3dfc76c11e6c,4,4,function,lib/monads/monads_monad.ml,nothing:339:9,339,339,0
max,1,halstead_calculated_length,Function Halstead Calculated Length,e9d92337-e257-41dd-9d58-bc6f84121654,astrada__google-drive-ocamlfuse (sample analysis: 10 samples),Ocaml,f18b7906-9dcd-4c09-a157-784056f756f3,4,4,function,src/mime.ml,map_filename_to_mime_type:3:5,3,777,19040.39827169446
max,2,halstead_calculated_length,Function Halstead Calculated Length,729d4ded-b025-47be-ae9b-ed0561b8f9e6,bcpierce00__unison (sample analysis: 10 samples),Ocaml,46a965ea-d469-428d-9ee7-2c79b463b087,4,4,function,src/uigtk2.ml,createToplevelWindow:2646:5,2646,4224,8419.848600928792
max,3,halstead_calculated_length,Function Halstead Calculated Length,a81fc79f-6ea8-409c-8690-f034ab9400d8,BinaryAnalysisPlatform__bap (sample analysis: 10 samples),Ocaml,3bafefb5-9460-432f-b5bd-3dfc76c11e6c,4,4,function,plugins/x86/x86_disasm.ml,parse_instr:25:5,25,1249,7070.334072890691
max,4,halstead_calculated_length,Function Halstead Calculated Length,a81fc79f-6ea8-409c-8690-f034ab9400d8,BinaryAnalysisPlatform__bap (sample analysis: 10 samples),Ocaml,3bafefb5-9460-432f-b5bd-3dfc76c11e6c,4,4,function,plugins/x86/x86_lifter.ml,to_ir:275:11,275,1546,6981.449140640792
max,5,halstead_calculated_length,Function Halstead Calculated Length,729d4ded-b025-47be-ae9b-ed0561b8f9e6,bcpierce00__unison (sample analysis: 10 samples),Ocaml,46a965ea-d469-428d-9ee7-2c79b463b087,4,4,function,src/uigtk.ml,createToplevelWindow:1022:9,1022,2089,6034.305975790085
min,1,halstead_volume,Function Halstead Volume,e9d92337-e257-41dd-9d58-bc6f84121654,astrada__google-drive-ocamlfuse (sample analysis: 10 samples),Ocaml,f18b7906-9dcd-4c09-a157-784056f756f3,4,4,function,myocamlbuild.ml,var_choose:519:7,519,519,0
min,2,halstead_volume,Function Halstead Volume,e9d92337-e257-41dd-9d58-bc6f84121654,astrada__google-drive-ocamlfuse (sample analysis: 10 samples),Ocaml,f18b7906-9dcd-4c09-a157-784056f756f3,4,4,function,myocamlbuild.ml,split_nl:591:7,591,591,0
min,3,halstead_volume,Function Halstead Volume,e9d92337-e257-41dd-9d58-bc6f84121654,astrada__google-drive-ocamlfuse (sample analysis: 10 samples),Ocaml,f18b7906-9dcd-4c09-a157-784056f756f3,4,4,function,myocamlbuild.ml,ocamlfind:600:7,600,600,0
min,4,halstead_volume,Function Halstead Volume,e9d92337-e257-41dd-9d58-bc6f84121654,astrada__google-drive-ocamlfuse (sample analysis: 10 samples),Ocaml,f18b7906-9dcd-4c09-a157-784056f756f3,4,4,function,myocamlbuild.ml,find_syntaxes:608:7,608,608,0
min,5,halstead_volume,Function Halstead Volume,e9d92337-e257-41dd-9d58-bc6f84121654,astrada__google-drive-ocamlfuse (sample analysis: 10 samples),Ocaml,f18b7906-9dcd-4c09-a157-784056f756f3,4,4,function,setup.ml,var_choose:3241:7,3241,3241,0
max,1,halstead_volume,Function Halstead Volume,a81fc79f-6ea8-409c-8690-f034ab9400d8,BinaryAnalysisPlatform__bap (sample analysis: 10 samples),Ocaml,3bafefb5-9460-432f-b5bd-3dfc76c11e6c,4,4,function,plugins/x86/x86_disasm.ml,parse_instr:25:5,25,1249,72290.43279401383
max,2,halstead_volume,Function Halstead Volume,a81fc79f-6ea8-409c-8690-f034ab9400d8,BinaryAnalysisPlatform__bap (sample analysis: 10 samples),Ocaml,3bafefb5-9460-432f-b5bd-3dfc76c11e6c,4,4,function,plugins/x86/x86_lifter.ml,to_ir:275:11,275,1546,69430.42020904578
max,3,halstead_volume,Function Halstead Volume,729d4ded-b025-47be-ae9b-ed0561b8f9e6,bcpierce00__unison (sample analysis: 10 samples),Ocaml,46a965ea-d469-428d-9ee7-2c79b463b087,4,4,function,src/uigtk2.ml,createToplevelWindow:2646:5,2646,4224,55465.77705114065
max,4,halstead_volume,Function Halstead Volume,e749ce64-7ffd-4d8c-a44a-47ef93013510,airbus-seclab__bincat (sample analysis: 10 samples),Ocaml,e8be65c6-7d48-47e0-b835-ccf1d93b9959,4,4,function,ocaml/src/npk/c2newspeak/typedC2Cir.ml,translate:883:13,883,914,50504.30498464262
max,5,halstead_volume,Function Halstead Volume,e749ce64-7ffd-4d8c-a44a-47ef93013510,airbus-seclab__bincat (sample analysis: 10 samples),Ocaml,e8be65c6-7d48-47e0-b835-ccf1d93b9959,4,4,function,ocaml/src/npk/c2newspeak/typedC2Cir.ml,translate:771:9,771,776,50504.30498464262
min,1,halstead_difficulty,Function Halstead Difficulty,e9d92337-e257-41dd-9d58-bc6f84121654,astrada__google-drive-ocamlfuse (sample analysis: 10 samples),Ocaml,f18b7906-9dcd-4c09-a157-784056f756f3,4,4,function,myocamlbuild.ml,var_choose:519:7,519,519,0
min,2,halstead_difficulty,Function Halstead Difficulty,e9d92337-e257-41dd-9d58-bc6f84121654,astrada__google-drive-ocamlfuse (sample analysis: 10 samples),Ocaml,f18b7906-9dcd-4c09-a157-784056f756f3,4,4,function,myocamlbuild.ml,split_nl:591:7,591,591,0
min,3,halstead_difficulty,Function Halstead Difficulty,e9d92337-e257-41dd-9d58-bc6f84121654,astrada__google-drive-ocamlfuse (sample analysis: 10 samples),Ocaml,f18b7906-9dcd-4c09-a157-784056f756f3,4,4,function,myocamlbuild.ml,ocamlfind:600:7,600,600,0
min,4,halstead_difficulty,Function Halstead Difficulty,e9d92337-e257-41dd-9d58-bc6f84121654,astrada__google-drive-ocamlfuse (sample analysis: 10 samples),Ocaml,f18b7906-9dcd-4c09-a157-784056f756f3,4,4,function,myocamlbuild.ml,find_syntaxes:608:7,608,608,0
min,5,halstead_difficulty,Function Halstead Difficulty,e9d92337-e257-41dd-9d58-bc6f84121654,astrada__google-drive-ocamlfuse (sample analysis: 10 samples),Ocaml,f18b7906-9dcd-4c09-a157-784056f756f3,4,4,function,myocamlbuild.ml,dispatch_default:873:7,873,878,0
max,1,halstead_difficulty,Function Halstead Difficulty,a81fc79f-6ea8-409c-8690-f034ab9400d8,BinaryAnalysisPlatform__bap (sample analysis: 10 samples),Ocaml,3bafefb5-9460-432f-b5bd-3dfc76c11e6c,4,4,function,plugins/x86/x86_lifter.ml,to_ir:275:11,275,1546,175.00141442715702
max,2,halstead_difficulty,Function Halstead Difficulty,e749ce64-7ffd-4d8c-a44a-47ef93013510,airbus-seclab__bincat (sample analysis: 10 samples),Ocaml,e8be65c6-7d48-47e0-b835-ccf1d93b9959,4,4,function,ocaml/src/npk/c2newspeak/typedC2Cir.ml,translate:883:13,883,914,165.73218142548598
max,3,halstead_difficulty,Function Halstead Difficulty,e749ce64-7ffd-4d8c-a44a-47ef93013510,airbus-seclab__bincat (sample analysis: 10 samples),Ocaml,e8be65c6-7d48-47e0-b835-ccf1d93b9959,4,4,function,ocaml/src/npk/c2newspeak/typedC2Cir.ml,translate:771:9,771,776,165.73218142548598
max,4,halstead_difficulty,Function Halstead Difficulty,e749ce64-7ffd-4d8c-a44a-47ef93013510,airbus-seclab__bincat (sample analysis: 10 samples),Ocaml,e8be65c6-7d48-47e0-b835-ccf1d93b9959,4,4,function,ocaml/src/npk/c2newspeak/typedC2Cir.ml,translate:735:9,735,762,165.73218142548598
max,5,halstead_difficulty,Function Halstead Difficulty,e749ce64-7ffd-4d8c-a44a-47ef93013510,airbus-seclab__bincat (sample analysis: 10 samples),Ocaml,e8be65c6-7d48-47e0-b835-ccf1d93b9959,4,4,function,ocaml/src/npk/c2newspeak/typedC2Cir.ml,translate:554:11,554,563,165.73218142548598
min,1,halstead_effort,Function Halstead Effort,e9d92337-e257-41dd-9d58-bc6f84121654,astrada__google-drive-ocamlfuse (sample analysis: 10 samples),Ocaml,f18b7906-9dcd-4c09-a157-784056f756f3,4,4,function,myocamlbuild.ml,var_choose:519:7,519,519,0
min,2,halstead_effort,Function Halstead Effort,e9d92337-e257-41dd-9d58-bc6f84121654,astrada__google-drive-ocamlfuse (sample analysis: 10 samples),Ocaml,f18b7906-9dcd-4c09-a157-784056f756f3,4,4,function,myocamlbuild.ml,split_nl:591:7,591,591,0
min,3,halstead_effort,Function Halstead Effort,e9d92337-e257-41dd-9d58-bc6f84121654,astrada__google-drive-ocamlfuse (sample analysis: 10 samples),Ocaml,f18b7906-9dcd-4c09-a157-784056f756f3,4,4,function,myocamlbuild.ml,ocamlfind:600:7,600,600,0
min,4,halstead_effort,Function Halstead Effort,e9d92337-e257-41dd-9d58-bc6f84121654,astrada__google-drive-ocamlfuse (sample analysis: 10 samples),Ocaml,f18b7906-9dcd-4c09-a157-784056f756f3,4,4,function,myocamlbuild.ml,find_syntaxes:608:7,608,608,0
min,5,halstead_effort,Function Halstead Effort,e9d92337-e257-41dd-9d58-bc6f84121654,astrada__google-drive-ocamlfuse (sample analysis: 10 samples),Ocaml,f18b7906-9dcd-4c09-a157-784056f756f3,4,4,function,myocamlbuild.ml,dispatch_default:873:7,873,878,0
max,1,halstead_effort,Function Halstead Effort,a81fc79f-6ea8-409c-8690-f034ab9400d8,BinaryAnalysisPlatform__bap (sample analysis: 10 samples),Ocaml,3bafefb5-9460-432f-b5bd-3dfc76c11e6c,4,4,function,plugins/x86/x86_lifter.ml,to_ir:275:11,275,1546,12150421.740854878
max,2,halstead_effort,Function Halstead Effort,a81fc79f-6ea8-409c-8690-f034ab9400d8,BinaryAnalysisPlatform__bap (sample analysis: 10 samples),Ocaml,3bafefb5-9460-432f-b5bd-3dfc76c11e6c,4,4,function,plugins/x86/x86_disasm.ml,parse_instr:25:5,25,1249,10679931.150851369
max,3,halstead_effort,Function Halstead Effort,e749ce64-7ffd-4d8c-a44a-47ef93013510,airbus-seclab__bincat (sample analysis: 10 samples),Ocaml,e8be65c6-7d48-47e0-b835-ccf1d93b9959,4,4,function,ocaml/src/npk/c2newspeak/typedC2Cir.ml,translate:883:13,883,914,8370188.6364828665
max,4,halstead_effort,Function Halstead Effort,e749ce64-7ffd-4d8c-a44a-47ef93013510,airbus-seclab__bincat (sample analysis: 10 samples),Ocaml,e8be65c6-7d48-47e0-b835-ccf1d93b9959,4,4,function,ocaml/src/npk/c2newspeak/typedC2Cir.ml,translate:771:9,771,776,8370188.6364828665
max,5,halstead_effort,Function Halstead Effort,e749ce64-7ffd-4d8c-a44a-47ef93013510,airbus-seclab__bincat (sample analysis: 10 samples),Ocaml,e8be65c6-7d48-47e0-b835-ccf1d93b9959,4,4,function,ocaml/src/npk/c2newspeak/typedC2Cir.ml,translate:735:9,735,762,8370188.6364828665
min,1,halstead_time_seconds,Function Halstead Time Seconds,e9d92337-e257-41dd-9d58-bc6f84121654,astrada__google-drive-ocamlfuse (sample analysis: 10 samples),Ocaml,f18b7906-9dcd-4c09-a157-784056f756f3,4,4,function,myocamlbuild.ml,var_choose:519:7,519,519,0
min,2,halstead_time_seconds,Function Halstead Time Seconds,e9d92337-e257-41dd-9d58-bc6f84121654,astrada__google-drive-ocamlfuse (sample analysis: 10 samples),Ocaml,f18b7906-9dcd-4c09-a157-784056f756f3,4,4,function,myocamlbuild.ml,split_nl:591:7,591,591,0
min,3,halstead_time_seconds,Function Halstead Time Seconds,e9d92337-e257-41dd-9d58-bc6f84121654,astrada__google-drive-ocamlfuse (sample analysis: 10 samples),Ocaml,f18b7906-9dcd-4c09-a157-784056f756f3,4,4,function,myocamlbuild.ml,ocamlfind:600:7,600,600,0
min,4,halstead_time_seconds,Function Halstead Time Seconds,e9d92337-e257-41dd-9d58-bc6f84121654,astrada__google-drive-ocamlfuse (sample analysis: 10 samples),Ocaml,f18b7906-9dcd-4c09-a157-784056f756f3,4,4,function,myocamlbuild.ml,find_syntaxes:608:7,608,608,0
min,5,halstead_time_seconds,Function Halstead Time Seconds,e9d92337-e257-41dd-9d58-bc6f84121654,astrada__google-drive-ocamlfuse (sample analysis: 10 samples),Ocaml,f18b7906-9dcd-4c09-a157-784056f756f3,4,4,function,myocamlbuild.ml,dispatch_default:873:7,873,878,0
max,1,halstead_time_seconds,Function Halstead Time Seconds,a81fc79f-6ea8-409c-8690-f034ab9400d8,BinaryAnalysisPlatform__bap (sample analysis: 10 samples),Ocaml,3bafefb5-9460-432f-b5bd-3dfc76c11e6c,4,4,function,plugins/x86/x86_lifter.ml,to_ir:275:11,275,1546,675023.4300474932
max,2,halstead_time_seconds,Function Halstead Time Seconds,a81fc79f-6ea8-409c-8690-f034ab9400d8,BinaryAnalysisPlatform__bap (sample analysis: 10 samples),Ocaml,3bafefb5-9460-432f-b5bd-3dfc76c11e6c,4,4,function,plugins/x86/x86_disasm.ml,parse_instr:25:5,25,1249,593329.5083806316
max,3,halstead_time_seconds,Function Halstead Time Seconds,e749ce64-7ffd-4d8c-a44a-47ef93013510,airbus-seclab__bincat (sample analysis: 10 samples),Ocaml,e8be65c6-7d48-47e0-b835-ccf1d93b9959,4,4,function,ocaml/src/npk/c2newspeak/typedC2Cir.ml,translate:883:13,883,914,465010.4798046037
max,4,halstead_time_seconds,Function Halstead Time Seconds,e749ce64-7ffd-4d8c-a44a-47ef93013510,airbus-seclab__bincat (sample analysis: 10 samples),Ocaml,e8be65c6-7d48-47e0-b835-ccf1d93b9959,4,4,function,ocaml/src/npk/c2newspeak/typedC2Cir.ml,translate:771:9,771,776,465010.4798046037
max,5,halstead_time_seconds,Function Halstead Time Seconds,e749ce64-7ffd-4d8c-a44a-47ef93013510,airbus-seclab__bincat (sample analysis: 10 samples),Ocaml,e8be65c6-7d48-47e0-b835-ccf1d93b9959,4,4,function,ocaml/src/npk/c2newspeak/typedC2Cir.ml,translate:735:9,735,762,465010.4798046037
min,1,halstead_bugs,Function Halstead Bugs,e9d92337-e257-41dd-9d58-bc6f84121654,astrada__google-drive-ocamlfuse (sample analysis: 10 samples),Ocaml,f18b7906-9dcd-4c09-a157-784056f756f3,4,4,function,myocamlbuild.ml,var_choose:519:7,519,519,0
min,2,halstead_bugs,Function Halstead Bugs,e9d92337-e257-41dd-9d58-bc6f84121654,astrada__google-drive-ocamlfuse (sample analysis: 10 samples),Ocaml,f18b7906-9dcd-4c09-a157-784056f756f3,4,4,function,myocamlbuild.ml,split_nl:591:7,591,591,0
min,3,halstead_bugs,Function Halstead Bugs,e9d92337-e257-41dd-9d58-bc6f84121654,astrada__google-drive-ocamlfuse (sample analysis: 10 samples),Ocaml,f18b7906-9dcd-4c09-a157-784056f756f3,4,4,function,myocamlbuild.ml,ocamlfind:600:7,600,600,0
min,4,halstead_bugs,Function Halstead Bugs,e9d92337-e257-41dd-9d58-bc6f84121654,astrada__google-drive-ocamlfuse (sample analysis: 10 samples),Ocaml,f18b7906-9dcd-4c09-a157-784056f756f3,4,4,function,myocamlbuild.ml,find_syntaxes:608:7,608,608,0
min,5,halstead_bugs,Function Halstead Bugs,e9d92337-e257-41dd-9d58-bc6f84121654,astrada__google-drive-ocamlfuse (sample analysis: 10 samples),Ocaml,f18b7906-9dcd-4c09-a157-784056f756f3,4,4,function,setup.ml,var_choose:3241:7,3241,3241,0
max,1,halstead_bugs,Function Halstead Bugs,a81fc79f-6ea8-409c-8690-f034ab9400d8,BinaryAnalysisPlatform__bap (sample analysis: 10 samples),Ocaml,3bafefb5-9460-432f-b5bd-3dfc76c11e6c,4,4,function,plugins/x86/x86_disasm.ml,parse_instr:25:5,25,1249,24.096810931337945
max,2,halstead_bugs,Function Halstead Bugs,a81fc79f-6ea8-409c-8690-f034ab9400d8,BinaryAnalysisPlatform__bap (sample analysis: 10 samples),Ocaml,3bafefb5-9460-432f-b5bd-3dfc76c11e6c,4,4,function,plugins/x86/x86_lifter.ml,to_ir:275:11,275,1546,23.14347340301526
max,3,halstead_bugs,Function Halstead Bugs,729d4ded-b025-47be-ae9b-ed0561b8f9e6,bcpierce00__unison (sample analysis: 10 samples),Ocaml,46a965ea-d469-428d-9ee7-2c79b463b087,4,4,function,src/uigtk2.ml,createToplevelWindow:2646:5,2646,4224,18.488592350380216
max,4,halstead_bugs,Function Halstead Bugs,e749ce64-7ffd-4d8c-a44a-47ef93013510,airbus-seclab__bincat (sample analysis: 10 samples),Ocaml,e8be65c6-7d48-47e0-b835-ccf1d93b9959,4,4,function,ocaml/src/npk/c2newspeak/typedC2Cir.ml,translate:883:13,883,914,16.834768328214206
max,5,halstead_bugs,Function Halstead Bugs,e749ce64-7ffd-4d8c-a44a-47ef93013510,airbus-seclab__bincat (sample analysis: 10 samples),Ocaml,e8be65c6-7d48-47e0-b835-ccf1d93b9959,4,4,function,ocaml/src/npk/c2newspeak/typedC2Cir.ml,translate:771:9,771,776,16.834768328214206
