extreme,rank,metric_key,metric_label,codebase_id,codebase_name,programming_language,version_id,version_number,sample_number,metric_level,file_path,function_name,function_start_line,function_end_line,value
min,1,lines_of_code,Lines Of Code/File,a81fc79f-6ea8-409c-8690-f034ab9400d8,BinaryAnalysisPlatform__bap (sample analysis: 10 samples),Ocaml,dc631c79-3f50-44bb-a85b-e62068c697ae,2,2,file,lib/bap_disasm/bap_llvm.mli,,,,0
min,2,lines_of_code,Lines Of Code/File,a81fc79f-6ea8-409c-8690-f034ab9400d8,BinaryAnalysisPlatform__bap (sample analysis: 10 samples),Ocaml,dc631c79-3f50-44bb-a85b-e62068c697ae,2,2,file,src/byteweight_main.mli,,,,0
min,3,lines_of_code,Lines Of Code/File,069ad96b-3762-4b18-b863-c8f40f8d0442,AlistGo__alist (sample analysis: 10 samples),Golang,43ea5eea-5748-4cd1-90e1-b6d0c626cde4,2,2,file,drivers/yandex/util.go,,,,1
min,4,lines_of_code,Lines Of Code/File,a81fc79f-6ea8-409c-8690-f034ab9400d8,BinaryAnalysisPlatform__bap (sample analysis: 10 samples),Ocaml,dc631c79-3f50-44bb-a85b-e62068c697ae,2,2,file,lib/bap/bap_load_plugins.mli,,,,1
min,5,lines_of_code,Lines Of Code/File,a81fc79f-6ea8-409c-8690-f034ab9400d8,BinaryAnalysisPlatform__bap (sample analysis: 10 samples),Ocaml,dc631c79-3f50-44bb-a85b-e62068c697ae,2,2,file,lib_test/bap_image/test_image.mli,,,,1
max,1,lines_of_code,Lines Of Code/File,a81fc79f-6ea8-409c-8690-f034ab9400d8,BinaryAnalysisPlatform__bap (sample analysis: 10 samples),Ocaml,dc631c79-3f50-44bb-a85b-e62068c697ae,2,2,file,lib/bap/bap.mli,,,,9128
max,2,lines_of_code,Lines Of Code/File,72c58468-aa18-4e1f-a564-d247686d83a5,nektos__act (sample analysis: 10 samples),Golang,1e32e6ab-33d6-4d89-9846-7da8542e66c8,2,2,file,vendor/golang.org/x/text/unicode/norm/tables10.0.0.go,,,,7657
max,3,lines_of_code,Lines Of Code/File,fe280555-02ee-426f-bc9f-f74fdf273723,FiloSottile__mkcert (sample analysis: 10 samples),Golang,84cd5fb3-b43e-4fe1-a3a5-c022efb3c77c,2,2,file,vendor/golang.org/x/text/unicode/norm/tables10.0.0.go,,,,7653
max,4,lines_of_code,Lines Of Code/File,72c58468-aa18-4e1f-a564-d247686d83a5,nektos__act (sample analysis: 10 samples),Golang,1e32e6ab-33d6-4d89-9846-7da8542e66c8,2,2,file,vendor/golang.org/x/text/unicode/norm/tables9.0.0.go,,,,7637
max,5,lines_of_code,Lines Of Code/File,fe280555-02ee-426f-bc9f-f74fdf273723,FiloSottile__mkcert (sample analysis: 10 samples),Golang,84cd5fb3-b43e-4fe1-a3a5-c022efb3c77c,2,2,file,vendor/golang.org/x/text/unicode/norm/tables9.0.0.go,,,,7633
min,1,effective_lines_of_code_with_brackets,Effective LOC With Brackets/File,72c58468-aa18-4e1f-a564-d247686d83a5,nektos__act (sample analysis: 10 samples),Golang,1e32e6ab-33d6-4d89-9846-7da8542e66c8,2,2,file,vendor/github.com/davecgh/go-spew/spew/doc.go,,,,0
min,2,effective_lines_of_code_with_brackets,Effective LOC With Brackets/File,72c58468-aa18-4e1f-a564-d247686d83a5,nektos__act (sample analysis: 10 samples),Golang,1e32e6ab-33d6-4d89-9846-7da8542e66c8,2,2,file,vendor/github.com/sirupsen/logrus/doc.go,,,,0
min,3,effective_lines_of_code_with_brackets,Effective LOC With Brackets/File,72c58468-aa18-4e1f-a564-d247686d83a5,nektos__act (sample analysis: 10 samples),Golang,1e32e6ab-33d6-4d89-9846-7da8542e66c8,2,2,file,vendor/golang.org/x/crypto/ssh/doc.go,,,,0
min,4,effective_lines_of_code_with_brackets,Effective LOC With Brackets/File,72c58468-aa18-4e1f-a564-d247686d83a5,nektos__act (sample analysis: 10 samples),Golang,1e32e6ab-33d6-4d89-9846-7da8542e66c8,2,2,file,vendor/gopkg.in/src-d/go-git.v4/plumbing/protocol/packp/doc.go,,,,0
min,5,effective_lines_of_code_with_brackets,Effective LOC With Brackets/File,72c58468-aa18-4e1f-a564-d247686d83a5,nektos__act (sample analysis: 10 samples),Golang,1e32e6ab-33d6-4d89-9846-7da8542e66c8,2,2,file,vendor/gopkg.in/src-d/go-git.v4/utils/merkletrie/doc.go,,,,0
max,1,effective_lines_of_code_with_brackets,Effective LOC With Brackets/File,72c58468-aa18-4e1f-a564-d247686d83a5,nektos__act (sample analysis: 10 samples),Golang,1e32e6ab-33d6-4d89-9846-7da8542e66c8,2,2,file,vendor/golang.org/x/text/unicode/norm/tables10.0.0.go,,,,6789
max,2,effective_lines_of_code_with_brackets,Effective LOC With Brackets/File,fe280555-02ee-426f-bc9f-f74fdf273723,FiloSottile__mkcert (sample analysis: 10 samples),Golang,84cd5fb3-b43e-4fe1-a3a5-c022efb3c77c,2,2,file,vendor/golang.org/x/text/unicode/norm/tables10.0.0.go,,,,6786
max,3,effective_lines_of_code_with_brackets,Effective LOC With Brackets/File,72c58468-aa18-4e1f-a564-d247686d83a5,nektos__act (sample analysis: 10 samples),Golang,1e32e6ab-33d6-4d89-9846-7da8542e66c8,2,2,file,vendor/golang.org/x/text/unicode/norm/tables9.0.0.go,,,,6777
max,4,effective_lines_of_code_with_brackets,Effective LOC With Brackets/File,fe280555-02ee-426f-bc9f-f74fdf273723,FiloSottile__mkcert (sample analysis: 10 samples),Golang,84cd5fb3-b43e-4fe1-a3a5-c022efb3c77c,2,2,file,vendor/golang.org/x/text/unicode/norm/tables9.0.0.go,,,,6774
max,5,effective_lines_of_code_with_brackets,Effective LOC With Brackets/File,e9d92337-e257-41dd-9d58-bc6f84121654,astrada__google-drive-ocamlfuse (sample analysis: 10 samples),Ocaml,ad76d0b4-5f43-4c62-bd69-964c48d7b79a,2,2,file,setup.ml,,,,4796
min,1,effective_lines_of_code,Effective LOC/File,72c58468-aa18-4e1f-a564-d247686d83a5,nektos__act (sample analysis: 10 samples),Golang,1e32e6ab-33d6-4d89-9846-7da8542e66c8,2,2,file,vendor/github.com/davecgh/go-spew/spew/doc.go,,,,0
min,2,effective_lines_of_code,Effective LOC/File,72c58468-aa18-4e1f-a564-d247686d83a5,nektos__act (sample analysis: 10 samples),Golang,1e32e6ab-33d6-4d89-9846-7da8542e66c8,2,2,file,vendor/github.com/sirupsen/logrus/doc.go,,,,0
min,3,effective_lines_of_code,Effective LOC/File,72c58468-aa18-4e1f-a564-d247686d83a5,nektos__act (sample analysis: 10 samples),Golang,1e32e6ab-33d6-4d89-9846-7da8542e66c8,2,2,file,vendor/golang.org/x/crypto/ssh/doc.go,,,,0
min,4,effective_lines_of_code,Effective LOC/File,72c58468-aa18-4e1f-a564-d247686d83a5,nektos__act (sample analysis: 10 samples),Golang,1e32e6ab-33d6-4d89-9846-7da8542e66c8,2,2,file,vendor/gopkg.in/src-d/go-git.v4/plumbing/protocol/packp/doc.go,,,,0
min,5,effective_lines_of_code,Effective LOC/File,72c58468-aa18-4e1f-a564-d247686d83a5,nektos__act (sample analysis: 10 samples),Golang,1e32e6ab-33d6-4d89-9846-7da8542e66c8,2,2,file,vendor/gopkg.in/src-d/go-git.v4/utils/merkletrie/doc.go,,,,0
max,1,effective_lines_of_code,Effective LOC/File,72c58468-aa18-4e1f-a564-d247686d83a5,nektos__act (sample analysis: 10 samples),Golang,1e32e6ab-33d6-4d89-9846-7da8542e66c8,2,2,file,vendor/golang.org/x/text/unicode/norm/tables10.0.0.go,,,,6709
max,2,effective_lines_of_code,Effective LOC/File,fe280555-02ee-426f-bc9f-f74fdf273723,FiloSottile__mkcert (sample analysis: 10 samples),Golang,84cd5fb3-b43e-4fe1-a3a5-c022efb3c77c,2,2,file,vendor/golang.org/x/text/unicode/norm/tables10.0.0.go,,,,6705
max,3,effective_lines_of_code,Effective LOC/File,72c58468-aa18-4e1f-a564-d247686d83a5,nektos__act (sample analysis: 10 samples),Golang,1e32e6ab-33d6-4d89-9846-7da8542e66c8,2,2,file,vendor/golang.org/x/text/unicode/norm/tables9.0.0.go,,,,6697
max,4,effective_lines_of_code,Effective LOC/File,fe280555-02ee-426f-bc9f-f74fdf273723,FiloSottile__mkcert (sample analysis: 10 samples),Golang,84cd5fb3-b43e-4fe1-a3a5-c022efb3c77c,2,2,file,vendor/golang.org/x/text/unicode/norm/tables9.0.0.go,,,,6693
max,5,effective_lines_of_code,Effective LOC/File,e9d92337-e257-41dd-9d58-bc6f84121654,astrada__google-drive-ocamlfuse (sample analysis: 10 samples),Ocaml,ad76d0b4-5f43-4c62-bd69-964c48d7b79a,2,2,file,setup.ml,,,,4702
min,1,comment_lines_of_code,Comment LOC/File,069ad96b-3762-4b18-b863-c8f40f8d0442,AlistGo__alist (sample analysis: 10 samples),Golang,43ea5eea-5748-4cd1-90e1-b6d0c626cde4,2,2,file,alist.go,,,,0
min,2,comment_lines_of_code,Comment LOC/File,069ad96b-3762-4b18-b863-c8f40f8d0442,AlistGo__alist (sample analysis: 10 samples),Golang,43ea5eea-5748-4cd1-90e1-b6d0c626cde4,2,2,file,bootstrap/model.go,,,,0
min,3,comment_lines_of_code,Comment LOC/File,069ad96b-3762-4b18-b863-c8f40f8d0442,AlistGo__alist (sample analysis: 10 samples),Golang,43ea5eea-5748-4cd1-90e1-b6d0c626cde4,2,2,file,conf/config.go,,,,0
min,4,comment_lines_of_code,Comment LOC/File,069ad96b-3762-4b18-b863-c8f40f8d0442,AlistGo__alist (sample analysis: 10 samples),Golang,43ea5eea-5748-4cd1-90e1-b6d0c626cde4,2,2,file,conf/const.go,,,,0
min,5,comment_lines_of_code,Comment LOC/File,069ad96b-3762-4b18-b863-c8f40f8d0442,AlistGo__alist (sample analysis: 10 samples),Golang,43ea5eea-5748-4cd1-90e1-b6d0c626cde4,2,2,file,drivers/123/types.go,,,,0
max,1,comment_lines_of_code,Comment LOC/File,a81fc79f-6ea8-409c-8690-f034ab9400d8,BinaryAnalysisPlatform__bap (sample analysis: 10 samples),Ocaml,dc631c79-3f50-44bb-a85b-e62068c697ae,2,2,file,lib/bap/bap.mli,,,,4732
max,2,comment_lines_of_code,Comment LOC/File,72c58468-aa18-4e1f-a564-d247686d83a5,nektos__act (sample analysis: 10 samples),Golang,1e32e6ab-33d6-4d89-9846-7da8542e66c8,2,2,file,vendor/golang.org/x/text/unicode/norm/tables10.0.0.go,,,,1836
max,3,comment_lines_of_code,Comment LOC/File,72c58468-aa18-4e1f-a564-d247686d83a5,nektos__act (sample analysis: 10 samples),Golang,1e32e6ab-33d6-4d89-9846-7da8542e66c8,2,2,file,vendor/golang.org/x/text/unicode/norm/tables9.0.0.go,,,,1828
max,4,comment_lines_of_code,Comment LOC/File,27c2b119-0bb1-44ad-8d53-458f0cca57e7,camlworks__dream (sample analysis: 10 samples),Ocaml,9fb8f82c-91be-4787-ad25-d0dbedc63d97,2,2,file,src/dream.mli,,,,1664
max,5,comment_lines_of_code,Comment LOC/File,fe280555-02ee-426f-bc9f-f74fdf273723,FiloSottile__mkcert (sample analysis: 10 samples),Golang,84cd5fb3-b43e-4fe1-a3a5-c022efb3c77c,2,2,file,vendor/golang.org/x/text/unicode/norm/tables10.0.0.go,,,,896
min,1,bracket_lines_of_code,Bracket LOC/File,069ad96b-3762-4b18-b863-c8f40f8d0442,AlistGo__alist (sample analysis: 10 samples),Golang,43ea5eea-5748-4cd1-90e1-b6d0c626cde4,2,2,file,drivers/sftp/util.go,,,,0
min,2,bracket_lines_of_code,Bracket LOC/File,069ad96b-3762-4b18-b863-c8f40f8d0442,AlistGo__alist (sample analysis: 10 samples),Golang,43ea5eea-5748-4cd1-90e1-b6d0c626cde4,2,2,file,drivers/template/util.go,,,,0
min,3,bracket_lines_of_code,Bracket LOC/File,069ad96b-3762-4b18-b863-c8f40f8d0442,AlistGo__alist (sample analysis: 10 samples),Golang,43ea5eea-5748-4cd1-90e1-b6d0c626cde4,2,2,file,drivers/yandex/util.go,,,,0
min,4,bracket_lines_of_code,Bracket LOC/File,069ad96b-3762-4b18-b863-c8f40f8d0442,AlistGo__alist (sample analysis: 10 samples),Golang,43ea5eea-5748-4cd1-90e1-b6d0c626cde4,2,2,file,pkg/gowebdav/doc.go,,,,0
min,5,bracket_lines_of_code,Bracket LOC/File,069ad96b-3762-4b18-b863-c8f40f8d0442,AlistGo__alist (sample analysis: 10 samples),Golang,43ea5eea-5748-4cd1-90e1-b6d0c626cde4,2,2,file,public/public.go,,,,0
max,1,bracket_lines_of_code,Bracket LOC/File,72c58468-aa18-4e1f-a564-d247686d83a5,nektos__act (sample analysis: 10 samples),Golang,1e32e6ab-33d6-4d89-9846-7da8542e66c8,2,2,file,vendor/github.com/gogo/protobuf/proto/table_marshal.go,,,,612
max,2,bracket_lines_of_code,Bracket LOC/File,72c58468-aa18-4e1f-a564-d247686d83a5,nektos__act (sample analysis: 10 samples),Golang,1e32e6ab-33d6-4d89-9846-7da8542e66c8,2,2,file,vendor/golang.org/x/sys/windows/zsyscall_windows.go,,,,594
max,3,bracket_lines_of_code,Bracket LOC/File,72c58468-aa18-4e1f-a564-d247686d83a5,nektos__act (sample analysis: 10 samples),Golang,1e32e6ab-33d6-4d89-9846-7da8542e66c8,2,2,file,vendor/github.com/gogo/protobuf/proto/table_unmarshal.go,,,,469
max,4,bracket_lines_of_code,Bracket LOC/File,72c58468-aa18-4e1f-a564-d247686d83a5,nektos__act (sample analysis: 10 samples),Golang,1e32e6ab-33d6-4d89-9846-7da8542e66c8,2,2,file,vendor/golang.org/x/sys/unix/zsyscall_linux_ppc64le.go,,,,459
max,5,bracket_lines_of_code,Bracket LOC/File,72c58468-aa18-4e1f-a564-d247686d83a5,nektos__act (sample analysis: 10 samples),Golang,1e32e6ab-33d6-4d89-9846-7da8542e66c8,2,2,file,vendor/golang.org/x/sys/unix/zsyscall_linux_ppc64.go,,,,459
min,1,total_cyclomatic,Total Cyclomatic/File,069ad96b-3762-4b18-b863-c8f40f8d0442,AlistGo__alist (sample analysis: 10 samples),Golang,43ea5eea-5748-4cd1-90e1-b6d0c626cde4,2,2,file,conf/const.go,,,,0
min,2,total_cyclomatic,Total Cyclomatic/File,069ad96b-3762-4b18-b863-c8f40f8d0442,AlistGo__alist (sample analysis: 10 samples),Golang,43ea5eea-5748-4cd1-90e1-b6d0c626cde4,2,2,file,drivers/139/types.go,,,,0
min,3,total_cyclomatic,Total Cyclomatic/File,069ad96b-3762-4b18-b863-c8f40f8d0442,AlistGo__alist (sample analysis: 10 samples),Golang,43ea5eea-5748-4cd1-90e1-b6d0c626cde4,2,2,file,drivers/189pc/type.go,,,,0
min,4,total_cyclomatic,Total Cyclomatic/File,069ad96b-3762-4b18-b863-c8f40f8d0442,AlistGo__alist (sample analysis: 10 samples),Golang,43ea5eea-5748-4cd1-90e1-b6d0c626cde4,2,2,file,drivers/baidu/types.go,,,,0
min,5,total_cyclomatic,Total Cyclomatic/File,069ad96b-3762-4b18-b863-c8f40f8d0442,AlistGo__alist (sample analysis: 10 samples),Golang,43ea5eea-5748-4cd1-90e1-b6d0c626cde4,2,2,file,drivers/base/types.go,,,,0
max,1,total_cyclomatic,Total Cyclomatic/File,e9d92337-e257-41dd-9d58-bc6f84121654,astrada__google-drive-ocamlfuse (sample analysis: 10 samples),Ocaml,ad76d0b4-5f43-4c62-bd69-964c48d7b79a,2,2,file,setup.ml,,,,870
max,2,total_cyclomatic,Total Cyclomatic/File,e9d92337-e257-41dd-9d58-bc6f84121654,astrada__google-drive-ocamlfuse (sample analysis: 10 samples),Ocaml,ad76d0b4-5f43-4c62-bd69-964c48d7b79a,2,2,file,src/mime.ml,,,,769
max,3,total_cyclomatic,Total Cyclomatic/File,72c58468-aa18-4e1f-a564-d247686d83a5,nektos__act (sample analysis: 10 samples),Golang,1e32e6ab-33d6-4d89-9846-7da8542e66c8,2,2,file,vendor/github.com/gogo/protobuf/proto/table_marshal.go,,,,664
max,4,total_cyclomatic,Total Cyclomatic/File,a81fc79f-6ea8-409c-8690-f034ab9400d8,BinaryAnalysisPlatform__bap (sample analysis: 10 samples),Ocaml,dc631c79-3f50-44bb-a85b-e62068c697ae,2,2,file,lib/bap_disasm/bap_disasm_x86.ml,,,,606
max,5,total_cyclomatic,Total Cyclomatic/File,72c58468-aa18-4e1f-a564-d247686d83a5,nektos__act (sample analysis: 10 samples),Golang,1e32e6ab-33d6-4d89-9846-7da8542e66c8,2,2,file,vendor/golang.org/x/sys/windows/zsyscall_windows.go,,,,591
min,1,maintainability_index_three_property,Maintainability Index Three Property,e9d92337-e257-41dd-9d58-bc6f84121654,astrada__google-drive-ocamlfuse (sample analysis: 10 samples),Ocaml,ad76d0b4-5f43-4c62-bd69-964c48d7b79a,2,2,file,setup.ml,,,,-228.1701673153384
min,2,maintainability_index_three_property,Maintainability Index Three Property,72c58468-aa18-4e1f-a564-d247686d83a5,nektos__act (sample analysis: 10 samples),Golang,1e32e6ab-33d6-4d89-9846-7da8542e66c8,2,2,file,vendor/github.com/gogo/protobuf/proto/table_marshal.go,,,,-169.1044168357841
min,3,maintainability_index_three_property,Maintainability Index Three Property,e9d92337-e257-41dd-9d58-bc6f84121654,astrada__google-drive-ocamlfuse (sample analysis: 10 samples),Ocaml,ad76d0b4-5f43-4c62-bd69-964c48d7b79a,2,2,file,src/mime.ml,,,,-168.4624240240524
min,4,maintainability_index_three_property,Maintainability Index Three Property,e9d92337-e257-41dd-9d58-bc6f84121654,astrada__google-drive-ocamlfuse (sample analysis: 10 samples),Ocaml,ad76d0b4-5f43-4c62-bd69-964c48d7b79a,2,2,function,src/mime.ml,map_filename_to_mime_type:3:5,3,775,-168.43478618283075
min,5,maintainability_index_three_property,Maintainability Index Three Property,72c58468-aa18-4e1f-a564-d247686d83a5,nektos__act (sample analysis: 10 samples),Golang,1e32e6ab-33d6-4d89-9846-7da8542e66c8,2,2,file,vendor/golang.org/x/sys/windows/zsyscall_windows.go,,,,-152.2089781948993
max,1,maintainability_index_three_property,Maintainability Index Three Property,e9d92337-e257-41dd-9d58-bc6f84121654,astrada__google-drive-ocamlfuse (sample analysis: 10 samples),Ocaml,ad76d0b4-5f43-4c62-bd69-964c48d7b79a,2,2,function,myocamlbuild.ml,ocamlfind:266:7,266,266,170.77
max,2,maintainability_index_three_property,Maintainability Index Three Property,e9d92337-e257-41dd-9d58-bc6f84121654,astrada__google-drive-ocamlfuse (sample analysis: 10 samples),Ocaml,ad76d0b4-5f43-4c62-bd69-964c48d7b79a,2,2,function,myocamlbuild.ml,find_syntaxes:263:7,263,263,170.77
max,3,maintainability_index_three_property,Maintainability Index Three Property,e9d92337-e257-41dd-9d58-bc6f84121654,astrada__google-drive-ocamlfuse (sample analysis: 10 samples),Ocaml,ad76d0b4-5f43-4c62-bd69-964c48d7b79a,2,2,function,myocamlbuild.ml,split_nl:251:7,251,251,170.77
max,4,maintainability_index_three_property,Maintainability Index Three Property,72c58468-aa18-4e1f-a564-d247686d83a5,nektos__act (sample analysis: 10 samples),Golang,1e32e6ab-33d6-4d89-9846-7da8542e66c8,2,2,file,vendor/gopkg.in/src-d/go-git.v4/utils/merkletrie/doc.go,,,,167.39563466108828
max,5,maintainability_index_three_property,Maintainability Index Three Property,72c58468-aa18-4e1f-a564-d247686d83a5,nektos__act (sample analysis: 10 samples),Golang,1e32e6ab-33d6-4d89-9846-7da8542e66c8,2,2,file,vendor/gopkg.in/src-d/go-git.v4/plumbing/storer/doc.go,,,,167.39563466108828
min,1,maintainability_index_four_property,Maintainability Index Four Property,e9d92337-e257-41dd-9d58-bc6f84121654,astrada__google-drive-ocamlfuse (sample analysis: 10 samples),Ocaml,ad76d0b4-5f43-4c62-bd69-964c48d7b79a,2,2,file,setup.ml,,,,-253.33288007394628
min,2,maintainability_index_four_property,Maintainability Index Four Property,72c58468-aa18-4e1f-a564-d247686d83a5,nektos__act (sample analysis: 10 samples),Golang,1e32e6ab-33d6-4d89-9846-7da8542e66c8,2,2,file,vendor/github.com/gogo/protobuf/proto/table_marshal.go,,,,-215.57072944659586
min,3,maintainability_index_four_property,Maintainability Index Four Property,a81fc79f-6ea8-409c-8690-f034ab9400d8,BinaryAnalysisPlatform__bap (sample analysis: 10 samples),Ocaml,dc631c79-3f50-44bb-a85b-e62068c697ae,2,2,file,lib/bap_disasm/bap_disasm_x86.ml,,,,-181.22273375673763
min,4,maintainability_index_four_property,Maintainability Index Four Property,72c58468-aa18-4e1f-a564-d247686d83a5,nektos__act (sample analysis: 10 samples),Golang,1e32e6ab-33d6-4d89-9846-7da8542e66c8,2,2,file,vendor/github.com/gogo/protobuf/proto/table_unmarshal.go,,,,-175.71529183981738
min,5,maintainability_index_four_property,Maintainability Index Four Property,e9d92337-e257-41dd-9d58-bc6f84121654,astrada__google-drive-ocamlfuse (sample analysis: 10 samples),Ocaml,ad76d0b4-5f43-4c62-bd69-964c48d7b79a,2,2,file,src/mime.ml,,,,-168.4624240240524
max,1,maintainability_index_four_property,Maintainability Index Four Property,72c58468-aa18-4e1f-a564-d247686d83a5,nektos__act (sample analysis: 10 samples),Golang,1e32e6ab-33d6-4d89-9846-7da8542e66c8,2,2,file,vendor/gopkg.in/src-d/go-git.v4/plumbing/protocol/packp/doc.go,,,,217.3939874859914
max,2,maintainability_index_four_property,Maintainability Index Four Property,72c58468-aa18-4e1f-a564-d247686d83a5,nektos__act (sample analysis: 10 samples),Golang,1e32e6ab-33d6-4d89-9846-7da8542e66c8,2,2,file,vendor/github.com/src-d/gcfg/types/doc.go,,,,216.97839509212605
max,3,maintainability_index_four_property,Maintainability Index Four Property,e8c37d0d-f999-4ab0-9696-770ba31bbe18,gin-gonic__gin (sample analysis: 10 samples),Golang,ebdeed0e-af53-40c3-8666-d0e61699a4f0,2,2,file,deprecated.go,,,,216.97839509212605
max,4,maintainability_index_four_property,Maintainability Index Four Property,72c58468-aa18-4e1f-a564-d247686d83a5,nektos__act (sample analysis: 10 samples),Golang,1e32e6ab-33d6-4d89-9846-7da8542e66c8,2,2,file,vendor/gopkg.in/src-d/go-git.v4/plumbing/protocol/packp/sideband/doc.go,,,,216.6370967026741
max,5,maintainability_index_four_property,Maintainability Index Four Property,72c58468-aa18-4e1f-a564-d247686d83a5,nektos__act (sample analysis: 10 samples),Golang,1e32e6ab-33d6-4d89-9846-7da8542e66c8,2,2,file,vendor/gopkg.in/src-d/go-git.v4/plumbing/format/packfile/doc.go,,,,214.8592164621373
min,1,maintainability_index_visual_studio,Maintainability Index Visual Studio,069ad96b-3762-4b18-b863-c8f40f8d0442,AlistGo__alist (sample analysis: 10 samples),Golang,43ea5eea-5748-4cd1-90e1-b6d0c626cde4,2,2,file,drivers/189pc/driver.go,,,,0
min,2,maintainability_index_visual_studio,Maintainability Index Visual Studio,069ad96b-3762-4b18-b863-c8f40f8d0442,AlistGo__alist (sample analysis: 10 samples),Golang,43ea5eea-5748-4cd1-90e1-b6d0c626cde4,2,2,file,server/webdav/internal/xml/marshal.go,,,,0
min,3,maintainability_index_visual_studio,Maintainability Index Visual Studio,069ad96b-3762-4b18-b863-c8f40f8d0442,AlistGo__alist (sample analysis: 10 samples),Golang,43ea5eea-5748-4cd1-90e1-b6d0c626cde4,2,2,file,server/webdav/internal/xml/read.go,,,,0
min,4,maintainability_index_visual_studio,Maintainability Index Visual Studio,069ad96b-3762-4b18-b863-c8f40f8d0442,AlistGo__alist (sample analysis: 10 samples),Golang,43ea5eea-5748-4cd1-90e1-b6d0c626cde4,2,2,file,server/webdav/internal/xml/xml.go,,,,0
min,5,maintainability_index_visual_studio,Maintainability Index Visual Studio,069ad96b-3762-4b18-b863-c8f40f8d0442,AlistGo__alist (sample analysis: 10 samples),Golang,43ea5eea-5748-4cd1-90e1-b6d0c626cde4,2,2,file,server/webdav/webdav.go,,,,0
max,1,maintainability_index_visual_studio,Maintainability Index Visual Studio,e9d92337-e257-41dd-9d58-bc6f84121654,astrada__google-drive-ocamlfuse (sample analysis: 10 samples),Ocaml,ad76d0b4-5f43-4c62-bd69-964c48d7b79a,2,2,function,myocamlbuild.ml,ocamlfind:266:7,266,266,99.86549707602339
max,2,maintainability_index_visual_studio,Maintainability Index Visual Studio,e9d92337-e257-41dd-9d58-bc6f84121654,astrada__google-drive-ocamlfuse (sample analysis: 10 samples),Ocaml,ad76d0b4-5f43-4c62-bd69-964c48d7b79a,2,2,function,myocamlbuild.ml,find_syntaxes:263:7,263,263,99.86549707602339
max,3,maintainability_index_visual_studio,Maintainability Index Visual Studio,e9d92337-e257-41dd-9d58-bc6f84121654,astrada__google-drive-ocamlfuse (sample analysis: 10 samples),Ocaml,ad76d0b4-5f43-4c62-bd69-964c48d7b79a,2,2,function,myocamlbuild.ml,split_nl:251:7,251,251,99.86549707602339
max,4,maintainability_index_visual_studio,Maintainability Index Visual Studio,72c58468-aa18-4e1f-a564-d247686d83a5,nektos__act (sample analysis: 10 samples),Golang,1e32e6ab-33d6-4d89-9846-7da8542e66c8,2,2,file,vendor/gopkg.in/src-d/go-git.v4/utils/merkletrie/doc.go,,,,97.89218401233234
max,5,maintainability_index_visual_studio,Maintainability Index Visual Studio,72c58468-aa18-4e1f-a564-d247686d83a5,nektos__act (sample analysis: 10 samples),Golang,1e32e6ab-33d6-4d89-9846-7da8542e66c8,2,2,file,vendor/gopkg.in/src-d/go-git.v4/plumbing/storer/doc.go,,,,97.89218401233234
min,1,maintainability_index_comment_percentage,Maintainability Index Comment Percentage,069ad96b-3762-4b18-b863-c8f40f8d0442,AlistGo__alist (sample analysis: 10 samples),Golang,43ea5eea-5748-4cd1-90e1-b6d0c626cde4,2,2,file,alist.go,,,,0
min,2,maintainability_index_comment_percentage,Maintainability Index Comment Percentage,069ad96b-3762-4b18-b863-c8f40f8d0442,AlistGo__alist (sample analysis: 10 samples),Golang,43ea5eea-5748-4cd1-90e1-b6d0c626cde4,2,2,function,alist.go,Init:14:6,14,32,0
min,3,maintainability_index_comment_percentage,Maintainability Index Comment Percentage,069ad96b-3762-4b18-b863-c8f40f8d0442,AlistGo__alist (sample analysis: 10 samples),Golang,43ea5eea-5748-4cd1-90e1-b6d0c626cde4,2,2,function,alist.go,main:34:6,34,59,0
min,4,maintainability_index_comment_percentage,Maintainability Index Comment Percentage,069ad96b-3762-4b18-b863-c8f40f8d0442,AlistGo__alist (sample analysis: 10 samples),Golang,43ea5eea-5748-4cd1-90e1-b6d0c626cde4,2,2,function,bootstrap/cache.go,InitCache:13:6,13,22,0
min,5,maintainability_index_comment_percentage,Maintainability Index Comment Percentage,069ad96b-3762-4b18-b863-c8f40f8d0442,AlistGo__alist (sample analysis: 10 samples),Golang,43ea5eea-5748-4cd1-90e1-b6d0c626cde4,2,2,function,bootstrap/conf.go,confFromEnv:61:6,61,71,0
max,1,maintainability_index_comment_percentage,Maintainability Index Comment Percentage,72c58468-aa18-4e1f-a564-d247686d83a5,nektos__act (sample analysis: 10 samples),Golang,1e32e6ab-33d6-4d89-9846-7da8542e66c8,2,2,file,vendor/gopkg.in/src-d/go-git.v4/plumbing/protocol/packp/doc.go,,,,72200
max,2,maintainability_index_comment_percentage,Maintainability Index Comment Percentage,72c58468-aa18-4e1f-a564-d247686d83a5,nektos__act (sample analysis: 10 samples),Golang,1e32e6ab-33d6-4d89-9846-7da8542e66c8,2,2,file,vendor/gopkg.in/src-d/go-git.v4/plumbing/format/index/doc.go,,,,35900
max,3,maintainability_index_comment_percentage,Maintainability Index Comment Percentage,72c58468-aa18-4e1f-a564-d247686d83a5,nektos__act (sample analysis: 10 samples),Golang,1e32e6ab-33d6-4d89-9846-7da8542e66c8,2,2,file,vendor/github.com/davecgh/go-spew/spew/doc.go,,,,20900
max,4,maintainability_index_comment_percentage,Maintainability Index Comment Percentage,72c58468-aa18-4e1f-a564-d247686d83a5,nektos__act (sample analysis: 10 samples),Golang,1e32e6ab-33d6-4d89-9846-7da8542e66c8,2,2,file,vendor/github.com/src-d/gcfg/doc.go,,,,14500
max,5,maintainability_index_comment_percentage,Maintainability Index Comment Percentage,72c58468-aa18-4e1f-a564-d247686d83a5,nektos__act (sample analysis: 10 samples),Golang,1e32e6ab-33d6-4d89-9846-7da8542e66c8,2,2,file,vendor/gopkg.in/src-d/go-git.v4/plumbing/format/idxfile/doc.go,,,,12700
min,1,total_halstead_unique_operators,Total Halstead Unique Operators/File,a81fc79f-6ea8-409c-8690-f034ab9400d8,BinaryAnalysisPlatform__bap (sample analysis: 10 samples),Ocaml,dc631c79-3f50-44bb-a85b-e62068c697ae,2,2,file,lib/bap/bap_load_plugins.mli,,,,0
min,2,total_halstead_unique_operators,Total Halstead Unique Operators/File,a81fc79f-6ea8-409c-8690-f034ab9400d8,BinaryAnalysisPlatform__bap (sample analysis: 10 samples),Ocaml,dc631c79-3f50-44bb-a85b-e62068c697ae,2,2,file,lib/bap_disasm/bap_disasm_arm_env.ml,,,,0
min,3,total_halstead_unique_operators,Total Halstead Unique Operators/File,a81fc79f-6ea8-409c-8690-f034ab9400d8,BinaryAnalysisPlatform__bap (sample analysis: 10 samples),Ocaml,dc631c79-3f50-44bb-a85b-e62068c697ae,2,2,file,lib/bap_disasm/bap_disasm_arm_lifter.ml,,,,0
min,4,total_halstead_unique_operators,Total Halstead Unique Operators/File,a81fc79f-6ea8-409c-8690-f034ab9400d8,BinaryAnalysisPlatform__bap (sample analysis: 10 samples),Ocaml,dc631c79-3f50-44bb-a85b-e62068c697ae,2,2,file,lib/bap_disasm/bap_llvm.mli,,,,0
min,5,total_halstead_unique_operators,Total Halstead Unique Operators/File,a81fc79f-6ea8-409c-8690-f034ab9400d8,BinaryAnalysisPlatform__bap (sample analysis: 10 samples),Ocaml,dc631c79-3f50-44bb-a85b-e62068c697ae,2,2,file,lib/bap_types/bap_stmt.ml,,,,0
max,1,total_halstead_unique_operators,Total Halstead Unique Operators/File,729d4ded-b025-47be-ae9b-ed0561b8f9e6,bcpierce00__unison (sample analysis: 10 samples),Ocaml,aba9e49e-b9ab-4ec1-bf4f-f78be3f6e32f,2,2,file,src/uigtk2.ml,,,,66
max,2,total_halstead_unique_operators,Total Halstead Unique Operators/File,729d4ded-b025-47be-ae9b-ed0561b8f9e6,bcpierce00__unison (sample analysis: 10 samples),Ocaml,aba9e49e-b9ab-4ec1-bf4f-f78be3f6e32f,2,2,file,src/uigtk.ml,,,,65
max,3,total_halstead_unique_operators,Total Halstead Unique Operators/File,e9d92337-e257-41dd-9d58-bc6f84121654,astrada__google-drive-ocamlfuse (sample analysis: 10 samples),Ocaml,ad76d0b4-5f43-4c62-bd69-964c48d7b79a,2,2,file,setup.ml,,,,56
max,4,total_halstead_unique_operators,Total Halstead Unique Operators/File,a81fc79f-6ea8-409c-8690-f034ab9400d8,BinaryAnalysisPlatform__bap (sample analysis: 10 samples),Ocaml,dc631c79-3f50-44bb-a85b-e62068c697ae,2,2,file,lib/bap_types/bap_graph.ml,,,,54
max,5,total_halstead_unique_operators,Total Halstead Unique Operators/File,a81fc79f-6ea8-409c-8690-f034ab9400d8,BinaryAnalysisPlatform__bap (sample analysis: 10 samples),Ocaml,dc631c79-3f50-44bb-a85b-e62068c697ae,2,2,file,lib/bap/bap.mli,,,,54
min,1,total_halstead_unique_operands,Total Halstead Unique Operands/File,a81fc79f-6ea8-409c-8690-f034ab9400d8,BinaryAnalysisPlatform__bap (sample analysis: 10 samples),Ocaml,dc631c79-3f50-44bb-a85b-e62068c697ae,2,2,file,lib/bap/bap_load_plugins.mli,,,,0
min,2,total_halstead_unique_operands,Total Halstead Unique Operands/File,a81fc79f-6ea8-409c-8690-f034ab9400d8,BinaryAnalysisPlatform__bap (sample analysis: 10 samples),Ocaml,dc631c79-3f50-44bb-a85b-e62068c697ae,2,2,file,lib/bap_disasm/bap_disasm_arm_env.ml,,,,0
min,3,total_halstead_unique_operands,Total Halstead Unique Operands/File,a81fc79f-6ea8-409c-8690-f034ab9400d8,BinaryAnalysisPlatform__bap (sample analysis: 10 samples),Ocaml,dc631c79-3f50-44bb-a85b-e62068c697ae,2,2,file,lib/bap_disasm/bap_disasm_arm_lifter.ml,,,,0
min,4,total_halstead_unique_operands,Total Halstead Unique Operands/File,a81fc79f-6ea8-409c-8690-f034ab9400d8,BinaryAnalysisPlatform__bap (sample analysis: 10 samples),Ocaml,dc631c79-3f50-44bb-a85b-e62068c697ae,2,2,file,lib/bap_disasm/bap_llvm.mli,,,,0
min,5,total_halstead_unique_operands,Total Halstead Unique Operands/File,a81fc79f-6ea8-409c-8690-f034ab9400d8,BinaryAnalysisPlatform__bap (sample analysis: 10 samples),Ocaml,dc631c79-3f50-44bb-a85b-e62068c697ae,2,2,file,lib/bap_types/bap_stmt.ml,,,,0
max,1,total_halstead_unique_operands,Total Halstead Unique Operands/File,fe280555-02ee-426f-bc9f-f74fdf273723,FiloSottile__mkcert (sample analysis: 10 samples),Golang,84cd5fb3-b43e-4fe1-a3a5-c022efb3c77c,2,2,file,vendor/golang.org/x/text/unicode/norm/tables10.0.0.go,,,,10909
max,2,total_halstead_unique_operands,Total Halstead Unique Operands/File,fe280555-02ee-426f-bc9f-f74fdf273723,FiloSottile__mkcert (sample analysis: 10 samples),Golang,84cd5fb3-b43e-4fe1-a3a5-c022efb3c77c,2,2,file,vendor/golang.org/x/text/unicode/norm/tables9.0.0.go,,,,10852
max,3,total_halstead_unique_operands,Total Halstead Unique Operands/File,fe280555-02ee-426f-bc9f-f74fdf273723,FiloSottile__mkcert (sample analysis: 10 samples),Golang,84cd5fb3-b43e-4fe1-a3a5-c022efb3c77c,2,2,file,vendor/golang.org/x/net/idna/tables.go,,,,10635
max,4,total_halstead_unique_operands,Total Halstead Unique Operands/File,72c58468-aa18-4e1f-a564-d247686d83a5,nektos__act (sample analysis: 10 samples),Golang,1e32e6ab-33d6-4d89-9846-7da8542e66c8,2,2,file,vendor/golang.org/x/text/unicode/norm/tables10.0.0.go,,,,10018
max,5,total_halstead_unique_operands,Total Halstead Unique Operands/File,72c58468-aa18-4e1f-a564-d247686d83a5,nektos__act (sample analysis: 10 samples),Golang,1e32e6ab-33d6-4d89-9846-7da8542e66c8,2,2,file,vendor/golang.org/x/text/unicode/norm/tables9.0.0.go,,,,9961
min,1,total_halstead_operators,Total Halstead Operators/File,a81fc79f-6ea8-409c-8690-f034ab9400d8,BinaryAnalysisPlatform__bap (sample analysis: 10 samples),Ocaml,dc631c79-3f50-44bb-a85b-e62068c697ae,2,2,file,lib/bap/bap_load_plugins.mli,,,,0
min,2,total_halstead_operators,Total Halstead Operators/File,a81fc79f-6ea8-409c-8690-f034ab9400d8,BinaryAnalysisPlatform__bap (sample analysis: 10 samples),Ocaml,dc631c79-3f50-44bb-a85b-e62068c697ae,2,2,file,lib/bap_disasm/bap_disasm_arm_env.ml,,,,0
min,3,total_halstead_operators,Total Halstead Operators/File,a81fc79f-6ea8-409c-8690-f034ab9400d8,BinaryAnalysisPlatform__bap (sample analysis: 10 samples),Ocaml,dc631c79-3f50-44bb-a85b-e62068c697ae,2,2,file,lib/bap_disasm/bap_disasm_arm_lifter.ml,,,,0
min,4,total_halstead_operators,Total Halstead Operators/File,a81fc79f-6ea8-409c-8690-f034ab9400d8,BinaryAnalysisPlatform__bap (sample analysis: 10 samples),Ocaml,dc631c79-3f50-44bb-a85b-e62068c697ae,2,2,file,lib/bap_disasm/bap_llvm.mli,,,,0
min,5,total_halstead_operators,Total Halstead Operators/File,a81fc79f-6ea8-409c-8690-f034ab9400d8,BinaryAnalysisPlatform__bap (sample analysis: 10 samples),Ocaml,dc631c79-3f50-44bb-a85b-e62068c697ae,2,2,file,lib/bap_types/bap_stmt.ml,,,,0
max,1,total_halstead_operators,Total Halstead Operators/File,a81fc79f-6ea8-409c-8690-f034ab9400d8,BinaryAnalysisPlatform__bap (sample analysis: 10 samples),Ocaml,dc631c79-3f50-44bb-a85b-e62068c697ae,2,2,file,lib/bap/bap.mli,,,,6847
max,2,total_halstead_operators,Total Halstead Operators/File,e9d92337-e257-41dd-9d58-bc6f84121654,astrada__google-drive-ocamlfuse (sample analysis: 10 samples),Ocaml,ad76d0b4-5f43-4c62-bd69-964c48d7b79a,2,2,file,setup.ml,,,,5088
max,3,total_halstead_operators,Total Halstead Operators/File,72c58468-aa18-4e1f-a564-d247686d83a5,nektos__act (sample analysis: 10 samples),Golang,1e32e6ab-33d6-4d89-9846-7da8542e66c8,2,2,file,vendor/golang.org/x/crypto/ed25519/internal/edwards25519/const.go,,,,3948
max,4,total_halstead_operators,Total Halstead Operators/File,729d4ded-b025-47be-ae9b-ed0561b8f9e6,bcpierce00__unison (sample analysis: 10 samples),Ocaml,aba9e49e-b9ab-4ec1-bf4f-f78be3f6e32f,2,2,file,src/uigtk2.ml,,,,3540
max,5,total_halstead_operators,Total Halstead Operators/File,72c58468-aa18-4e1f-a564-d247686d83a5,nektos__act (sample analysis: 10 samples),Golang,1e32e6ab-33d6-4d89-9846-7da8542e66c8,2,2,file,vendor/golang.org/x/crypto/ed25519/internal/edwards25519/edwards25519.go,,,,3413
min,1,total_halstead_operands,Total Halstead Operands/File,a81fc79f-6ea8-409c-8690-f034ab9400d8,BinaryAnalysisPlatform__bap (sample analysis: 10 samples),Ocaml,dc631c79-3f50-44bb-a85b-e62068c697ae,2,2,file,lib/bap/bap_load_plugins.mli,,,,0
min,2,total_halstead_operands,Total Halstead Operands/File,a81fc79f-6ea8-409c-8690-f034ab9400d8,BinaryAnalysisPlatform__bap (sample analysis: 10 samples),Ocaml,dc631c79-3f50-44bb-a85b-e62068c697ae,2,2,file,lib/bap_disasm/bap_disasm_arm_env.ml,,,,0
min,3,total_halstead_operands,Total Halstead Operands/File,a81fc79f-6ea8-409c-8690-f034ab9400d8,BinaryAnalysisPlatform__bap (sample analysis: 10 samples),Ocaml,dc631c79-3f50-44bb-a85b-e62068c697ae,2,2,file,lib/bap_disasm/bap_disasm_arm_lifter.ml,,,,0
min,4,total_halstead_operands,Total Halstead Operands/File,a81fc79f-6ea8-409c-8690-f034ab9400d8,BinaryAnalysisPlatform__bap (sample analysis: 10 samples),Ocaml,dc631c79-3f50-44bb-a85b-e62068c697ae,2,2,file,lib/bap_disasm/bap_llvm.mli,,,,0
min,5,total_halstead_operands,Total Halstead Operands/File,a81fc79f-6ea8-409c-8690-f034ab9400d8,BinaryAnalysisPlatform__bap (sample analysis: 10 samples),Ocaml,dc631c79-3f50-44bb-a85b-e62068c697ae,2,2,file,lib/bap_types/bap_stmt.ml,,,,0
max,1,total_halstead_operands,Total Halstead Operands/File,fe280555-02ee-426f-bc9f-f74fdf273723,FiloSottile__mkcert (sample analysis: 10 samples),Golang,84cd5fb3-b43e-4fe1-a3a5-c022efb3c77c,2,2,file,vendor/golang.org/x/text/unicode/norm/tables10.0.0.go,,,,46922
max,2,total_halstead_operands,Total Halstead Operands/File,fe280555-02ee-426f-bc9f-f74fdf273723,FiloSottile__mkcert (sample analysis: 10 samples),Golang,84cd5fb3-b43e-4fe1-a3a5-c022efb3c77c,2,2,file,vendor/golang.org/x/text/unicode/norm/tables9.0.0.go,,,,46732
max,3,total_halstead_operands,Total Halstead Operands/File,72c58468-aa18-4e1f-a564-d247686d83a5,nektos__act (sample analysis: 10 samples),Golang,1e32e6ab-33d6-4d89-9846-7da8542e66c8,2,2,file,vendor/golang.org/x/text/unicode/norm/tables10.0.0.go,,,,45989
max,4,total_halstead_operands,Total Halstead Operands/File,72c58468-aa18-4e1f-a564-d247686d83a5,nektos__act (sample analysis: 10 samples),Golang,1e32e6ab-33d6-4d89-9846-7da8542e66c8,2,2,file,vendor/golang.org/x/text/unicode/norm/tables9.0.0.go,,,,45799
max,5,total_halstead_operands,Total Halstead Operands/File,fe280555-02ee-426f-bc9f-f74fdf273723,FiloSottile__mkcert (sample analysis: 10 samples),Golang,84cd5fb3-b43e-4fe1-a3a5-c022efb3c77c,2,2,file,vendor/golang.org/x/net/idna/tables.go,,,,32128
min,1,total_halstead_length,Total Halstead Length/File,a81fc79f-6ea8-409c-8690-f034ab9400d8,BinaryAnalysisPlatform__bap (sample analysis: 10 samples),Ocaml,dc631c79-3f50-44bb-a85b-e62068c697ae,2,2,file,lib/bap/bap_load_plugins.mli,,,,0
min,2,total_halstead_length,Total Halstead Length/File,a81fc79f-6ea8-409c-8690-f034ab9400d8,BinaryAnalysisPlatform__bap (sample analysis: 10 samples),Ocaml,dc631c79-3f50-44bb-a85b-e62068c697ae,2,2,file,lib/bap_disasm/bap_disasm_arm_env.ml,,,,0
min,3,total_halstead_length,Total Halstead Length/File,a81fc79f-6ea8-409c-8690-f034ab9400d8,BinaryAnalysisPlatform__bap (sample analysis: 10 samples),Ocaml,dc631c79-3f50-44bb-a85b-e62068c697ae,2,2,file,lib/bap_disasm/bap_disasm_arm_lifter.ml,,,,0
min,4,total_halstead_length,Total Halstead Length/File,a81fc79f-6ea8-409c-8690-f034ab9400d8,BinaryAnalysisPlatform__bap (sample analysis: 10 samples),Ocaml,dc631c79-3f50-44bb-a85b-e62068c697ae,2,2,file,lib/bap_disasm/bap_llvm.mli,,,,0
min,5,total_halstead_length,Total Halstead Length/File,a81fc79f-6ea8-409c-8690-f034ab9400d8,BinaryAnalysisPlatform__bap (sample analysis: 10 samples),Ocaml,dc631c79-3f50-44bb-a85b-e62068c697ae,2,2,file,lib/bap_types/bap_stmt.ml,,,,0
max,1,total_halstead_length,Total Halstead Length/File,72c58468-aa18-4e1f-a564-d247686d83a5,nektos__act (sample analysis: 10 samples),Golang,1e32e6ab-33d6-4d89-9846-7da8542e66c8,2,2,file,vendor/golang.org/x/text/unicode/norm/tables10.0.0.go,,,,47417
max,2,total_halstead_length,Total Halstead Length/File,fe280555-02ee-426f-bc9f-f74fdf273723,FiloSottile__mkcert (sample analysis: 10 samples),Golang,84cd5fb3-b43e-4fe1-a3a5-c022efb3c77c,2,2,file,vendor/golang.org/x/text/unicode/norm/tables10.0.0.go,,,,47406
max,3,total_halstead_length,Total Halstead Length/File,72c58468-aa18-4e1f-a564-d247686d83a5,nektos__act (sample analysis: 10 samples),Golang,1e32e6ab-33d6-4d89-9846-7da8542e66c8,2,2,file,vendor/golang.org/x/text/unicode/norm/tables9.0.0.go,,,,47227
max,4,total_halstead_length,Total Halstead Length/File,fe280555-02ee-426f-bc9f-f74fdf273723,FiloSottile__mkcert (sample analysis: 10 samples),Golang,84cd5fb3-b43e-4fe1-a3a5-c022efb3c77c,2,2,file,vendor/golang.org/x/text/unicode/norm/tables9.0.0.go,,,,47216
max,5,total_halstead_length,Total Halstead Length/File,fe280555-02ee-426f-bc9f-f74fdf273723,FiloSottile__mkcert (sample analysis: 10 samples),Golang,84cd5fb3-b43e-4fe1-a3a5-c022efb3c77c,2,2,file,vendor/golang.org/x/net/idna/tables.go,,,,32731
min,1,total_halstead_vocabulary,Total Halstead Vocabulary/File,a81fc79f-6ea8-409c-8690-f034ab9400d8,BinaryAnalysisPlatform__bap (sample analysis: 10 samples),Ocaml,dc631c79-3f50-44bb-a85b-e62068c697ae,2,2,file,lib/bap/bap_load_plugins.mli,,,,0
min,2,total_halstead_vocabulary,Total Halstead Vocabulary/File,a81fc79f-6ea8-409c-8690-f034ab9400d8,BinaryAnalysisPlatform__bap (sample analysis: 10 samples),Ocaml,dc631c79-3f50-44bb-a85b-e62068c697ae,2,2,file,lib/bap_disasm/bap_disasm_arm_env.ml,,,,0
min,3,total_halstead_vocabulary,Total Halstead Vocabulary/File,a81fc79f-6ea8-409c-8690-f034ab9400d8,BinaryAnalysisPlatform__bap (sample analysis: 10 samples),Ocaml,dc631c79-3f50-44bb-a85b-e62068c697ae,2,2,file,lib/bap_disasm/bap_disasm_arm_lifter.ml,,,,0
min,4,total_halstead_vocabulary,Total Halstead Vocabulary/File,a81fc79f-6ea8-409c-8690-f034ab9400d8,BinaryAnalysisPlatform__bap (sample analysis: 10 samples),Ocaml,dc631c79-3f50-44bb-a85b-e62068c697ae,2,2,file,lib/bap_disasm/bap_llvm.mli,,,,0
min,5,total_halstead_vocabulary,Total Halstead Vocabulary/File,a81fc79f-6ea8-409c-8690-f034ab9400d8,BinaryAnalysisPlatform__bap (sample analysis: 10 samples),Ocaml,dc631c79-3f50-44bb-a85b-e62068c697ae,2,2,file,lib/bap_types/bap_stmt.ml,,,,0
max,1,total_halstead_vocabulary,Total Halstead Vocabulary/File,fe280555-02ee-426f-bc9f-f74fdf273723,FiloSottile__mkcert (sample analysis: 10 samples),Golang,84cd5fb3-b43e-4fe1-a3a5-c022efb3c77c,2,2,file,vendor/golang.org/x/text/unicode/norm/tables10.0.0.go,,,,10931
max,2,total_halstead_vocabulary,Total Halstead Vocabulary/File,fe280555-02ee-426f-bc9f-f74fdf273723,FiloSottile__mkcert (sample analysis: 10 samples),Golang,84cd5fb3-b43e-4fe1-a3a5-c022efb3c77c,2,2,file,vendor/golang.org/x/text/unicode/norm/tables9.0.0.go,,,,10874
max,3,total_halstead_vocabulary,Total Halstead Vocabulary/File,fe280555-02ee-426f-bc9f-f74fdf273723,FiloSottile__mkcert (sample analysis: 10 samples),Golang,84cd5fb3-b43e-4fe1-a3a5-c022efb3c77c,2,2,file,vendor/golang.org/x/net/idna/tables.go,,,,10656
max,4,total_halstead_vocabulary,Total Halstead Vocabulary/File,72c58468-aa18-4e1f-a564-d247686d83a5,nektos__act (sample analysis: 10 samples),Golang,1e32e6ab-33d6-4d89-9846-7da8542e66c8,2,2,file,vendor/golang.org/x/text/unicode/norm/tables10.0.0.go,,,,10041
max,5,total_halstead_vocabulary,Total Halstead Vocabulary/File,72c58468-aa18-4e1f-a564-d247686d83a5,nektos__act (sample analysis: 10 samples),Golang,1e32e6ab-33d6-4d89-9846-7da8542e66c8,2,2,file,vendor/golang.org/x/text/unicode/norm/tables9.0.0.go,,,,9984
min,1,total_halstead_calculated_length,Total Halstead Calculated Length/File,069ad96b-3762-4b18-b863-c8f40f8d0442,AlistGo__alist (sample analysis: 10 samples),Golang,43ea5eea-5748-4cd1-90e1-b6d0c626cde4,2,2,file,drivers/sftp/util.go,,,,0
min,2,total_halstead_calculated_length,Total Halstead Calculated Length/File,069ad96b-3762-4b18-b863-c8f40f8d0442,AlistGo__alist (sample analysis: 10 samples),Golang,43ea5eea-5748-4cd1-90e1-b6d0c626cde4,2,2,file,drivers/template/util.go,,,,0
min,3,total_halstead_calculated_length,Total Halstead Calculated Length/File,069ad96b-3762-4b18-b863-c8f40f8d0442,AlistGo__alist (sample analysis: 10 samples),Golang,43ea5eea-5748-4cd1-90e1-b6d0c626cde4,2,2,file,drivers/yandex/util.go,,,,0
min,4,total_halstead_calculated_length,Total Halstead Calculated Length/File,069ad96b-3762-4b18-b863-c8f40f8d0442,AlistGo__alist (sample analysis: 10 samples),Golang,43ea5eea-5748-4cd1-90e1-b6d0c626cde4,2,2,file,pkg/gowebdav/doc.go,,,,0
min,5,total_halstead_calculated_length,Total Halstead Calculated Length/File,fe280555-02ee-426f-bc9f-f74fdf273723,FiloSottile__mkcert (sample analysis: 10 samples),Golang,84cd5fb3-b43e-4fe1-a3a5-c022efb3c77c,2,2,file,vendor/github.com/DHowett/go-plist/doc.go,,,,0
max,1,total_halstead_calculated_length,Total Halstead Calculated Length/File,fe280555-02ee-426f-bc9f-f74fdf273723,FiloSottile__mkcert (sample analysis: 10 samples),Golang,84cd5fb3-b43e-4fe1-a3a5-c022efb3c77c,2,2,file,vendor/golang.org/x/text/unicode/norm/tables10.0.0.go,,,,146423.04708321963
max,2,total_halstead_calculated_length,Total Halstead Calculated Length/File,fe280555-02ee-426f-bc9f-f74fdf273723,FiloSottile__mkcert (sample analysis: 10 samples),Golang,84cd5fb3-b43e-4fe1-a3a5-c022efb3c77c,2,2,file,vendor/golang.org/x/text/unicode/norm/tables9.0.0.go,,,,145576.47449753282
max,3,total_halstead_calculated_length,Total Halstead Calculated Length/File,fe280555-02ee-426f-bc9f-f74fdf273723,FiloSottile__mkcert (sample analysis: 10 samples),Golang,84cd5fb3-b43e-4fe1-a3a5-c022efb3c77c,2,2,file,vendor/golang.org/x/net/idna/tables.go,,,,142351.6608765172
max,4,total_halstead_calculated_length,Total Halstead Calculated Length/File,72c58468-aa18-4e1f-a564-d247686d83a5,nektos__act (sample analysis: 10 samples),Golang,1e32e6ab-33d6-4d89-9846-7da8542e66c8,2,2,file,vendor/golang.org/x/text/unicode/norm/tables10.0.0.go,,,,133246.33641170096
max,5,total_halstead_calculated_length,Total Halstead Calculated Length/File,72c58468-aa18-4e1f-a564-d247686d83a5,nektos__act (sample analysis: 10 samples),Golang,1e32e6ab-33d6-4d89-9846-7da8542e66c8,2,2,file,vendor/golang.org/x/text/unicode/norm/tables9.0.0.go,,,,132406.7896909554
min,1,total_halstead_volume,Total Halstead Volume/File,a81fc79f-6ea8-409c-8690-f034ab9400d8,BinaryAnalysisPlatform__bap (sample analysis: 10 samples),Ocaml,dc631c79-3f50-44bb-a85b-e62068c697ae,2,2,file,lib/bap/bap_load_plugins.mli,,,,0
min,2,total_halstead_volume,Total Halstead Volume/File,a81fc79f-6ea8-409c-8690-f034ab9400d8,BinaryAnalysisPlatform__bap (sample analysis: 10 samples),Ocaml,dc631c79-3f50-44bb-a85b-e62068c697ae,2,2,file,lib/bap_disasm/bap_disasm_arm_env.ml,,,,0
min,3,total_halstead_volume,Total Halstead Volume/File,a81fc79f-6ea8-409c-8690-f034ab9400d8,BinaryAnalysisPlatform__bap (sample analysis: 10 samples),Ocaml,dc631c79-3f50-44bb-a85b-e62068c697ae,2,2,file,lib/bap_disasm/bap_disasm_arm_lifter.ml,,,,0
min,4,total_halstead_volume,Total Halstead Volume/File,a81fc79f-6ea8-409c-8690-f034ab9400d8,BinaryAnalysisPlatform__bap (sample analysis: 10 samples),Ocaml,dc631c79-3f50-44bb-a85b-e62068c697ae,2,2,file,lib/bap_disasm/bap_llvm.mli,,,,0
min,5,total_halstead_volume,Total Halstead Volume/File,a81fc79f-6ea8-409c-8690-f034ab9400d8,BinaryAnalysisPlatform__bap (sample analysis: 10 samples),Ocaml,dc631c79-3f50-44bb-a85b-e62068c697ae,2,2,file,lib/bap_types/bap_stmt.ml,,,,0
max,1,total_halstead_volume,Total Halstead Volume/File,fe280555-02ee-426f-bc9f-f74fdf273723,FiloSottile__mkcert (sample analysis: 10 samples),Golang,84cd5fb3-b43e-4fe1-a3a5-c022efb3c77c,2,2,file,vendor/golang.org/x/text/unicode/norm/tables10.0.0.go,,,,636005.4270572222
max,2,total_halstead_volume,Total Halstead Volume/File,fe280555-02ee-426f-bc9f-f74fdf273723,FiloSottile__mkcert (sample analysis: 10 samples),Golang,84cd5fb3-b43e-4fe1-a3a5-c022efb3c77c,2,2,file,vendor/golang.org/x/text/unicode/norm/tables9.0.0.go,,,,633100.2268458751
max,3,total_halstead_volume,Total Halstead Volume/File,72c58468-aa18-4e1f-a564-d247686d83a5,nektos__act (sample analysis: 10 samples),Golang,1e32e6ab-33d6-4d89-9846-7da8542e66c8,2,2,file,vendor/golang.org/x/text/unicode/norm/tables10.0.0.go,,,,630343.3584064433
max,4,total_halstead_volume,Total Halstead Volume/File,72c58468-aa18-4e1f-a564-d247686d83a5,nektos__act (sample analysis: 10 samples),Golang,1e32e6ab-33d6-4d89-9846-7da8542e66c8,2,2,file,vendor/golang.org/x/text/unicode/norm/tables9.0.0.go,,,,627429.6905902075
max,5,total_halstead_volume,Total Halstead Volume/File,fe280555-02ee-426f-bc9f-f74fdf273723,FiloSottile__mkcert (sample analysis: 10 samples),Golang,84cd5fb3-b43e-4fe1-a3a5-c022efb3c77c,2,2,file,vendor/golang.org/x/net/idna/tables.go,,,,437920.4333326095
min,1,total_halstead_difficulty,Total Halstead Difficulty/File,a81fc79f-6ea8-409c-8690-f034ab9400d8,BinaryAnalysisPlatform__bap (sample analysis: 10 samples),Ocaml,dc631c79-3f50-44bb-a85b-e62068c697ae,2,2,file,lib/bap/bap_load_plugins.mli,,,,0
min,2,total_halstead_difficulty,Total Halstead Difficulty/File,a81fc79f-6ea8-409c-8690-f034ab9400d8,BinaryAnalysisPlatform__bap (sample analysis: 10 samples),Ocaml,dc631c79-3f50-44bb-a85b-e62068c697ae,2,2,file,lib/bap_disasm/bap_disasm_arm_env.ml,,,,0
min,3,total_halstead_difficulty,Total Halstead Difficulty/File,a81fc79f-6ea8-409c-8690-f034ab9400d8,BinaryAnalysisPlatform__bap (sample analysis: 10 samples),Ocaml,dc631c79-3f50-44bb-a85b-e62068c697ae,2,2,file,lib/bap_disasm/bap_disasm_arm_lifter.ml,,,,0
min,4,total_halstead_difficulty,Total Halstead Difficulty/File,a81fc79f-6ea8-409c-8690-f034ab9400d8,BinaryAnalysisPlatform__bap (sample analysis: 10 samples),Ocaml,dc631c79-3f50-44bb-a85b-e62068c697ae,2,2,file,lib/bap_disasm/bap_llvm.mli,,,,0
min,5,total_halstead_difficulty,Total Halstead Difficulty/File,a81fc79f-6ea8-409c-8690-f034ab9400d8,BinaryAnalysisPlatform__bap (sample analysis: 10 samples),Ocaml,dc631c79-3f50-44bb-a85b-e62068c697ae,2,2,file,lib/bap_types/bap_stmt.ml,,,,0
max,1,total_halstead_difficulty,Total Halstead Difficulty/File,72c58468-aa18-4e1f-a564-d247686d83a5,nektos__act (sample analysis: 10 samples),Golang,1e32e6ab-33d6-4d89-9846-7da8542e66c8,2,2,file,vendor/golang.org/x/crypto/ed25519/internal/edwards25519/edwards25519.go,,,,388.1312292358804
max,2,total_halstead_difficulty,Total Halstead Difficulty/File,72c58468-aa18-4e1f-a564-d247686d83a5,nektos__act (sample analysis: 10 samples),Golang,1e32e6ab-33d6-4d89-9846-7da8542e66c8,2,2,file,vendor/github.com/gogo/protobuf/proto/wrappers.go,,,,316.7368421052632
max,3,total_halstead_difficulty,Total Halstead Difficulty/File,72c58468-aa18-4e1f-a564-d247686d83a5,nektos__act (sample analysis: 10 samples),Golang,1e32e6ab-33d6-4d89-9846-7da8542e66c8,2,2,file,vendor/github.com/gogo/protobuf/proto/table_unmarshal.go,,,,260.9515011547344
max,4,total_halstead_difficulty,Total Halstead Difficulty/File,72c58468-aa18-4e1f-a564-d247686d83a5,nektos__act (sample analysis: 10 samples),Golang,1e32e6ab-33d6-4d89-9846-7da8542e66c8,2,2,file,vendor/github.com/gogo/protobuf/proto/table_marshal.go,,,,256.21527777777777
max,5,total_halstead_difficulty,Total Halstead Difficulty/File,a81fc79f-6ea8-409c-8690-f034ab9400d8,BinaryAnalysisPlatform__bap (sample analysis: 10 samples),Ocaml,dc631c79-3f50-44bb-a85b-e62068c697ae,2,2,file,lib/bap_types/bap_graph.ml,,,,250.52142857142857
min,1,total_halstead_effort,Total Halstead Effort/File,a81fc79f-6ea8-409c-8690-f034ab9400d8,BinaryAnalysisPlatform__bap (sample analysis: 10 samples),Ocaml,dc631c79-3f50-44bb-a85b-e62068c697ae,2,2,file,lib/bap/bap_load_plugins.mli,,,,0
min,2,total_halstead_effort,Total Halstead Effort/File,a81fc79f-6ea8-409c-8690-f034ab9400d8,BinaryAnalysisPlatform__bap (sample analysis: 10 samples),Ocaml,dc631c79-3f50-44bb-a85b-e62068c697ae,2,2,file,lib/bap_disasm/bap_disasm_arm_env.ml,,,,0
min,3,total_halstead_effort,Total Halstead Effort/File,a81fc79f-6ea8-409c-8690-f034ab9400d8,BinaryAnalysisPlatform__bap (sample analysis: 10 samples),Ocaml,dc631c79-3f50-44bb-a85b-e62068c697ae,2,2,file,lib/bap_disasm/bap_disasm_arm_lifter.ml,,,,0
min,4,total_halstead_effort,Total Halstead Effort/File,a81fc79f-6ea8-409c-8690-f034ab9400d8,BinaryAnalysisPlatform__bap (sample analysis: 10 samples),Ocaml,dc631c79-3f50-44bb-a85b-e62068c697ae,2,2,file,lib/bap_disasm/bap_llvm.mli,,,,0
min,5,total_halstead_effort,Total Halstead Effort/File,a81fc79f-6ea8-409c-8690-f034ab9400d8,BinaryAnalysisPlatform__bap (sample analysis: 10 samples),Ocaml,dc631c79-3f50-44bb-a85b-e62068c697ae,2,2,file,lib/bap_types/bap_stmt.ml,,,,0
max,1,total_halstead_effort,Total Halstead Effort/File,72c58468-aa18-4e1f-a564-d247686d83a5,nektos__act (sample analysis: 10 samples),Golang,1e32e6ab-33d6-4d89-9846-7da8542e66c8,2,2,file,vendor/golang.org/x/text/unicode/norm/tables10.0.0.go,,,,33277290.69296966
max,2,total_halstead_effort,Total Halstead Effort/File,72c58468-aa18-4e1f-a564-d247686d83a5,nektos__act (sample analysis: 10 samples),Golang,1e32e6ab-33d6-4d89-9846-7da8542e66c8,2,2,file,vendor/golang.org/x/text/unicode/norm/tables9.0.0.go,,,,33175384.257847656
max,3,total_halstead_effort,Total Halstead Effort/File,72c58468-aa18-4e1f-a564-d247686d83a5,nektos__act (sample analysis: 10 samples),Golang,1e32e6ab-33d6-4d89-9846-7da8542e66c8,2,2,file,vendor/golang.org/x/crypto/ed25519/internal/edwards25519/edwards25519.go,,,,31719541.54652982
max,4,total_halstead_effort,Total Halstead Effort/File,fe280555-02ee-426f-bc9f-f74fdf273723,FiloSottile__mkcert (sample analysis: 10 samples),Golang,84cd5fb3-b43e-4fe1-a3a5-c022efb3c77c,2,2,file,vendor/golang.org/x/text/unicode/norm/tables10.0.0.go,,,,30091586.133666586
max,5,total_halstead_effort,Total Halstead Effort/File,fe280555-02ee-426f-bc9f-f74fdf273723,FiloSottile__mkcert (sample analysis: 10 samples),Golang,84cd5fb3-b43e-4fe1-a3a5-c022efb3c77c,2,2,file,vendor/golang.org/x/text/unicode/norm/tables9.0.0.go,,,,29989535.367727224
min,1,total_halstead_time_seconds,Total Halstead Time Seconds/File,a81fc79f-6ea8-409c-8690-f034ab9400d8,BinaryAnalysisPlatform__bap (sample analysis: 10 samples),Ocaml,dc631c79-3f50-44bb-a85b-e62068c697ae,2,2,file,lib/bap/bap_load_plugins.mli,,,,0
min,2,total_halstead_time_seconds,Total Halstead Time Seconds/File,a81fc79f-6ea8-409c-8690-f034ab9400d8,BinaryAnalysisPlatform__bap (sample analysis: 10 samples),Ocaml,dc631c79-3f50-44bb-a85b-e62068c697ae,2,2,file,lib/bap_disasm/bap_disasm_arm_env.ml,,,,0
min,3,total_halstead_time_seconds,Total Halstead Time Seconds/File,a81fc79f-6ea8-409c-8690-f034ab9400d8,BinaryAnalysisPlatform__bap (sample analysis: 10 samples),Ocaml,dc631c79-3f50-44bb-a85b-e62068c697ae,2,2,file,lib/bap_disasm/bap_disasm_arm_lifter.ml,,,,0
min,4,total_halstead_time_seconds,Total Halstead Time Seconds/File,a81fc79f-6ea8-409c-8690-f034ab9400d8,BinaryAnalysisPlatform__bap (sample analysis: 10 samples),Ocaml,dc631c79-3f50-44bb-a85b-e62068c697ae,2,2,file,lib/bap_disasm/bap_llvm.mli,,,,0
min,5,total_halstead_time_seconds,Total Halstead Time Seconds/File,a81fc79f-6ea8-409c-8690-f034ab9400d8,BinaryAnalysisPlatform__bap (sample analysis: 10 samples),Ocaml,dc631c79-3f50-44bb-a85b-e62068c697ae,2,2,file,lib/bap_types/bap_stmt.ml,,,,0
max,1,total_halstead_time_seconds,Total Halstead Time Seconds/File,72c58468-aa18-4e1f-a564-d247686d83a5,nektos__act (sample analysis: 10 samples),Golang,1e32e6ab-33d6-4d89-9846-7da8542e66c8,2,2,file,vendor/golang.org/x/text/unicode/norm/tables10.0.0.go,,,,1848738.3718316478
max,2,total_halstead_time_seconds,Total Halstead Time Seconds/File,72c58468-aa18-4e1f-a564-d247686d83a5,nektos__act (sample analysis: 10 samples),Golang,1e32e6ab-33d6-4d89-9846-7da8542e66c8,2,2,file,vendor/golang.org/x/text/unicode/norm/tables9.0.0.go,,,,1843076.9032137587
max,3,total_halstead_time_seconds,Total Halstead Time Seconds/File,72c58468-aa18-4e1f-a564-d247686d83a5,nektos__act (sample analysis: 10 samples),Golang,1e32e6ab-33d6-4d89-9846-7da8542e66c8,2,2,file,vendor/golang.org/x/crypto/ed25519/internal/edwards25519/edwards25519.go,,,,1762196.7525849899
max,4,total_halstead_time_seconds,Total Halstead Time Seconds/File,fe280555-02ee-426f-bc9f-f74fdf273723,FiloSottile__mkcert (sample analysis: 10 samples),Golang,84cd5fb3-b43e-4fe1-a3a5-c022efb3c77c,2,2,file,vendor/golang.org/x/text/unicode/norm/tables10.0.0.go,,,,1671754.7852036993
max,5,total_halstead_time_seconds,Total Halstead Time Seconds/File,fe280555-02ee-426f-bc9f-f74fdf273723,FiloSottile__mkcert (sample analysis: 10 samples),Golang,84cd5fb3-b43e-4fe1-a3a5-c022efb3c77c,2,2,file,vendor/golang.org/x/text/unicode/norm/tables9.0.0.go,,,,1666085.298207068
min,1,total_halstead_bugs,Total Halstead Bugs/File,a81fc79f-6ea8-409c-8690-f034ab9400d8,BinaryAnalysisPlatform__bap (sample analysis: 10 samples),Ocaml,dc631c79-3f50-44bb-a85b-e62068c697ae,2,2,file,lib/bap/bap_load_plugins.mli,,,,0
min,2,total_halstead_bugs,Total Halstead Bugs/File,a81fc79f-6ea8-409c-8690-f034ab9400d8,BinaryAnalysisPlatform__bap (sample analysis: 10 samples),Ocaml,dc631c79-3f50-44bb-a85b-e62068c697ae,2,2,file,lib/bap_disasm/bap_disasm_arm_env.ml,,,,0
min,3,total_halstead_bugs,Total Halstead Bugs/File,a81fc79f-6ea8-409c-8690-f034ab9400d8,BinaryAnalysisPlatform__bap (sample analysis: 10 samples),Ocaml,dc631c79-3f50-44bb-a85b-e62068c697ae,2,2,file,lib/bap_disasm/bap_disasm_arm_lifter.ml,,,,0
min,4,total_halstead_bugs,Total Halstead Bugs/File,a81fc79f-6ea8-409c-8690-f034ab9400d8,BinaryAnalysisPlatform__bap (sample analysis: 10 samples),Ocaml,dc631c79-3f50-44bb-a85b-e62068c697ae,2,2,file,lib/bap_disasm/bap_llvm.mli,,,,0
min,5,total_halstead_bugs,Total Halstead Bugs/File,a81fc79f-6ea8-409c-8690-f034ab9400d8,BinaryAnalysisPlatform__bap (sample analysis: 10 samples),Ocaml,dc631c79-3f50-44bb-a85b-e62068c697ae,2,2,file,lib/bap_types/bap_stmt.ml,,,,0
max,1,total_halstead_bugs,Total Halstead Bugs/File,fe280555-02ee-426f-bc9f-f74fdf273723,FiloSottile__mkcert (sample analysis: 10 samples),Golang,84cd5fb3-b43e-4fe1-a3a5-c022efb3c77c,2,2,file,vendor/golang.org/x/text/unicode/norm/tables10.0.0.go,,,,212.00180901907407
max,2,total_halstead_bugs,Total Halstead Bugs/File,fe280555-02ee-426f-bc9f-f74fdf273723,FiloSottile__mkcert (sample analysis: 10 samples),Golang,84cd5fb3-b43e-4fe1-a3a5-c022efb3c77c,2,2,file,vendor/golang.org/x/text/unicode/norm/tables9.0.0.go,,,,211.03340894862504
max,3,total_halstead_bugs,Total Halstead Bugs/File,72c58468-aa18-4e1f-a564-d247686d83a5,nektos__act (sample analysis: 10 samples),Golang,1e32e6ab-33d6-4d89-9846-7da8542e66c8,2,2,file,vendor/golang.org/x/text/unicode/norm/tables10.0.0.go,,,,210.11445280214775
max,4,total_halstead_bugs,Total Halstead Bugs/File,72c58468-aa18-4e1f-a564-d247686d83a5,nektos__act (sample analysis: 10 samples),Golang,1e32e6ab-33d6-4d89-9846-7da8542e66c8,2,2,file,vendor/golang.org/x/text/unicode/norm/tables9.0.0.go,,,,209.14323019673583
max,5,total_halstead_bugs,Total Halstead Bugs/File,fe280555-02ee-426f-bc9f-f74fdf273723,FiloSottile__mkcert (sample analysis: 10 samples),Golang,84cd5fb3-b43e-4fe1-a3a5-c022efb3c77c,2,2,file,vendor/golang.org/x/net/idna/tables.go,,,,145.9734777775365
min,1,mean_outdegree_per_file,Mean Outdegree/File,069ad96b-3762-4b18-b863-c8f40f8d0442,AlistGo__alist (sample analysis: 10 samples),Golang,43ea5eea-5748-4cd1-90e1-b6d0c626cde4,2,2,file,conf/config.go,,,,0
min,2,mean_outdegree_per_file,Mean Outdegree/File,069ad96b-3762-4b18-b863-c8f40f8d0442,AlistGo__alist (sample analysis: 10 samples),Golang,43ea5eea-5748-4cd1-90e1-b6d0c626cde4,2,2,file,conf/const.go,,,,0
min,3,mean_outdegree_per_file,Mean Outdegree/File,069ad96b-3762-4b18-b863-c8f40f8d0442,AlistGo__alist (sample analysis: 10 samples),Golang,43ea5eea-5748-4cd1-90e1-b6d0c626cde4,2,2,file,drivers/139/types.go,,,,0
min,4,mean_outdegree_per_file,Mean Outdegree/File,069ad96b-3762-4b18-b863-c8f40f8d0442,AlistGo__alist (sample analysis: 10 samples),Golang,43ea5eea-5748-4cd1-90e1-b6d0c626cde4,2,2,file,drivers/189pc/type.go,,,,0
min,5,mean_outdegree_per_file,Mean Outdegree/File,069ad96b-3762-4b18-b863-c8f40f8d0442,AlistGo__alist (sample analysis: 10 samples),Golang,43ea5eea-5748-4cd1-90e1-b6d0c626cde4,2,2,file,drivers/baidu/types.go,,,,0
max,1,mean_outdegree_per_file,Mean Outdegree/File,72c58468-aa18-4e1f-a564-d247686d83a5,nektos__act (sample analysis: 10 samples),Golang,1e32e6ab-33d6-4d89-9846-7da8542e66c8,2,2,file,vendor/github.com/gogo/protobuf/proto/table_merge.go,,,,42.75
max,2,mean_outdegree_per_file,Mean Outdegree/File,24cc32f1-80f1-40da-9ad5-e2285210d73d,router-for-me__CLIProxyAPI (sample analysis: 10 samples),Golang,636418bd-f2bf-4e8b-b49b-96a430653fc5,2,2,file,internal/api/translator/openai/request.go,,,,41
max,3,mean_outdegree_per_file,Mean Outdegree/File,24cc32f1-80f1-40da-9ad5-e2285210d73d,router-for-me__CLIProxyAPI (sample analysis: 10 samples),Golang,636418bd-f2bf-4e8b-b49b-96a430653fc5,2,2,file,internal/api/translator/openai/response.go,,,,39
max,4,mean_outdegree_per_file,Mean Outdegree/File,24cc32f1-80f1-40da-9ad5-e2285210d73d,router-for-me__CLIProxyAPI (sample analysis: 10 samples),Golang,636418bd-f2bf-4e8b-b49b-96a430653fc5,2,2,file,internal/cmd/run.go,,,,37
max,5,mean_outdegree_per_file,Mean Outdegree/File,24cc32f1-80f1-40da-9ad5-e2285210d73d,router-for-me__CLIProxyAPI (sample analysis: 10 samples),Golang,636418bd-f2bf-4e8b-b49b-96a430653fc5,2,2,file,internal/api/translator/claude/code/response.go,,,,28
min,1,mean_indegree_per_file,Mean Indegree/File,069ad96b-3762-4b18-b863-c8f40f8d0442,AlistGo__alist (sample analysis: 10 samples),Golang,43ea5eea-5748-4cd1-90e1-b6d0c626cde4,2,2,file,bootstrap/account.go,,,,0
min,2,mean_indegree_per_file,Mean Indegree/File,069ad96b-3762-4b18-b863-c8f40f8d0442,AlistGo__alist (sample analysis: 10 samples),Golang,43ea5eea-5748-4cd1-90e1-b6d0c626cde4,2,2,file,bootstrap/cache.go,,,,0
min,3,mean_indegree_per_file,Mean Indegree/File,069ad96b-3762-4b18-b863-c8f40f8d0442,AlistGo__alist (sample analysis: 10 samples),Golang,43ea5eea-5748-4cd1-90e1-b6d0c626cde4,2,2,file,bootstrap/cron.go,,,,0
min,4,mean_indegree_per_file,Mean Indegree/File,069ad96b-3762-4b18-b863-c8f40f8d0442,AlistGo__alist (sample analysis: 10 samples),Golang,43ea5eea-5748-4cd1-90e1-b6d0c626cde4,2,2,file,bootstrap/model.go,,,,0
min,5,mean_indegree_per_file,Mean Indegree/File,069ad96b-3762-4b18-b863-c8f40f8d0442,AlistGo__alist (sample analysis: 10 samples),Golang,43ea5eea-5748-4cd1-90e1-b6d0c626cde4,2,2,file,bootstrap/setting.go,,,,0
max,1,mean_indegree_per_file,Mean Indegree/File,e749ce64-7ffd-4d8c-a44a-47ef93013510,airbus-seclab__bincat (sample analysis: 10 samples),Ocaml,f7b676c7-b316-449e-afc6-6a7b917f32aa,2,2,file,ocaml/src/disassembly/decoder.ml,,,,2.7899159663865545
max,2,mean_indegree_per_file,Mean Indegree/File,08fc41ef-3162-4883-934f-1f96a9db7b1a,fastpack__fastpack (sample analysis: 10 samples),Ocaml,7a452acf-6e5a-4078-a061-a957fe579f92,2,2,file,Fastpack/Printer.ml,,,,2.7096774193548385
max,3,mean_indegree_per_file,Mean Indegree/File,729d4ded-b025-47be-ae9b-ed0561b8f9e6,bcpierce00__unison (sample analysis: 10 samples),Ocaml,aba9e49e-b9ab-4ec1-bf4f-f78be3f6e32f,2,2,file,src/ubase/safelist.ml,,,,2.466666666666667
max,4,mean_indegree_per_file,Mean Indegree/File,729d4ded-b025-47be-ae9b-ed0561b8f9e6,bcpierce00__unison (sample analysis: 10 samples),Ocaml,aba9e49e-b9ab-4ec1-bf4f-f78be3f6e32f,2,2,file,src/uitext.ml,,,,2.4583333333333335
max,5,mean_indegree_per_file,Mean Indegree/File,08fc41ef-3162-4883-934f-1f96a9db7b1a,fastpack__fastpack (sample analysis: 10 samples),Ocaml,7a452acf-6e5a-4078-a061-a957fe579f92,2,2,file,Fastpack/Visit.ml,,,,2.3529411764705883
min,1,mean_cyclomatic_per_function_per_file,Mean Function Cyclomatic/File,069ad96b-3762-4b18-b863-c8f40f8d0442,AlistGo__alist (sample analysis: 10 samples),Golang,43ea5eea-5748-4cd1-90e1-b6d0c626cde4,2,2,file,conf/const.go,,,,0
min,2,mean_cyclomatic_per_function_per_file,Mean Function Cyclomatic/File,069ad96b-3762-4b18-b863-c8f40f8d0442,AlistGo__alist (sample analysis: 10 samples),Golang,43ea5eea-5748-4cd1-90e1-b6d0c626cde4,2,2,file,drivers/139/types.go,,,,0
min,3,mean_cyclomatic_per_function_per_file,Mean Function Cyclomatic/File,069ad96b-3762-4b18-b863-c8f40f8d0442,AlistGo__alist (sample analysis: 10 samples),Golang,43ea5eea-5748-4cd1-90e1-b6d0c626cde4,2,2,file,drivers/189pc/type.go,,,,0
min,4,mean_cyclomatic_per_function_per_file,Mean Function Cyclomatic/File,069ad96b-3762-4b18-b863-c8f40f8d0442,AlistGo__alist (sample analysis: 10 samples),Golang,43ea5eea-5748-4cd1-90e1-b6d0c626cde4,2,2,file,drivers/baidu/types.go,,,,0
min,5,mean_cyclomatic_per_function_per_file,Mean Function Cyclomatic/File,069ad96b-3762-4b18-b863-c8f40f8d0442,AlistGo__alist (sample analysis: 10 samples),Golang,43ea5eea-5748-4cd1-90e1-b6d0c626cde4,2,2,file,drivers/base/types.go,,,,0
max,1,mean_cyclomatic_per_function_per_file,Mean Function Cyclomatic/File,e9d92337-e257-41dd-9d58-bc6f84121654,astrada__google-drive-ocamlfuse (sample analysis: 10 samples),Ocaml,ad76d0b4-5f43-4c62-bd69-964c48d7b79a,2,2,file,src/mime.ml,,,,769
max,2,mean_cyclomatic_per_function_per_file,Mean Function Cyclomatic/File,24cc32f1-80f1-40da-9ad5-e2285210d73d,router-for-me__CLIProxyAPI (sample analysis: 10 samples),Golang,636418bd-f2bf-4e8b-b49b-96a430653fc5,2,2,file,internal/api/translator/openai/request.go,,,,45
max,3,mean_cyclomatic_per_function_per_file,Mean Function Cyclomatic/File,72c58468-aa18-4e1f-a564-d247686d83a5,nektos__act (sample analysis: 10 samples),Golang,1e32e6ab-33d6-4d89-9846-7da8542e66c8,2,2,file,vendor/github.com/gogo/protobuf/proto/table_merge.go,,,,40.25
max,4,mean_cyclomatic_per_function_per_file,Mean Function Cyclomatic/File,a81fc79f-6ea8-409c-8690-f034ab9400d8,BinaryAnalysisPlatform__bap (sample analysis: 10 samples),Ocaml,dc631c79-3f50-44bb-a85b-e62068c697ae,2,2,file,lib/bap_disasm/bap_disasm_arm_mov.ml,,,,40
max,5,mean_cyclomatic_per_function_per_file,Mean Function Cyclomatic/File,24cc32f1-80f1-40da-9ad5-e2285210d73d,router-for-me__CLIProxyAPI (sample analysis: 10 samples),Golang,636418bd-f2bf-4e8b-b49b-96a430653fc5,2,2,file,internal/api/translator/claude/code/response.go,,,,24
min,1,function_length,Function Length,069ad96b-3762-4b18-b863-c8f40f8d0442,AlistGo__alist (sample analysis: 10 samples),Golang,43ea5eea-5748-4cd1-90e1-b6d0c626cde4,2,2,function,server/webdav/internal/xml/read.go,Error:139:25,139,139,0
min,2,function_length,Function Length,069ad96b-3762-4b18-b863-c8f40f8d0442,AlistGo__alist (sample analysis: 10 samples),Golang,43ea5eea-5748-4cd1-90e1-b6d0c626cde4,2,2,function,server/webdav/internal/xml/xml.go,Copy:124:19,124,124,0
min,3,function_length,Function Length,069ad96b-3762-4b18-b863-c8f40f8d0442,AlistGo__alist (sample analysis: 10 samples),Golang,43ea5eea-5748-4cd1-90e1-b6d0c626cde4,2,2,function,server/webdav/internal/xml/xml.go,Copy:130:18,130,130,0
min,4,function_length,Function Length,069ad96b-3762-4b18-b863-c8f40f8d0442,AlistGo__alist (sample analysis: 10 samples),Golang,43ea5eea-5748-4cd1-90e1-b6d0c626cde4,2,2,function,server/webdav/internal/xml/xml.go,Copy:147:20,147,147,0
min,5,function_length,Function Length,fe280555-02ee-426f-bc9f-f74fdf273723,FiloSottile__mkcert (sample analysis: 10 samples),Golang,84cd5fb3-b43e-4fe1-a3a5-c022efb3c77c,2,2,function,vendor/golang.org/x/net/idna/idna.go,code:287:21,287,287,0
max,1,function_length,Function Length,a81fc79f-6ea8-409c-8690-f034ab9400d8,BinaryAnalysisPlatform__bap (sample analysis: 10 samples),Ocaml,dc631c79-3f50-44bb-a85b-e62068c697ae,2,2,function,lib/bap_disasm/bap_disasm_x86.ml,parse_instr:25:5,25,1235,1210
max,2,function_length,Function Length,729d4ded-b025-47be-ae9b-ed0561b8f9e6,bcpierce00__unison (sample analysis: 10 samples),Ocaml,aba9e49e-b9ab-4ec1-bf4f-f78be3f6e32f,2,2,function,src/uigtk2.ml,createToplevelWindow:1232:9,1232,2401,1169
max,3,function_length,Function Length,a81fc79f-6ea8-409c-8690-f034ab9400d8,BinaryAnalysisPlatform__bap (sample analysis: 10 samples),Ocaml,dc631c79-3f50-44bb-a85b-e62068c697ae,2,2,function,lib/bap_disasm/bap_disasm_x86_lifter.ml,to_ir:279:11,279,1445,1166
max,4,function_length,Function Length,729d4ded-b025-47be-ae9b-ed0561b8f9e6,bcpierce00__unison (sample analysis: 10 samples),Ocaml,aba9e49e-b9ab-4ec1-bf4f-f78be3f6e32f,2,2,function,src/uigtk.ml,createToplevelWindow:1023:9,1023,2090,1067
max,5,function_length,Function Length,08fc41ef-3162-4883-934f-1f96a9db7b1a,fastpack__fastpack (sample analysis: 10 samples),Ocaml,7a452acf-6e5a-4078-a061-a957fe579f92,2,2,function,Fastpack/Printer.ml,print:215:5,215,1197,982
min,1,cyclomatic,Function Cyclomatic,069ad96b-3762-4b18-b863-c8f40f8d0442,AlistGo__alist (sample analysis: 10 samples),Golang,43ea5eea-5748-4cd1-90e1-b6d0c626cde4,2,2,function,bootstrap/cron.go,InitCron:10:6,10,14,1
min,2,cyclomatic,Function Cyclomatic,069ad96b-3762-4b18-b863-c8f40f8d0442,AlistGo__alist (sample analysis: 10 samples),Golang,43ea5eea-5748-4cd1-90e1-b6d0c626cde4,2,2,function,bootstrap/log.go,init:28:6,28,36,1
min,3,cyclomatic,Function Cyclomatic,069ad96b-3762-4b18-b863-c8f40f8d0442,AlistGo__alist (sample analysis: 10 samples),Golang,43ea5eea-5748-4cd1-90e1-b6d0c626cde4,2,2,function,conf/config.go,DefaultConfig:37:6,37,54,1
min,4,cyclomatic,Function Cyclomatic,069ad96b-3762-4b18-b863-c8f40f8d0442,AlistGo__alist (sample analysis: 10 samples),Golang,43ea5eea-5748-4cd1-90e1-b6d0c626cde4,2,2,function,conf/var.go,Set:50:6,50,52,1
min,5,cyclomatic,Function Cyclomatic,069ad96b-3762-4b18-b863-c8f40f8d0442,AlistGo__alist (sample analysis: 10 samples),Golang,43ea5eea-5748-4cd1-90e1-b6d0c626cde4,2,2,function,drivers/123/123.go,FormatFile:43:22,43,53,1
max,1,cyclomatic,Function Cyclomatic,e9d92337-e257-41dd-9d58-bc6f84121654,astrada__google-drive-ocamlfuse (sample analysis: 10 samples),Ocaml,ad76d0b4-5f43-4c62-bd69-964c48d7b79a,2,2,function,src/mime.ml,map_filename_to_mime_type:3:5,3,775,769
max,2,cyclomatic,Function Cyclomatic,a81fc79f-6ea8-409c-8690-f034ab9400d8,BinaryAnalysisPlatform__bap (sample analysis: 10 samples),Ocaml,dc631c79-3f50-44bb-a85b-e62068c697ae,2,2,function,lib/bap_disasm/bap_disasm_x86.ml,get_opcode:420:7,420,1165,405
max,3,cyclomatic,Function Cyclomatic,a81fc79f-6ea8-409c-8690-f034ab9400d8,BinaryAnalysisPlatform__bap (sample analysis: 10 samples),Ocaml,dc631c79-3f50-44bb-a85b-e62068c697ae,2,2,function,lib/bap_disasm/bap_disasm_x86_lifter.ml,to_ir:279:11,279,1445,244
max,4,cyclomatic,Function Cyclomatic,e749ce64-7ffd-4d8c-a44a-47ef93013510,airbus-seclab__bincat (sample analysis: 10 samples),Ocaml,f7b676c7-b316-449e-afc6-6a7b917f32aa,2,2,function,ocaml/src/disassembly/decoder.ml,decode:1225:10,1225,1385,170
max,5,cyclomatic,Function Cyclomatic,72c58468-aa18-4e1f-a564-d247686d83a5,nektos__act (sample analysis: 10 samples),Golang,1e32e6ab-33d6-4d89-9846-7da8542e66c8,2,2,function,vendor/github.com/gogo/protobuf/proto/table_marshal.go,typeMarshaler:569:6,569,1015,153
min,1,cyclomatic_match_as_single_branch,Function Cyclomatic Match As Single Branch,069ad96b-3762-4b18-b863-c8f40f8d0442,AlistGo__alist (sample analysis: 10 samples),Golang,43ea5eea-5748-4cd1-90e1-b6d0c626cde4,2,2,function,bootstrap/cron.go,InitCron:10:6,10,14,1
min,2,cyclomatic_match_as_single_branch,Function Cyclomatic Match As Single Branch,069ad96b-3762-4b18-b863-c8f40f8d0442,AlistGo__alist (sample analysis: 10 samples),Golang,43ea5eea-5748-4cd1-90e1-b6d0c626cde4,2,2,function,bootstrap/log.go,init:28:6,28,36,1
min,3,cyclomatic_match_as_single_branch,Function Cyclomatic Match As Single Branch,069ad96b-3762-4b18-b863-c8f40f8d0442,AlistGo__alist (sample analysis: 10 samples),Golang,43ea5eea-5748-4cd1-90e1-b6d0c626cde4,2,2,function,conf/config.go,DefaultConfig:37:6,37,54,1
min,4,cyclomatic_match_as_single_branch,Function Cyclomatic Match As Single Branch,069ad96b-3762-4b18-b863-c8f40f8d0442,AlistGo__alist (sample analysis: 10 samples),Golang,43ea5eea-5748-4cd1-90e1-b6d0c626cde4,2,2,function,conf/var.go,Set:50:6,50,52,1
min,5,cyclomatic_match_as_single_branch,Function Cyclomatic Match As Single Branch,069ad96b-3762-4b18-b863-c8f40f8d0442,AlistGo__alist (sample analysis: 10 samples),Golang,43ea5eea-5748-4cd1-90e1-b6d0c626cde4,2,2,function,drivers/123/123.go,FormatFile:43:22,43,53,1
max,1,cyclomatic_match_as_single_branch,Function Cyclomatic Match As Single Branch,72c58468-aa18-4e1f-a564-d247686d83a5,nektos__act (sample analysis: 10 samples),Golang,1e32e6ab-33d6-4d89-9846-7da8542e66c8,2,2,function,vendor/github.com/gogo/protobuf/proto/table_marshal.go,typeMarshaler:569:6,569,1015,128
max,2,cyclomatic_match_as_single_branch,Function Cyclomatic Match As Single Branch,72c58468-aa18-4e1f-a564-d247686d83a5,nektos__act (sample analysis: 10 samples),Golang,1e32e6ab-33d6-4d89-9846-7da8542e66c8,2,2,function,vendor/github.com/gogo/protobuf/proto/table_unmarshal.go,typeUnmarshaler:466:6,466,831,100
max,3,cyclomatic_match_as_single_branch,Function Cyclomatic Match As Single Branch,a81fc79f-6ea8-409c-8690-f034ab9400d8,BinaryAnalysisPlatform__bap (sample analysis: 10 samples),Ocaml,dc631c79-3f50-44bb-a85b-e62068c697ae,2,2,function,lib/bap_disasm/bap_disasm_x86.ml,get_opcode:420:7,420,1165,99
max,4,cyclomatic_match_as_single_branch,Function Cyclomatic Match As Single Branch,72c58468-aa18-4e1f-a564-d247686d83a5,nektos__act (sample analysis: 10 samples),Golang,1e32e6ab-33d6-4d89-9846-7da8542e66c8,2,2,function,vendor/github.com/gogo/protobuf/proto/table_merge.go,computeMergeInfo:163:22,163,657,96
max,5,cyclomatic_match_as_single_branch,Function Cyclomatic Match As Single Branch,72c58468-aa18-4e1f-a564-d247686d83a5,nektos__act (sample analysis: 10 samples),Golang,1e32e6ab-33d6-4d89-9846-7da8542e66c8,2,2,function,vendor/golang.org/x/sys/unix/mksyscall_aix_ppc64.go,main:122:6,122,539,87
min,1,indegree,Function Indegree,069ad96b-3762-4b18-b863-c8f40f8d0442,AlistGo__alist (sample analysis: 10 samples),Golang,43ea5eea-5748-4cd1-90e1-b6d0c626cde4,2,2,function,alist.go,main:34:6,34,59,0
min,2,indegree,Function Indegree,069ad96b-3762-4b18-b863-c8f40f8d0442,AlistGo__alist (sample analysis: 10 samples),Golang,43ea5eea-5748-4cd1-90e1-b6d0c626cde4,2,2,function,bootstrap/account.go,InitAccounts:11:6,11,33,0
min,3,indegree,Function Indegree,069ad96b-3762-4b18-b863-c8f40f8d0442,AlistGo__alist (sample analysis: 10 samples),Golang,43ea5eea-5748-4cd1-90e1-b6d0c626cde4,2,2,function,bootstrap/cache.go,InitCache:13:6,13,22,0
min,4,indegree,Function Indegree,069ad96b-3762-4b18-b863-c8f40f8d0442,AlistGo__alist (sample analysis: 10 samples),Golang,43ea5eea-5748-4cd1-90e1-b6d0c626cde4,2,2,function,bootstrap/conf.go,InitConf:14:6,14,59,0
min,5,indegree,Function Indegree,069ad96b-3762-4b18-b863-c8f40f8d0442,AlistGo__alist (sample analysis: 10 samples),Golang,43ea5eea-5748-4cd1-90e1-b6d0c626cde4,2,2,function,bootstrap/cron.go,InitCron:10:6,10,14,0
max,1,indegree,Function Indegree,72c58468-aa18-4e1f-a564-d247686d83a5,nektos__act (sample analysis: 10 samples),Golang,1e32e6ab-33d6-4d89-9846-7da8542e66c8,2,2,function,vendor/golang.org/x/sys/windows/zsyscall_windows.go,errnoErr:24:6,24,35,173
max,2,indegree,Function Indegree,72c58468-aa18-4e1f-a564-d247686d83a5,nektos__act (sample analysis: 10 samples),Golang,1e32e6ab-33d6-4d89-9846-7da8542e66c8,2,2,function,vendor/golang.org/x/sys/unix/zsyscall_aix_ppc64_gc.go,syscall6:364:6,364,364,86
max,3,indegree,Function Indegree,72c58468-aa18-4e1f-a564-d247686d83a5,nektos__act (sample analysis: 10 samples),Golang,1e32e6ab-33d6-4d89-9846-7da8542e66c8,2,2,function,vendor/github.com/gogo/protobuf/proto/table_marshal.go,appendVarint:1520:6,1520,1600,83
max,4,indegree,Function Indegree,e9d92337-e257-41dd-9d58-bc6f84121654,astrada__google-drive-ocamlfuse (sample analysis: 10 samples),Ocaml,ad76d0b4-5f43-4c62-bd69-964c48d7b79a,2,2,function,setup.ml,f_:19:7,19,20,47
max,5,indegree,Function Indegree,08fc41ef-3162-4883-934f-1f96a9db7b1a,fastpack__fastpack (sample analysis: 10 samples),Ocaml,7a452acf-6e5a-4078-a061-a957fe579f92,2,2,function,Fastpack/Printer.ml,emit:147:5,147,149,41
min,1,outdegree,Function Outdegree,069ad96b-3762-4b18-b863-c8f40f8d0442,AlistGo__alist (sample analysis: 10 samples),Golang,43ea5eea-5748-4cd1-90e1-b6d0c626cde4,2,2,function,conf/config.go,DefaultConfig:37:6,37,54,0
min,2,outdegree,Function Outdegree,069ad96b-3762-4b18-b863-c8f40f8d0442,AlistGo__alist (sample analysis: 10 samples),Golang,43ea5eea-5748-4cd1-90e1-b6d0c626cde4,2,2,function,conf/var.go,Set:50:6,50,52,0
min,3,outdegree,Function Outdegree,069ad96b-3762-4b18-b863-c8f40f8d0442,AlistGo__alist (sample analysis: 10 samples),Golang,43ea5eea-5748-4cd1-90e1-b6d0c626cde4,2,2,function,conf/var.go,GetStr:54:6,54,60,0
min,4,outdegree,Function Outdegree,069ad96b-3762-4b18-b863-c8f40f8d0442,AlistGo__alist (sample analysis: 10 samples),Golang,43ea5eea-5748-4cd1-90e1-b6d0c626cde4,2,2,function,conf/var.go,GetBool:62:6,62,68,0
min,5,outdegree,Function Outdegree,069ad96b-3762-4b18-b863-c8f40f8d0442,AlistGo__alist (sample analysis: 10 samples),Golang,43ea5eea-5748-4cd1-90e1-b6d0c626cde4,2,2,function,drivers/123/driver.go,Config:26:22,26,30,0
max,1,outdegree,Function Outdegree,72c58468-aa18-4e1f-a564-d247686d83a5,nektos__act (sample analysis: 10 samples),Golang,1e32e6ab-33d6-4d89-9846-7da8542e66c8,2,2,function,vendor/github.com/gogo/protobuf/proto/table_merge.go,computeMergeInfo:163:22,163,657,130
max,2,outdegree,Function Outdegree,a81fc79f-6ea8-409c-8690-f034ab9400d8,BinaryAnalysisPlatform__bap (sample analysis: 10 samples),Ocaml,dc631c79-3f50-44bb-a85b-e62068c697ae,2,2,function,lib/bap_disasm/bap_disasm_x86.ml,get_opcode:420:7,420,1165,124
max,3,outdegree,Function Outdegree,a81fc79f-6ea8-409c-8690-f034ab9400d8,BinaryAnalysisPlatform__bap (sample analysis: 10 samples),Ocaml,dc631c79-3f50-44bb-a85b-e62068c697ae,2,2,function,lib/bap_disasm/bap_disasm_x86_lifter.ml,to_ir:279:11,279,1445,112
max,4,outdegree,Function Outdegree,729d4ded-b025-47be-ae9b-ed0561b8f9e6,bcpierce00__unison (sample analysis: 10 samples),Ocaml,aba9e49e-b9ab-4ec1-bf4f-f78be3f6e32f,2,2,function,src/uigtk2.ml,createToplevelWindow:1232:9,1232,2401,110
max,5,outdegree,Function Outdegree,729d4ded-b025-47be-ae9b-ed0561b8f9e6,bcpierce00__unison (sample analysis: 10 samples),Ocaml,aba9e49e-b9ab-4ec1-bf4f-f78be3f6e32f,2,2,function,src/uigtk.ml,createToplevelWindow:1023:9,1023,2090,105
min,1,halstead_unique_operators,Function Halstead Unique Operators,e9d92337-e257-41dd-9d58-bc6f84121654,astrada__google-drive-ocamlfuse (sample analysis: 10 samples),Ocaml,ad76d0b4-5f43-4c62-bd69-964c48d7b79a,2,2,function,myocamlbuild.ml,split_nl:251:7,251,251,0
min,2,halstead_unique_operators,Function Halstead Unique Operators,e9d92337-e257-41dd-9d58-bc6f84121654,astrada__google-drive-ocamlfuse (sample analysis: 10 samples),Ocaml,ad76d0b4-5f43-4c62-bd69-964c48d7b79a,2,2,function,myocamlbuild.ml,find_syntaxes:263:7,263,263,0
min,3,halstead_unique_operators,Function Halstead Unique Operators,e9d92337-e257-41dd-9d58-bc6f84121654,astrada__google-drive-ocamlfuse (sample analysis: 10 samples),Ocaml,ad76d0b4-5f43-4c62-bd69-964c48d7b79a,2,2,function,myocamlbuild.ml,ocamlfind:266:7,266,266,0
min,4,halstead_unique_operators,Function Halstead Unique Operators,e9d92337-e257-41dd-9d58-bc6f84121654,astrada__google-drive-ocamlfuse (sample analysis: 10 samples),Ocaml,ad76d0b4-5f43-4c62-bd69-964c48d7b79a,2,2,function,myocamlbuild.ml,dispatch_default:466:7,466,471,0
min,5,halstead_unique_operators,Function Halstead Unique Operators,e9d92337-e257-41dd-9d58-bc6f84121654,astrada__google-drive-ocamlfuse (sample analysis: 10 samples),Ocaml,ad76d0b4-5f43-4c62-bd69-964c48d7b79a,2,2,function,setup.ml,var_ignore:2512:7,2512,2513,0
max,1,halstead_unique_operators,Function Halstead Unique Operators,a81fc79f-6ea8-409c-8690-f034ab9400d8,BinaryAnalysisPlatform__bap (sample analysis: 10 samples),Ocaml,dc631c79-3f50-44bb-a85b-e62068c697ae,2,2,function,lib/bap_disasm/bap_disasm_x86_lifter.ml,to_ir:279:11,279,1445,48
max,2,halstead_unique_operators,Function Halstead Unique Operators,729d4ded-b025-47be-ae9b-ed0561b8f9e6,bcpierce00__unison (sample analysis: 10 samples),Ocaml,aba9e49e-b9ab-4ec1-bf4f-f78be3f6e32f,2,2,function,src/uigtk2.ml,createToplevelWindow:1232:9,1232,2401,45
max,3,halstead_unique_operators,Function Halstead Unique Operators,a81fc79f-6ea8-409c-8690-f034ab9400d8,BinaryAnalysisPlatform__bap (sample analysis: 10 samples),Ocaml,dc631c79-3f50-44bb-a85b-e62068c697ae,2,2,function,lib/bap_disasm/bap_disasm_x86.ml,parse_instr:25:5,25,1235,45
max,4,halstead_unique_operators,Function Halstead Unique Operators,729d4ded-b025-47be-ae9b-ed0561b8f9e6,bcpierce00__unison (sample analysis: 10 samples),Ocaml,aba9e49e-b9ab-4ec1-bf4f-f78be3f6e32f,2,2,function,src/uigtk.ml,createToplevelWindow:1023:9,1023,2090,44
max,5,halstead_unique_operators,Function Halstead Unique Operators,a81fc79f-6ea8-409c-8690-f034ab9400d8,BinaryAnalysisPlatform__bap (sample analysis: 10 samples),Ocaml,dc631c79-3f50-44bb-a85b-e62068c697ae,2,2,function,lib/bap_disasm/bap_disasm_x86.ml,get_opcode:420:7,420,1165,35
min,1,halstead_unique_operands,Function Halstead Unique Operands,e9d92337-e257-41dd-9d58-bc6f84121654,astrada__google-drive-ocamlfuse (sample analysis: 10 samples),Ocaml,ad76d0b4-5f43-4c62-bd69-964c48d7b79a,2,2,function,myocamlbuild.ml,split_nl:251:7,251,251,0
min,2,halstead_unique_operands,Function Halstead Unique Operands,e9d92337-e257-41dd-9d58-bc6f84121654,astrada__google-drive-ocamlfuse (sample analysis: 10 samples),Ocaml,ad76d0b4-5f43-4c62-bd69-964c48d7b79a,2,2,function,myocamlbuild.ml,find_syntaxes:263:7,263,263,0
min,3,halstead_unique_operands,Function Halstead Unique Operands,e9d92337-e257-41dd-9d58-bc6f84121654,astrada__google-drive-ocamlfuse (sample analysis: 10 samples),Ocaml,ad76d0b4-5f43-4c62-bd69-964c48d7b79a,2,2,function,myocamlbuild.ml,ocamlfind:266:7,266,266,0
min,4,halstead_unique_operands,Function Halstead Unique Operands,e9d92337-e257-41dd-9d58-bc6f84121654,astrada__google-drive-ocamlfuse (sample analysis: 10 samples),Ocaml,ad76d0b4-5f43-4c62-bd69-964c48d7b79a,2,2,function,setup.ml,var_ignore:2512:7,2512,2513,0
min,5,halstead_unique_operands,Function Halstead Unique Operands,e8c37d0d-f999-4ab0-9696-770ba31bbe18,gin-gonic__gin (sample analysis: 10 samples),Golang,ebdeed0e-af53-40c3-8666-d0e61699a4f0,2,2,function,utils_test.go,somefunction:84:6,84,86,1
max,1,halstead_unique_operands,Function Halstead Unique Operands,e9d92337-e257-41dd-9d58-bc6f84121654,astrada__google-drive-ocamlfuse (sample analysis: 10 samples),Ocaml,ad76d0b4-5f43-4c62-bd69-964c48d7b79a,2,2,function,src/mime.ml,map_filename_to_mime_type:3:5,3,775,1758
max,2,halstead_unique_operands,Function Halstead Unique Operands,a81fc79f-6ea8-409c-8690-f034ab9400d8,BinaryAnalysisPlatform__bap (sample analysis: 10 samples),Ocaml,dc631c79-3f50-44bb-a85b-e62068c697ae,2,2,function,lib/bap_disasm/bap_disasm_x86.ml,parse_instr:25:5,25,1235,706
max,3,halstead_unique_operands,Function Halstead Unique Operands,729d4ded-b025-47be-ae9b-ed0561b8f9e6,bcpierce00__unison (sample analysis: 10 samples),Ocaml,aba9e49e-b9ab-4ec1-bf4f-f78be3f6e32f,2,2,function,src/uigtk2.ml,createToplevelWindow:1232:9,1232,2401,674
max,4,halstead_unique_operands,Function Halstead Unique Operands,a81fc79f-6ea8-409c-8690-f034ab9400d8,BinaryAnalysisPlatform__bap (sample analysis: 10 samples),Ocaml,dc631c79-3f50-44bb-a85b-e62068c697ae,2,2,function,lib/bap_disasm/bap_disasm_x86_lifter.ml,to_ir:279:11,279,1445,670
max,5,halstead_unique_operands,Function Halstead Unique Operands,729d4ded-b025-47be-ae9b-ed0561b8f9e6,bcpierce00__unison (sample analysis: 10 samples),Ocaml,aba9e49e-b9ab-4ec1-bf4f-f78be3f6e32f,2,2,function,src/uigtk.ml,createToplevelWindow:1023:9,1023,2090,624
min,1,halstead_operators,Function Halstead Operators,e9d92337-e257-41dd-9d58-bc6f84121654,astrada__google-drive-ocamlfuse (sample analysis: 10 samples),Ocaml,ad76d0b4-5f43-4c62-bd69-964c48d7b79a,2,2,function,myocamlbuild.ml,split_nl:251:7,251,251,0
min,2,halstead_operators,Function Halstead Operators,e9d92337-e257-41dd-9d58-bc6f84121654,astrada__google-drive-ocamlfuse (sample analysis: 10 samples),Ocaml,ad76d0b4-5f43-4c62-bd69-964c48d7b79a,2,2,function,myocamlbuild.ml,find_syntaxes:263:7,263,263,0
min,3,halstead_operators,Function Halstead Operators,e9d92337-e257-41dd-9d58-bc6f84121654,astrada__google-drive-ocamlfuse (sample analysis: 10 samples),Ocaml,ad76d0b4-5f43-4c62-bd69-964c48d7b79a,2,2,function,myocamlbuild.ml,ocamlfind:266:7,266,266,0
min,4,halstead_operators,Function Halstead Operators,e9d92337-e257-41dd-9d58-bc6f84121654,astrada__google-drive-ocamlfuse (sample analysis: 10 samples),Ocaml,ad76d0b4-5f43-4c62-bd69-964c48d7b79a,2,2,function,myocamlbuild.ml,dispatch_default:466:7,466,471,0
min,5,halstead_operators,Function Halstead Operators,e9d92337-e257-41dd-9d58-bc6f84121654,astrada__google-drive-ocamlfuse (sample analysis: 10 samples),Ocaml,ad76d0b4-5f43-4c62-bd69-964c48d7b79a,2,2,function,setup.ml,var_ignore:2512:7,2512,2513,0
max,1,halstead_operators,Function Halstead Operators,a81fc79f-6ea8-409c-8690-f034ab9400d8,BinaryAnalysisPlatform__bap (sample analysis: 10 samples),Ocaml,dc631c79-3f50-44bb-a85b-e62068c697ae,2,2,function,lib/bap_disasm/bap_disasm_x86.ml,parse_instr:25:5,25,1235,2803
max,2,halstead_operators,Function Halstead Operators,a81fc79f-6ea8-409c-8690-f034ab9400d8,BinaryAnalysisPlatform__bap (sample analysis: 10 samples),Ocaml,dc631c79-3f50-44bb-a85b-e62068c697ae,2,2,function,lib/bap_disasm/bap_disasm_x86_lifter.ml,to_ir:279:11,279,1445,2267
max,3,halstead_operators,Function Halstead Operators,a81fc79f-6ea8-409c-8690-f034ab9400d8,BinaryAnalysisPlatform__bap (sample analysis: 10 samples),Ocaml,dc631c79-3f50-44bb-a85b-e62068c697ae,2,2,function,lib/bap_disasm/bap_disasm_x86.ml,get_opcode:420:7,420,1165,1868
max,4,halstead_operators,Function Halstead Operators,e9d92337-e257-41dd-9d58-bc6f84121654,astrada__google-drive-ocamlfuse (sample analysis: 10 samples),Ocaml,ad76d0b4-5f43-4c62-bd69-964c48d7b79a,2,2,function,src/mime.ml,map_filename_to_mime_type:3:5,3,775,1758
max,5,halstead_operators,Function Halstead Operators,729d4ded-b025-47be-ae9b-ed0561b8f9e6,bcpierce00__unison (sample analysis: 10 samples),Ocaml,aba9e49e-b9ab-4ec1-bf4f-f78be3f6e32f,2,2,function,src/uigtk2.ml,createToplevelWindow:1232:9,1232,2401,1558
min,1,halstead_operands,Function Halstead Operands,e9d92337-e257-41dd-9d58-bc6f84121654,astrada__google-drive-ocamlfuse (sample analysis: 10 samples),Ocaml,ad76d0b4-5f43-4c62-bd69-964c48d7b79a,2,2,function,myocamlbuild.ml,split_nl:251:7,251,251,0
min,2,halstead_operands,Function Halstead Operands,e9d92337-e257-41dd-9d58-bc6f84121654,astrada__google-drive-ocamlfuse (sample analysis: 10 samples),Ocaml,ad76d0b4-5f43-4c62-bd69-964c48d7b79a,2,2,function,myocamlbuild.ml,find_syntaxes:263:7,263,263,0
min,3,halstead_operands,Function Halstead Operands,e9d92337-e257-41dd-9d58-bc6f84121654,astrada__google-drive-ocamlfuse (sample analysis: 10 samples),Ocaml,ad76d0b4-5f43-4c62-bd69-964c48d7b79a,2,2,function,myocamlbuild.ml,ocamlfind:266:7,266,266,0
min,4,halstead_operands,Function Halstead Operands,e9d92337-e257-41dd-9d58-bc6f84121654,astrada__google-drive-ocamlfuse (sample analysis: 10 samples),Ocaml,ad76d0b4-5f43-4c62-bd69-964c48d7b79a,2,2,function,setup.ml,var_ignore:2512:7,2512,2513,0
min,5,halstead_operands,Function Halstead Operands,e8c37d0d-f999-4ab0-9696-770ba31bbe18,gin-gonic__gin (sample analysis: 10 samples),Golang,ebdeed0e-af53-40c3-8666-d0e61699a4f0,2,2,function,utils_test.go,somefunction:84:6,84,86,1
max,1,halstead_operands,Function Halstead Operands,a81fc79f-6ea8-409c-8690-f034ab9400d8,BinaryAnalysisPlatform__bap (sample analysis: 10 samples),Ocaml,dc631c79-3f50-44bb-a85b-e62068c697ae,2,2,function,lib/bap_disasm/bap_disasm_x86_lifter.ml,to_ir:279:11,279,1445,4865
max,2,halstead_operands,Function Halstead Operands,a81fc79f-6ea8-409c-8690-f034ab9400d8,BinaryAnalysisPlatform__bap (sample analysis: 10 samples),Ocaml,dc631c79-3f50-44bb-a85b-e62068c697ae,2,2,function,lib/bap_disasm/bap_disasm_x86.ml,parse_instr:25:5,25,1235,4592
max,3,halstead_operands,Function Halstead Operands,a81fc79f-6ea8-409c-8690-f034ab9400d8,BinaryAnalysisPlatform__bap (sample analysis: 10 samples),Ocaml,dc631c79-3f50-44bb-a85b-e62068c697ae,2,2,function,lib/bap_disasm/bap_disasm_x86.ml,get_opcode:420:7,420,1165,3230
max,4,halstead_operands,Function Halstead Operands,729d4ded-b025-47be-ae9b-ed0561b8f9e6,bcpierce00__unison (sample analysis: 10 samples),Ocaml,aba9e49e-b9ab-4ec1-bf4f-f78be3f6e32f,2,2,function,src/uigtk2.ml,createToplevelWindow:1232:9,1232,2401,2770
max,5,halstead_operands,Function Halstead Operands,729d4ded-b025-47be-ae9b-ed0561b8f9e6,bcpierce00__unison (sample analysis: 10 samples),Ocaml,aba9e49e-b9ab-4ec1-bf4f-f78be3f6e32f,2,2,function,src/uigtk.ml,createToplevelWindow:1023:9,1023,2090,2546
min,1,halstead_length,Function Halstead Length,e9d92337-e257-41dd-9d58-bc6f84121654,astrada__google-drive-ocamlfuse (sample analysis: 10 samples),Ocaml,ad76d0b4-5f43-4c62-bd69-964c48d7b79a,2,2,function,myocamlbuild.ml,split_nl:251:7,251,251,0
min,2,halstead_length,Function Halstead Length,e9d92337-e257-41dd-9d58-bc6f84121654,astrada__google-drive-ocamlfuse (sample analysis: 10 samples),Ocaml,ad76d0b4-5f43-4c62-bd69-964c48d7b79a,2,2,function,myocamlbuild.ml,find_syntaxes:263:7,263,263,0
min,3,halstead_length,Function Halstead Length,e9d92337-e257-41dd-9d58-bc6f84121654,astrada__google-drive-ocamlfuse (sample analysis: 10 samples),Ocaml,ad76d0b4-5f43-4c62-bd69-964c48d7b79a,2,2,function,myocamlbuild.ml,ocamlfind:266:7,266,266,0
min,4,halstead_length,Function Halstead Length,e9d92337-e257-41dd-9d58-bc6f84121654,astrada__google-drive-ocamlfuse (sample analysis: 10 samples),Ocaml,ad76d0b4-5f43-4c62-bd69-964c48d7b79a,2,2,function,setup.ml,var_ignore:2512:7,2512,2513,0
min,5,halstead_length,Function Halstead Length,e8c37d0d-f999-4ab0-9696-770ba31bbe18,gin-gonic__gin (sample analysis: 10 samples),Golang,ebdeed0e-af53-40c3-8666-d0e61699a4f0,2,2,function,utils_test.go,somefunction:84:6,84,86,2
max,1,halstead_length,Function Halstead Length,a81fc79f-6ea8-409c-8690-f034ab9400d8,BinaryAnalysisPlatform__bap (sample analysis: 10 samples),Ocaml,dc631c79-3f50-44bb-a85b-e62068c697ae,2,2,function,lib/bap_disasm/bap_disasm_x86.ml,parse_instr:25:5,25,1235,7395
max,2,halstead_length,Function Halstead Length,a81fc79f-6ea8-409c-8690-f034ab9400d8,BinaryAnalysisPlatform__bap (sample analysis: 10 samples),Ocaml,dc631c79-3f50-44bb-a85b-e62068c697ae,2,2,function,lib/bap_disasm/bap_disasm_x86_lifter.ml,to_ir:279:11,279,1445,7132
max,3,halstead_length,Function Halstead Length,a81fc79f-6ea8-409c-8690-f034ab9400d8,BinaryAnalysisPlatform__bap (sample analysis: 10 samples),Ocaml,dc631c79-3f50-44bb-a85b-e62068c697ae,2,2,function,lib/bap_disasm/bap_disasm_x86.ml,get_opcode:420:7,420,1165,5098
max,4,halstead_length,Function Halstead Length,729d4ded-b025-47be-ae9b-ed0561b8f9e6,bcpierce00__unison (sample analysis: 10 samples),Ocaml,aba9e49e-b9ab-4ec1-bf4f-f78be3f6e32f,2,2,function,src/uigtk2.ml,createToplevelWindow:1232:9,1232,2401,4328
max,5,halstead_length,Function Halstead Length,729d4ded-b025-47be-ae9b-ed0561b8f9e6,bcpierce00__unison (sample analysis: 10 samples),Ocaml,aba9e49e-b9ab-4ec1-bf4f-f78be3f6e32f,2,2,function,src/uigtk.ml,createToplevelWindow:1023:9,1023,2090,4028
min,1,halstead_vocabulary,Function Halstead Vocabulary,e9d92337-e257-41dd-9d58-bc6f84121654,astrada__google-drive-ocamlfuse (sample analysis: 10 samples),Ocaml,ad76d0b4-5f43-4c62-bd69-964c48d7b79a,2,2,function,myocamlbuild.ml,split_nl:251:7,251,251,0
min,2,halstead_vocabulary,Function Halstead Vocabulary,e9d92337-e257-41dd-9d58-bc6f84121654,astrada__google-drive-ocamlfuse (sample analysis: 10 samples),Ocaml,ad76d0b4-5f43-4c62-bd69-964c48d7b79a,2,2,function,myocamlbuild.ml,find_syntaxes:263:7,263,263,0
min,3,halstead_vocabulary,Function Halstead Vocabulary,e9d92337-e257-41dd-9d58-bc6f84121654,astrada__google-drive-ocamlfuse (sample analysis: 10 samples),Ocaml,ad76d0b4-5f43-4c62-bd69-964c48d7b79a,2,2,function,myocamlbuild.ml,ocamlfind:266:7,266,266,0
min,4,halstead_vocabulary,Function Halstead Vocabulary,e9d92337-e257-41dd-9d58-bc6f84121654,astrada__google-drive-ocamlfuse (sample analysis: 10 samples),Ocaml,ad76d0b4-5f43-4c62-bd69-964c48d7b79a,2,2,function,setup.ml,var_ignore:2512:7,2512,2513,0
min,5,halstead_vocabulary,Function Halstead Vocabulary,e9d92337-e257-41dd-9d58-bc6f84121654,astrada__google-drive-ocamlfuse (sample analysis: 10 samples),Ocaml,ad76d0b4-5f43-4c62-bd69-964c48d7b79a,2,2,function,setup.ml,prog:2789:7,2789,2790,1
max,1,halstead_vocabulary,Function Halstead Vocabulary,e9d92337-e257-41dd-9d58-bc6f84121654,astrada__google-drive-ocamlfuse (sample analysis: 10 samples),Ocaml,ad76d0b4-5f43-4c62-bd69-964c48d7b79a,2,2,function,src/mime.ml,map_filename_to_mime_type:3:5,3,775,1767
max,2,halstead_vocabulary,Function Halstead Vocabulary,a81fc79f-6ea8-409c-8690-f034ab9400d8,BinaryAnalysisPlatform__bap (sample analysis: 10 samples),Ocaml,dc631c79-3f50-44bb-a85b-e62068c697ae,2,2,function,lib/bap_disasm/bap_disasm_x86.ml,parse_instr:25:5,25,1235,751
max,3,halstead_vocabulary,Function Halstead Vocabulary,729d4ded-b025-47be-ae9b-ed0561b8f9e6,bcpierce00__unison (sample analysis: 10 samples),Ocaml,aba9e49e-b9ab-4ec1-bf4f-f78be3f6e32f,2,2,function,src/uigtk2.ml,createToplevelWindow:1232:9,1232,2401,719
max,4,halstead_vocabulary,Function Halstead Vocabulary,a81fc79f-6ea8-409c-8690-f034ab9400d8,BinaryAnalysisPlatform__bap (sample analysis: 10 samples),Ocaml,dc631c79-3f50-44bb-a85b-e62068c697ae,2,2,function,lib/bap_disasm/bap_disasm_x86_lifter.ml,to_ir:279:11,279,1445,718
max,5,halstead_vocabulary,Function Halstead Vocabulary,729d4ded-b025-47be-ae9b-ed0561b8f9e6,bcpierce00__unison (sample analysis: 10 samples),Ocaml,aba9e49e-b9ab-4ec1-bf4f-f78be3f6e32f,2,2,function,src/uigtk.ml,createToplevelWindow:1023:9,1023,2090,668
min,1,halstead_calculated_length,Function Halstead Calculated Length,e8c37d0d-f999-4ab0-9696-770ba31bbe18,gin-gonic__gin (sample analysis: 10 samples),Golang,ebdeed0e-af53-40c3-8666-d0e61699a4f0,2,2,function,utils_test.go,somefunction:84:6,84,86,0
min,2,halstead_calculated_length,Function Halstead Calculated Length,72c58468-aa18-4e1f-a564-d247686d83a5,nektos__act (sample analysis: 10 samples),Golang,1e32e6ab-33d6-4d89-9846-7da8542e66c8,2,2,function,vendor/golang.org/x/crypto/internal/chacha20/chacha_s390x.go,mvcSrcToBuf:29:6,29,29,0
min,3,halstead_calculated_length,Function Halstead Calculated Length,72c58468-aa18-4e1f-a564-d247686d83a5,nektos__act (sample analysis: 10 samples),Golang,1e32e6ab-33d6-4d89-9846-7da8542e66c8,2,2,function,vendor/golang.org/x/crypto/internal/chacha20/chacha_s390x.go,mvcBufToDst:30:6,30,30,0
min,4,halstead_calculated_length,Function Halstead Calculated Length,72c58468-aa18-4e1f-a564-d247686d83a5,nektos__act (sample analysis: 10 samples),Golang,1e32e6ab-33d6-4d89-9846-7da8542e66c8,2,2,function,vendor/golang.org/x/sys/unix/zsyscall_darwin_386.go,libc_getgroups_trampoline:26:6,26,26,0
min,5,halstead_calculated_length,Function Halstead Calculated Length,72c58468-aa18-4e1f-a564-d247686d83a5,nektos__act (sample analysis: 10 samples),Golang,1e32e6ab-33d6-4d89-9846-7da8542e66c8,2,2,function,vendor/golang.org/x/sys/unix/zsyscall_darwin_386.go,libc_setgroups_trampoline:41:6,41,41,0
max,1,halstead_calculated_length,Function Halstead Calculated Length,e9d92337-e257-41dd-9d58-bc6f84121654,astrada__google-drive-ocamlfuse (sample analysis: 10 samples),Ocaml,ad76d0b4-5f43-4c62-bd69-964c48d7b79a,2,2,function,src/mime.ml,map_filename_to_mime_type:3:5,3,775,18979.275951355085
max,2,halstead_calculated_length,Function Halstead Calculated Length,a81fc79f-6ea8-409c-8690-f034ab9400d8,BinaryAnalysisPlatform__bap (sample analysis: 10 samples),Ocaml,dc631c79-3f50-44bb-a85b-e62068c697ae,2,2,function,lib/bap_disasm/bap_disasm_x86.ml,parse_instr:25:5,25,1235,6928.381596864289
max,3,halstead_calculated_length,Function Halstead Calculated Length,729d4ded-b025-47be-ae9b-ed0561b8f9e6,bcpierce00__unison (sample analysis: 10 samples),Ocaml,aba9e49e-b9ab-4ec1-bf4f-f78be3f6e32f,2,2,function,src/uigtk2.ml,createToplevelWindow:1232:9,1232,2401,6580.445011851409
max,4,halstead_calculated_length,Function Halstead Calculated Length,a81fc79f-6ea8-409c-8690-f034ab9400d8,BinaryAnalysisPlatform__bap (sample analysis: 10 samples),Ocaml,dc631c79-3f50-44bb-a85b-e62068c697ae,2,2,function,lib/bap_disasm/bap_disasm_x86_lifter.ml,to_ir:279:11,279,1445,6558.0497812158565
max,5,halstead_calculated_length,Function Halstead Calculated Length,729d4ded-b025-47be-ae9b-ed0561b8f9e6,bcpierce00__unison (sample analysis: 10 samples),Ocaml,aba9e49e-b9ab-4ec1-bf4f-f78be3f6e32f,2,2,function,src/uigtk.ml,createToplevelWindow:1023:9,1023,2090,6034.305975790085
min,1,halstead_volume,Function Halstead Volume,e9d92337-e257-41dd-9d58-bc6f84121654,astrada__google-drive-ocamlfuse (sample analysis: 10 samples),Ocaml,ad76d0b4-5f43-4c62-bd69-964c48d7b79a,2,2,function,myocamlbuild.ml,split_nl:251:7,251,251,0
min,2,halstead_volume,Function Halstead Volume,e9d92337-e257-41dd-9d58-bc6f84121654,astrada__google-drive-ocamlfuse (sample analysis: 10 samples),Ocaml,ad76d0b4-5f43-4c62-bd69-964c48d7b79a,2,2,function,myocamlbuild.ml,find_syntaxes:263:7,263,263,0
min,3,halstead_volume,Function Halstead Volume,e9d92337-e257-41dd-9d58-bc6f84121654,astrada__google-drive-ocamlfuse (sample analysis: 10 samples),Ocaml,ad76d0b4-5f43-4c62-bd69-964c48d7b79a,2,2,function,myocamlbuild.ml,ocamlfind:266:7,266,266,0
min,4,halstead_volume,Function Halstead Volume,e9d92337-e257-41dd-9d58-bc6f84121654,astrada__google-drive-ocamlfuse (sample analysis: 10 samples),Ocaml,ad76d0b4-5f43-4c62-bd69-964c48d7b79a,2,2,function,setup.ml,var_ignore:2512:7,2512,2513,0
min,5,halstead_volume,Function Halstead Volume,e9d92337-e257-41dd-9d58-bc6f84121654,astrada__google-drive-ocamlfuse (sample analysis: 10 samples),Ocaml,ad76d0b4-5f43-4c62-bd69-964c48d7b79a,2,2,function,setup.ml,prog:2789:7,2789,2790,0
max,1,halstead_volume,Function Halstead Volume,a81fc79f-6ea8-409c-8690-f034ab9400d8,BinaryAnalysisPlatform__bap (sample analysis: 10 samples),Ocaml,dc631c79-3f50-44bb-a85b-e62068c697ae,2,2,function,lib/bap_disasm/bap_disasm_x86.ml,parse_instr:25:5,25,1235,70641.98797611805
max,2,halstead_volume,Function Halstead Volume,a81fc79f-6ea8-409c-8690-f034ab9400d8,BinaryAnalysisPlatform__bap (sample analysis: 10 samples),Ocaml,dc631c79-3f50-44bb-a85b-e62068c697ae,2,2,function,lib/bap_disasm/bap_disasm_x86_lifter.ml,to_ir:279:11,279,1445,67667.275121226
max,3,halstead_volume,Function Halstead Volume,a81fc79f-6ea8-409c-8690-f034ab9400d8,BinaryAnalysisPlatform__bap (sample analysis: 10 samples),Ocaml,dc631c79-3f50-44bb-a85b-e62068c697ae,2,2,function,lib/bap_disasm/bap_disasm_x86.ml,get_opcode:420:7,420,1165,46912.42725388768
max,4,halstead_volume,Function Halstead Volume,729d4ded-b025-47be-ae9b-ed0561b8f9e6,bcpierce00__unison (sample analysis: 10 samples),Ocaml,aba9e49e-b9ab-4ec1-bf4f-f78be3f6e32f,2,2,function,src/uigtk2.ml,createToplevelWindow:1232:9,1232,2401,41072.06197278128
max,5,halstead_volume,Function Halstead Volume,e9d92337-e257-41dd-9d58-bc6f84121654,astrada__google-drive-ocamlfuse (sample analysis: 10 samples),Ocaml,ad76d0b4-5f43-4c62-bd69-964c48d7b79a,2,2,function,src/mime.ml,map_filename_to_mime_type:3:5,3,775,37959.756776097136
min,1,halstead_difficulty,Function Halstead Difficulty,e9d92337-e257-41dd-9d58-bc6f84121654,astrada__google-drive-ocamlfuse (sample analysis: 10 samples),Ocaml,ad76d0b4-5f43-4c62-bd69-964c48d7b79a,2,2,function,myocamlbuild.ml,split_nl:251:7,251,251,0
min,2,halstead_difficulty,Function Halstead Difficulty,e9d92337-e257-41dd-9d58-bc6f84121654,astrada__google-drive-ocamlfuse (sample analysis: 10 samples),Ocaml,ad76d0b4-5f43-4c62-bd69-964c48d7b79a,2,2,function,myocamlbuild.ml,find_syntaxes:263:7,263,263,0
min,3,halstead_difficulty,Function Halstead Difficulty,e9d92337-e257-41dd-9d58-bc6f84121654,astrada__google-drive-ocamlfuse (sample analysis: 10 samples),Ocaml,ad76d0b4-5f43-4c62-bd69-964c48d7b79a,2,2,function,myocamlbuild.ml,ocamlfind:266:7,266,266,0
min,4,halstead_difficulty,Function Halstead Difficulty,e9d92337-e257-41dd-9d58-bc6f84121654,astrada__google-drive-ocamlfuse (sample analysis: 10 samples),Ocaml,ad76d0b4-5f43-4c62-bd69-964c48d7b79a,2,2,function,myocamlbuild.ml,dispatch_default:466:7,466,471,0
min,5,halstead_difficulty,Function Halstead Difficulty,e9d92337-e257-41dd-9d58-bc6f84121654,astrada__google-drive-ocamlfuse (sample analysis: 10 samples),Ocaml,ad76d0b4-5f43-4c62-bd69-964c48d7b79a,2,2,function,setup.ml,var_ignore:2512:7,2512,2513,0
max,1,halstead_difficulty,Function Halstead Difficulty,a81fc79f-6ea8-409c-8690-f034ab9400d8,BinaryAnalysisPlatform__bap (sample analysis: 10 samples),Ocaml,dc631c79-3f50-44bb-a85b-e62068c697ae,2,2,function,lib/bap_disasm/bap_disasm_x86_lifter.ml,to_ir:279:11,279,1445,174.26865671641792
max,2,halstead_difficulty,Function Halstead Difficulty,a81fc79f-6ea8-409c-8690-f034ab9400d8,BinaryAnalysisPlatform__bap (sample analysis: 10 samples),Ocaml,dc631c79-3f50-44bb-a85b-e62068c697ae,2,2,function,lib/bap_disasm/bap_disasm_x86.ml,parse_instr:25:5,25,1235,146.34560906515583
max,3,halstead_difficulty,Function Halstead Difficulty,a81fc79f-6ea8-409c-8690-f034ab9400d8,BinaryAnalysisPlatform__bap (sample analysis: 10 samples),Ocaml,dc631c79-3f50-44bb-a85b-e62068c697ae,2,2,function,lib/bap_disasm/bap_disasm_x86.ml,get_opcode:420:7,420,1165,102.03068592057762
max,4,halstead_difficulty,Function Halstead Difficulty,72c58468-aa18-4e1f-a564-d247686d83a5,nektos__act (sample analysis: 10 samples),Golang,1e32e6ab-33d6-4d89-9846-7da8542e66c8,2,2,function,vendor/golang.org/x/crypto/ed25519/internal/edwards25519/edwards25519.go,ScMulAdd:1026:6,1026,1449,100.96363636363637
max,5,halstead_difficulty,Function Halstead Difficulty,72c58468-aa18-4e1f-a564-d247686d83a5,nektos__act (sample analysis: 10 samples),Golang,1e32e6ab-33d6-4d89-9846-7da8542e66c8,2,2,function,vendor/github.com/sergi/go-diff/diffmatchpatch/diff.go,DiffCleanupMerge:998:28,998,1122,93.88888888888889
min,1,halstead_effort,Function Halstead Effort,e9d92337-e257-41dd-9d58-bc6f84121654,astrada__google-drive-ocamlfuse (sample analysis: 10 samples),Ocaml,ad76d0b4-5f43-4c62-bd69-964c48d7b79a,2,2,function,myocamlbuild.ml,split_nl:251:7,251,251,0
min,2,halstead_effort,Function Halstead Effort,e9d92337-e257-41dd-9d58-bc6f84121654,astrada__google-drive-ocamlfuse (sample analysis: 10 samples),Ocaml,ad76d0b4-5f43-4c62-bd69-964c48d7b79a,2,2,function,myocamlbuild.ml,find_syntaxes:263:7,263,263,0
min,3,halstead_effort,Function Halstead Effort,e9d92337-e257-41dd-9d58-bc6f84121654,astrada__google-drive-ocamlfuse (sample analysis: 10 samples),Ocaml,ad76d0b4-5f43-4c62-bd69-964c48d7b79a,2,2,function,myocamlbuild.ml,ocamlfind:266:7,266,266,0
min,4,halstead_effort,Function Halstead Effort,e9d92337-e257-41dd-9d58-bc6f84121654,astrada__google-drive-ocamlfuse (sample analysis: 10 samples),Ocaml,ad76d0b4-5f43-4c62-bd69-964c48d7b79a,2,2,function,myocamlbuild.ml,dispatch_default:466:7,466,471,0
min,5,halstead_effort,Function Halstead Effort,e9d92337-e257-41dd-9d58-bc6f84121654,astrada__google-drive-ocamlfuse (sample analysis: 10 samples),Ocaml,ad76d0b4-5f43-4c62-bd69-964c48d7b79a,2,2,function,setup.ml,var_ignore:2512:7,2512,2513,0
max,1,halstead_effort,Function Halstead Effort,a81fc79f-6ea8-409c-8690-f034ab9400d8,BinaryAnalysisPlatform__bap (sample analysis: 10 samples),Ocaml,dc631c79-3f50-44bb-a85b-e62068c697ae,2,2,function,lib/bap_disasm/bap_disasm_x86_lifter.ml,to_ir:279:11,279,1445,11792285.13903634
max,2,halstead_effort,Function Halstead Effort,a81fc79f-6ea8-409c-8690-f034ab9400d8,BinaryAnalysisPlatform__bap (sample analysis: 10 samples),Ocaml,dc631c79-3f50-44bb-a85b-e62068c697ae,2,2,function,lib/bap_disasm/bap_disasm_x86.ml,parse_instr:25:5,25,1235,10338144.75593841
max,3,halstead_effort,Function Halstead Effort,a81fc79f-6ea8-409c-8690-f034ab9400d8,BinaryAnalysisPlatform__bap (sample analysis: 10 samples),Ocaml,dc631c79-3f50-44bb-a85b-e62068c697ae,2,2,function,lib/bap_disasm/bap_disasm_x86.ml,get_opcode:420:7,420,1165,4786507.13091336
max,4,halstead_effort,Function Halstead Effort,729d4ded-b025-47be-ae9b-ed0561b8f9e6,bcpierce00__unison (sample analysis: 10 samples),Ocaml,aba9e49e-b9ab-4ec1-bf4f-f78be3f6e32f,2,2,function,src/uigtk2.ml,createToplevelWindow:1232:9,1232,2401,3797946.9769341145
max,5,halstead_effort,Function Halstead Effort,729d4ded-b025-47be-ae9b-ed0561b8f9e6,bcpierce00__unison (sample analysis: 10 samples),Ocaml,aba9e49e-b9ab-4ec1-bf4f-f78be3f6e32f,2,2,function,src/uigtk.ml,createToplevelWindow:1023:9,1023,2090,3392815.673999147
min,1,halstead_time_seconds,Function Halstead Time Seconds,e9d92337-e257-41dd-9d58-bc6f84121654,astrada__google-drive-ocamlfuse (sample analysis: 10 samples),Ocaml,ad76d0b4-5f43-4c62-bd69-964c48d7b79a,2,2,function,myocamlbuild.ml,split_nl:251:7,251,251,0
min,2,halstead_time_seconds,Function Halstead Time Seconds,e9d92337-e257-41dd-9d58-bc6f84121654,astrada__google-drive-ocamlfuse (sample analysis: 10 samples),Ocaml,ad76d0b4-5f43-4c62-bd69-964c48d7b79a,2,2,function,myocamlbuild.ml,find_syntaxes:263:7,263,263,0
min,3,halstead_time_seconds,Function Halstead Time Seconds,e9d92337-e257-41dd-9d58-bc6f84121654,astrada__google-drive-ocamlfuse (sample analysis: 10 samples),Ocaml,ad76d0b4-5f43-4c62-bd69-964c48d7b79a,2,2,function,myocamlbuild.ml,ocamlfind:266:7,266,266,0
min,4,halstead_time_seconds,Function Halstead Time Seconds,e9d92337-e257-41dd-9d58-bc6f84121654,astrada__google-drive-ocamlfuse (sample analysis: 10 samples),Ocaml,ad76d0b4-5f43-4c62-bd69-964c48d7b79a,2,2,function,myocamlbuild.ml,dispatch_default:466:7,466,471,0
min,5,halstead_time_seconds,Function Halstead Time Seconds,e9d92337-e257-41dd-9d58-bc6f84121654,astrada__google-drive-ocamlfuse (sample analysis: 10 samples),Ocaml,ad76d0b4-5f43-4c62-bd69-964c48d7b79a,2,2,function,setup.ml,var_ignore:2512:7,2512,2513,0
max,1,halstead_time_seconds,Function Halstead Time Seconds,a81fc79f-6ea8-409c-8690-f034ab9400d8,BinaryAnalysisPlatform__bap (sample analysis: 10 samples),Ocaml,dc631c79-3f50-44bb-a85b-e62068c697ae,2,2,function,lib/bap_disasm/bap_disasm_x86_lifter.ml,to_ir:279:11,279,1445,655126.9521686856
max,2,halstead_time_seconds,Function Halstead Time Seconds,a81fc79f-6ea8-409c-8690-f034ab9400d8,BinaryAnalysisPlatform__bap (sample analysis: 10 samples),Ocaml,dc631c79-3f50-44bb-a85b-e62068c697ae,2,2,function,lib/bap_disasm/bap_disasm_x86.ml,parse_instr:25:5,25,1235,574341.3753299117
max,3,halstead_time_seconds,Function Halstead Time Seconds,a81fc79f-6ea8-409c-8690-f034ab9400d8,BinaryAnalysisPlatform__bap (sample analysis: 10 samples),Ocaml,dc631c79-3f50-44bb-a85b-e62068c697ae,2,2,function,lib/bap_disasm/bap_disasm_x86.ml,get_opcode:420:7,420,1165,265917.06282852
max,4,halstead_time_seconds,Function Halstead Time Seconds,729d4ded-b025-47be-ae9b-ed0561b8f9e6,bcpierce00__unison (sample analysis: 10 samples),Ocaml,aba9e49e-b9ab-4ec1-bf4f-f78be3f6e32f,2,2,function,src/uigtk2.ml,createToplevelWindow:1232:9,1232,2401,210997.05427411746
max,5,halstead_time_seconds,Function Halstead Time Seconds,729d4ded-b025-47be-ae9b-ed0561b8f9e6,bcpierce00__unison (sample analysis: 10 samples),Ocaml,aba9e49e-b9ab-4ec1-bf4f-f78be3f6e32f,2,2,function,src/uigtk.ml,createToplevelWindow:1023:9,1023,2090,188489.75966661927
min,1,halstead_bugs,Function Halstead Bugs,e9d92337-e257-41dd-9d58-bc6f84121654,astrada__google-drive-ocamlfuse (sample analysis: 10 samples),Ocaml,ad76d0b4-5f43-4c62-bd69-964c48d7b79a,2,2,function,myocamlbuild.ml,split_nl:251:7,251,251,0
min,2,halstead_bugs,Function Halstead Bugs,e9d92337-e257-41dd-9d58-bc6f84121654,astrada__google-drive-ocamlfuse (sample analysis: 10 samples),Ocaml,ad76d0b4-5f43-4c62-bd69-964c48d7b79a,2,2,function,myocamlbuild.ml,find_syntaxes:263:7,263,263,0
min,3,halstead_bugs,Function Halstead Bugs,e9d92337-e257-41dd-9d58-bc6f84121654,astrada__google-drive-ocamlfuse (sample analysis: 10 samples),Ocaml,ad76d0b4-5f43-4c62-bd69-964c48d7b79a,2,2,function,myocamlbuild.ml,ocamlfind:266:7,266,266,0
min,4,halstead_bugs,Function Halstead Bugs,e9d92337-e257-41dd-9d58-bc6f84121654,astrada__google-drive-ocamlfuse (sample analysis: 10 samples),Ocaml,ad76d0b4-5f43-4c62-bd69-964c48d7b79a,2,2,function,setup.ml,var_ignore:2512:7,2512,2513,0
min,5,halstead_bugs,Function Halstead Bugs,e9d92337-e257-41dd-9d58-bc6f84121654,astrada__google-drive-ocamlfuse (sample analysis: 10 samples),Ocaml,ad76d0b4-5f43-4c62-bd69-964c48d7b79a,2,2,function,setup.ml,prog:2789:7,2789,2790,0
max,1,halstead_bugs,Function Halstead Bugs,a81fc79f-6ea8-409c-8690-f034ab9400d8,BinaryAnalysisPlatform__bap (sample analysis: 10 samples),Ocaml,dc631c79-3f50-44bb-a85b-e62068c697ae,2,2,function,lib/bap_disasm/bap_disasm_x86.ml,parse_instr:25:5,25,1235,23.547329325372683
max,2,halstead_bugs,Function Halstead Bugs,a81fc79f-6ea8-409c-8690-f034ab9400d8,BinaryAnalysisPlatform__bap (sample analysis: 10 samples),Ocaml,dc631c79-3f50-44bb-a85b-e62068c697ae,2,2,function,lib/bap_disasm/bap_disasm_x86_lifter.ml,to_ir:279:11,279,1445,22.555758373742
max,3,halstead_bugs,Function Halstead Bugs,a81fc79f-6ea8-409c-8690-f034ab9400d8,BinaryAnalysisPlatform__bap (sample analysis: 10 samples),Ocaml,dc631c79-3f50-44bb-a85b-e62068c697ae,2,2,function,lib/bap_disasm/bap_disasm_x86.ml,get_opcode:420:7,420,1165,15.637475751295895
max,4,halstead_bugs,Function Halstead Bugs,729d4ded-b025-47be-ae9b-ed0561b8f9e6,bcpierce00__unison (sample analysis: 10 samples),Ocaml,aba9e49e-b9ab-4ec1-bf4f-f78be3f6e32f,2,2,function,src/uigtk2.ml,createToplevelWindow:1232:9,1232,2401,13.690687324260427
max,5,halstead_bugs,Function Halstead Bugs,e9d92337-e257-41dd-9d58-bc6f84121654,astrada__google-drive-ocamlfuse (sample analysis: 10 samples),Ocaml,ad76d0b4-5f43-4c62-bd69-964c48d7b79a,2,2,function,src/mime.ml,map_filename_to_mime_type:3:5,3,775,12.653252258699045
